ISO-10303-21;
HEADER;
FILE_DESCRIPTION( ( 'Unknown' ), '1' );
FILE_NAME( 'I:/User_Groups_Only/17_EMC_Product_&_Development/Article_Master/Ind_Inductors_Power/IndLQS/Master_Data/01_CAD_drawing/1_Drawing/SPH/SPH 3015H/Released_Data/SPH3015H.stp', 'Unknown', ( 'Unknown' ), ( 'Unknown' ), 'PSStep 14.0', 'Unknown', '  ' );
FILE_SCHEMA( ( 'AUTOMOTIVE_DESIGN { 1 0 10303 214 1 1 1 1 }' ) );
ENDSEC;
DATA;
#1=MECHANICAL_DESIGN_GEOMETRIC_PRESENTATION_REPRESENTATION( ' ', ( #15, #16, #17, #18, #19, #20, #21, #22, #23, #24, #25, #26, #27, #28, #29, #30, #31, #32, #33, #34, #35, #36, #37, #38, #39, #40, #41, #42, #43, #44, #45, #46, #47, #48, #49, #50, #51, #52, #53, #54, #55, #56, #57, #58, #59, #60, #61, #62, #63, #64, #65, #66, #67, #68, #69, #70, #71, #72, #73, #74, #75, #76, #77, #78, #79, #80, #81, #82, #83, #84, #85, #86, #87, #88, #89, #90, #91, #92, #93, #94 ), #14 );
#2=PRODUCT_DEFINITION_CONTEXT( '', #95, 'design' );
#3=APPLICATION_PROTOCOL_DEFINITION( 'international standard', 'automotive_design', 2001, #95 );
#4=PRODUCT_CATEGORY_RELATIONSHIP( 'NONE', 'NONE', #96, #97 );
#5=SHAPE_DEFINITION_REPRESENTATION( #98, #99 );
#6=PRODUCT_CATEGORY_RELATIONSHIP( 'NONE', 'NONE', #96, #100 );
#7=SHAPE_DEFINITION_REPRESENTATION( #101, #102 );
#8=PRODUCT_CATEGORY_RELATIONSHIP( 'NONE', 'NONE', #96, #103 );
#9=SHAPE_DEFINITION_REPRESENTATION( #104, #105 );
#10=PRODUCT_CATEGORY_RELATIONSHIP( 'NONE', 'NONE', #96, #106 );
#11=SHAPE_DEFINITION_REPRESENTATION( #107, #108 );
#12=PRODUCT_CATEGORY_RELATIONSHIP( 'NONE', 'NONE', #96, #109 );
#13=SHAPE_DEFINITION_REPRESENTATION( #110, #111 );
#14=( GEOMETRIC_REPRESENTATION_CONTEXT( 3 )GLOBAL_UNCERTAINTY_ASSIGNED_CONTEXT( ( #112 ) )GLOBAL_UNIT_ASSIGNED_CONTEXT( ( #113, #114, #115 ) )REPRESENTATION_CONTEXT( 'NONE', 'WORKSPACE' ) );
#15=STYLED_ITEM( '', ( #116 ), #117 );
#16=STYLED_ITEM( '', ( #118 ), #119 );
#17=STYLED_ITEM( '', ( #116 ), #120 );
#18=STYLED_ITEM( '', ( #118 ), #121 );
#19=STYLED_ITEM( '', ( #116 ), #122 );
#20=STYLED_ITEM( '', ( #116 ), #123 );
#21=STYLED_ITEM( '', ( #116 ), #124 );
#22=STYLED_ITEM( '', ( #116 ), #125 );
#23=STYLED_ITEM( '', ( #116 ), #126 );
#24=STYLED_ITEM( '', ( #116 ), #127 );
#25=STYLED_ITEM( '', ( #118 ), #128 );
#26=STYLED_ITEM( '', ( #116 ), #129 );
#27=STYLED_ITEM( '', ( #116 ), #130 );
#28=STYLED_ITEM( '', ( #116 ), #131 );
#29=STYLED_ITEM( '', ( #116 ), #132 );
#30=STYLED_ITEM( '', ( #116 ), #133 );
#31=STYLED_ITEM( '', ( #116 ), #134 );
#32=STYLED_ITEM( '', ( #118 ), #135 );
#33=STYLED_ITEM( '', ( #118 ), #136 );
#34=STYLED_ITEM( '', ( #118 ), #137 );
#35=STYLED_ITEM( '', ( #116 ), #138 );
#36=STYLED_ITEM( '', ( #116 ), #139 );
#37=STYLED_ITEM( '', ( #116 ), #140 );
#38=STYLED_ITEM( '', ( #116 ), #141 );
#39=STYLED_ITEM( '', ( #142 ), #143 );
#40=STYLED_ITEM( '', ( #116 ), #144 );
#41=STYLED_ITEM( '', ( #116 ), #145 );
#42=STYLED_ITEM( '', ( #116 ), #146 );
#43=STYLED_ITEM( '', ( #116 ), #147 );
#44=STYLED_ITEM( '', ( #116 ), #148 );
#45=STYLED_ITEM( '', ( #116 ), #149 );
#46=STYLED_ITEM( '', ( #116 ), #150 );
#47=STYLED_ITEM( '', ( #116 ), #151 );
#48=STYLED_ITEM( '', ( #116 ), #152 );
#49=STYLED_ITEM( '', ( #118 ), #153 );
#50=STYLED_ITEM( '', ( #118 ), #154 );
#51=STYLED_ITEM( '', ( #116 ), #155 );
#52=STYLED_ITEM( '', ( #116 ), #156 );
#53=STYLED_ITEM( '', ( #116 ), #157 );
#54=STYLED_ITEM( '', ( #116 ), #158 );
#55=STYLED_ITEM( '', ( #142 ), #159 );
#56=STYLED_ITEM( '', ( #116 ), #160 );
#57=STYLED_ITEM( '', ( #116 ), #161 );
#58=STYLED_ITEM( '', ( #116 ), #162 );
#59=STYLED_ITEM( '', ( #118 ), #163 );
#60=STYLED_ITEM( '', ( #118 ), #164 );
#61=STYLED_ITEM( '', ( #118 ), #165 );
#62=STYLED_ITEM( '', ( #116 ), #166 );
#63=STYLED_ITEM( '', ( #118 ), #167 );
#64=STYLED_ITEM( '', ( #118 ), #168 );
#65=STYLED_ITEM( '', ( #118 ), #169 );
#66=STYLED_ITEM( '', ( #118 ), #170 );
#67=STYLED_ITEM( '', ( #116 ), #171 );
#68=STYLED_ITEM( '', ( #116 ), #172 );
#69=STYLED_ITEM( '', ( #116 ), #173 );
#70=STYLED_ITEM( '', ( #118 ), #174 );
#71=STYLED_ITEM( '', ( #116 ), #175 );
#72=STYLED_ITEM( '', ( #116 ), #176 );
#73=STYLED_ITEM( '', ( #118 ), #177 );
#74=STYLED_ITEM( '', ( #116 ), #178 );
#75=STYLED_ITEM( '', ( #116 ), #179 );
#76=STYLED_ITEM( '', ( #116 ), #180 );
#77=STYLED_ITEM( '', ( #116 ), #181 );
#78=STYLED_ITEM( '', ( #142 ), #182 );
#79=STYLED_ITEM( '', ( #116 ), #183 );
#80=STYLED_ITEM( '', ( #118 ), #184 );
#81=STYLED_ITEM( '', ( #116 ), #185 );
#82=STYLED_ITEM( '', ( #118 ), #186 );
#83=STYLED_ITEM( '', ( #116 ), #187 );
#84=STYLED_ITEM( '', ( #142 ), #188 );
#85=STYLED_ITEM( '', ( #118 ), #189 );
#86=STYLED_ITEM( '', ( #116 ), #190 );
#87=STYLED_ITEM( '', ( #116 ), #191 );
#88=STYLED_ITEM( '', ( #116 ), #192 );
#89=STYLED_ITEM( '', ( #116 ), #193 );
#90=STYLED_ITEM( '', ( #142 ), #194 );
#91=STYLED_ITEM( '', ( #142 ), #195 );
#92=STYLED_ITEM( '', ( #118 ), #196 );
#93=STYLED_ITEM( '', ( #142 ), #197 );
#94=STYLED_ITEM( '', ( #116 ), #198 );
#95=APPLICATION_CONTEXT( 'core data for automotive mechanical design processes' );
#96=PRODUCT_CATEGORY( 'part', 'NONE' );
#97=PRODUCT_RELATED_PRODUCT_CATEGORY( 'detail', ' ', ( #199 ) );
#98=PRODUCT_DEFINITION_SHAPE( 'NONE', 'NONE', #200 );
#99=ADVANCED_BREP_SHAPE_REPRESENTATION( 'Assem1', ( #201, #202, #203, #204, #205, #206 ), #14 );
#100=PRODUCT_RELATED_PRODUCT_CATEGORY( 'detail', ' ', ( #207 ) );
#101=PRODUCT_DEFINITION_SHAPE( 'NONE', 'NONE', #208 );
#102=ADVANCED_BREP_SHAPE_REPRESENTATION( 'housing', ( #209 ), #14 );
#103=PRODUCT_RELATED_PRODUCT_CATEGORY( 'detail', ' ', ( #210 ) );
#104=PRODUCT_DEFINITION_SHAPE( 'NONE', 'NONE', #211 );
#105=ADVANCED_BREP_SHAPE_REPRESENTATION( 'contact', ( #212 ), #14 );
#106=PRODUCT_RELATED_PRODUCT_CATEGORY( 'detail', ' ', ( #213 ) );
#107=PRODUCT_DEFINITION_SHAPE( 'NONE', 'NONE', #214 );
#108=ADVANCED_BREP_SHAPE_REPRESENTATION( 'spule', ( #215 ), #14 );
#109=PRODUCT_RELATED_PRODUCT_CATEGORY( 'detail', ' ', ( #216 ) );
#110=PRODUCT_DEFINITION_SHAPE( 'NONE', 'NONE', #217 );
#111=ADVANCED_BREP_SHAPE_REPRESENTATION( 'Glue', ( #218 ), #14 );
#112=UNCERTAINTY_MEASURE_WITH_UNIT( LENGTH_MEASURE( 0.00100000000000000 ), #113, '', '' );
#113=( CONVERSION_BASED_UNIT( 'MILLIMETRE', #219 )LENGTH_UNIT(  )NAMED_UNIT( #220 ) );
#114=( NAMED_UNIT( #221 )PLANE_ANGLE_UNIT(  )SI_UNIT( $, .RADIAN. ) );
#115=( NAMED_UNIT( #221 )SI_UNIT( $, .STERADIAN. )SOLID_ANGLE_UNIT(  ) );
#116=PRESENTATION_STYLE_ASSIGNMENT( ( #222 ) );
#117=ADVANCED_FACE( '', ( #223 ), #224, .T. );
#118=PRESENTATION_STYLE_ASSIGNMENT( ( #225 ) );
#119=ADVANCED_FACE( '', ( #226 ), #227, .T. );
#120=ADVANCED_FACE( '', ( #228 ), #229, .T. );
#121=ADVANCED_FACE( '', ( #230 ), #231, .T. );
#122=ADVANCED_FACE( '', ( #232 ), #233, .T. );
#123=ADVANCED_FACE( '', ( #234 ), #235, .T. );
#124=ADVANCED_FACE( '', ( #236 ), #237, .T. );
#125=ADVANCED_FACE( '', ( #238 ), #239, .F. );
#126=ADVANCED_FACE( '', ( #240 ), #241, .T. );
#127=ADVANCED_FACE( '', ( #242 ), #243, .T. );
#128=ADVANCED_FACE( '', ( #244 ), #245, .T. );
#129=ADVANCED_FACE( '', ( #246 ), #247, .T. );
#130=ADVANCED_FACE( '', ( #248 ), #249, .F. );
#131=ADVANCED_FACE( '', ( #250 ), #251, .T. );
#132=ADVANCED_FACE( '', ( #252 ), #249, .F. );
#133=ADVANCED_FACE( '', ( #253 ), #254, .T. );
#134=ADVANCED_FACE( '', ( #255 ), #256, .F. );
#135=ADVANCED_FACE( '', ( #257 ), #258, .T. );
#136=ADVANCED_FACE( '', ( #259 ), #260, .T. );
#137=ADVANCED_FACE( '', ( #261 ), #262, .T. );
#138=ADVANCED_FACE( '', ( #263 ), #264, .T. );
#139=ADVANCED_FACE( '', ( #265 ), #266, .T. );
#140=ADVANCED_FACE( '', ( #267, #268 ), #254, .F. );
#141=ADVANCED_FACE( '', ( #269 ), #270, .F. );
#142=PRESENTATION_STYLE_ASSIGNMENT( ( #271 ) );
#143=ADVANCED_FACE( '', ( #272 ), #273, .T. );
#144=ADVANCED_FACE( '', ( #274 ), #275, .T. );
#145=ADVANCED_FACE( '', ( #276 ), #277, .F. );
#146=ADVANCED_FACE( '', ( #278 ), #279, .T. );
#147=ADVANCED_FACE( '', ( #280 ), #281, .T. );
#148=ADVANCED_FACE( '', ( #282 ), #283, .T. );
#149=ADVANCED_FACE( '', ( #284 ), #285, .T. );
#150=ADVANCED_FACE( '', ( #286 ), #287, .F. );
#151=ADVANCED_FACE( '', ( #288 ), #289, .T. );
#152=ADVANCED_FACE( '', ( #290 ), #291, .T. );
#153=ADVANCED_FACE( '', ( #292 ), #293, .F. );
#154=ADVANCED_FACE( '', ( #294, #295, #296 ), #297, .T. );
#155=ADVANCED_FACE( '', ( #298, #299 ), #300, .F. );
#156=ADVANCED_FACE( '', ( #301 ), #302, .T. );
#157=ADVANCED_FACE( '', ( #303 ), #304, .F. );
#158=ADVANCED_FACE( '', ( #305 ), #306, .T. );
#159=ADVANCED_FACE( '', ( #307 ), #308, .F. );
#160=ADVANCED_FACE( '', ( #309 ), #310, .T. );
#161=ADVANCED_FACE( '', ( #311 ), #312, .T. );
#162=ADVANCED_FACE( '', ( #313 ), #314, .T. );
#163=ADVANCED_FACE( '', ( #315 ), #316, .T. );
#164=ADVANCED_FACE( '', ( #317 ), #318, .F. );
#165=ADVANCED_FACE( '', ( #319, #320 ), #321, .T. );
#166=ADVANCED_FACE( '', ( #322 ), #323, .T. );
#167=ADVANCED_FACE( '', ( #324 ), #325, .T. );
#168=ADVANCED_FACE( '', ( #326, #327, #328 ), #329, .T. );
#169=ADVANCED_FACE( '', ( #330 ), #331, .T. );
#170=ADVANCED_FACE( '', ( #332 ), #333, .T. );
#171=ADVANCED_FACE( '', ( #334 ), #335, .T. );
#172=ADVANCED_FACE( '', ( #336 ), #337, .T. );
#173=ADVANCED_FACE( '', ( #338 ), #249, .F. );
#174=ADVANCED_FACE( '', ( #339 ), #340, .T. );
#175=ADVANCED_FACE( '', ( #341 ), #342, .T. );
#176=ADVANCED_FACE( '', ( #343, #344 ), #345, .T. );
#177=ADVANCED_FACE( '', ( #346 ), #347, .T. );
#178=ADVANCED_FACE( '', ( #348 ), #349, .T. );
#179=ADVANCED_FACE( '', ( #350 ), #351, .T. );
#180=ADVANCED_FACE( '', ( #352 ), #353, .F. );
#181=ADVANCED_FACE( '', ( #354 ), #355, .F. );
#182=ADVANCED_FACE( '', ( #356 ), #357, .F. );
#183=ADVANCED_FACE( '', ( #358 ), #337, .T. );
#184=ADVANCED_FACE( '', ( #359 ), #360, .T. );
#185=ADVANCED_FACE( '', ( #361 ), #362, .T. );
#186=ADVANCED_FACE( '', ( #363 ), #364, .T. );
#187=ADVANCED_FACE( '', ( #365, #366 ), #367, .T. );
#188=ADVANCED_FACE( '', ( #368 ), #369, .F. );
#189=ADVANCED_FACE( '', ( #370 ), #371, .T. );
#190=ADVANCED_FACE( '', ( #372 ), #337, .T. );
#191=ADVANCED_FACE( '', ( #373 ), #374, .F. );
#192=ADVANCED_FACE( '', ( #375 ), #376, .T. );
#193=ADVANCED_FACE( '', ( #377 ), #378, .T. );
#194=ADVANCED_FACE( '', ( #379 ), #380, .T. );
#195=ADVANCED_FACE( '', ( #381 ), #382, .F. );
#196=ADVANCED_FACE( '', ( #383 ), #384, .T. );
#197=ADVANCED_FACE( '', ( #385 ), #386, .F. );
#198=ADVANCED_FACE( '', ( #387 ), #345, .F. );
#199=PRODUCT( 'Assem1', 'Assem1', 'PART-Assem1-DESC', ( #388 ) );
#200=PRODUCT_DEFINITION( 'NONE', 'NONE', #389, #2 );
#201=MAPPED_ITEM( '', #390, #206 );
#202=MAPPED_ITEM( '', #391, #392 );
#203=MAPPED_ITEM( '', #393, #394 );
#204=MAPPED_ITEM( '', #395, #396 );
#205=MAPPED_ITEM( '', #397, #206 );
#206=AXIS2_PLACEMENT_3D( '', #398, #399, #400 );
#207=PRODUCT( 'housing', 'housing', 'PART-housing-DESC', ( #388 ) );
#208=PRODUCT_DEFINITION( 'NONE', 'NONE', #401, #2 );
#209=MANIFOLD_SOLID_BREP( 'housing', #402 );
#210=PRODUCT( 'contact', 'contact', 'PART-contact-DESC', ( #388 ) );
#211=PRODUCT_DEFINITION( 'NONE', 'NONE', #403, #2 );
#212=MANIFOLD_SOLID_BREP( 'contact', #404 );
#213=PRODUCT( 'spule', 'spule', 'PART-spule-DESC', ( #388 ) );
#214=PRODUCT_DEFINITION( 'NONE', 'NONE', #405, #2 );
#215=MANIFOLD_SOLID_BREP( 'spule', #406 );
#216=PRODUCT( 'Glue', 'Glue', 'PART-Glue-DESC', ( #388 ) );
#217=PRODUCT_DEFINITION( 'NONE', 'NONE', #407, #2 );
#218=MANIFOLD_SOLID_BREP( 'Glue', #408 );
#219=LENGTH_MEASURE_WITH_UNIT( LENGTH_MEASURE( 1.00000000000000 ), #409 );
#220=DIMENSIONAL_EXPONENTS( 1.00000000000000, 0.000000000000000, 0.000000000000000, 0.000000000000000, 0.000000000000000, 0.000000000000000, 0.000000000000000 );
#221=DIMENSIONAL_EXPONENTS( 0.000000000000000, 0.000000000000000, 0.000000000000000, 0.000000000000000, 0.000000000000000, 0.000000000000000, 0.000000000000000 );
#222=SURFACE_STYLE_USAGE( .BOTH., #410 );
#223=FACE_OUTER_BOUND( '', #411, .T. );
#224=PLANE( '', #412 );
#225=SURFACE_STYLE_USAGE( .BOTH., #413 );
#226=FACE_OUTER_BOUND( '', #414, .T. );
#227=( BOUNDED_SURFACE(  )B_SPLINE_SURFACE( 3, 3, ( ( #415, #416, #417, #418, #419, #420 ), ( #421, #422, #421, #421, #423, #421 ), ( #424, #425, #424, #424, #426, #424 ), ( #427, #428, #429, #430, #431, #432 ), ( #433, #434, #435, #436, #437, #438 ), ( #439, #440, #441, #442, #443, #444 ), ( #415, #416, #417, #418, #419, #420 ) ), .UNSPECIFIED., .T., .F., .F. )B_SPLINE_SURFACE_WITH_KNOTS( ( 4, 3, 4 ), ( 4, 2, 4 ), ( 0.000000000000000, 0.500000000000000, 1.00000000000000 ), ( 0.128921850033664, 0.179549342152785, 0.230176834271905 ), .UNSPECIFIED. )GEOMETRIC_REPRESENTATION_ITEM(  )RATIONAL_B_SPLINE_SURFACE( ( ( 1.00000000000000, 1.00000000000000, 1.00000000000000, 1.00000000000000, 1.00000000000000, 1.00000000000000 ), ( 0.333333333333334, 0.333333333333334, 0.333333333333334, 0.333333333333334, 0.333333333333334, 0.333333333333334 ), ( 0.333333333333334, 0.333333333333334, 0.333333333333334, 0.333333333333334, 0.333333333333334, 0.333333333333334 ), ( 1.00000000000000, 1.00000000000000, 1.00000000000000, 1.00000000000000, 1.00000000000000, 1.00000000000000 ), ( 0.333333333333334, 0.333333333333334, 0.333333333333334, 0.333333333333334, 0.333333333333334, 0.333333333333334 ), ( 0.333333333333334, 0.333333333333334, 0.333333333333334, 0.333333333333334, 0.333333333333334, 0.333333333333334 ), ( 1.00000000000000, 1.00000000000000, 1.00000000000000, 1.00000000000000, 1.00000000000000, 1.00000000000000 ) ) )REPRESENTATION_ITEM( '' )SURFACE(  ) );
#228=FACE_OUTER_BOUND( '', #445, .T. );
#229=PLANE( '', #446 );
#230=FACE_OUTER_BOUND( '', #447, .T. );
#231=B_SPLINE_SURFACE_WITH_KNOTS( '', 3, 3, ( ( #448, #449, #450, #451 ), ( #452, #453, #454, #455 ), ( #456, #457, #458, #459 ), ( #460, #461, #462, #463 ), ( #464, #465, #466, #467 ), ( #468, #469, #470, #471 ), ( #472, #473, #474, #475 ), ( #476, #477, #478, #479 ), ( #448, #449, #450, #451 ), ( #452, #453, #454, #455 ) ), .UNSPECIFIED., .T., .F., .F., ( 2, 2, 2, 2, 2, 2, 2 ), ( 4, 4 ), ( -0.250000000000000, 0.000000000000000, 0.250000000000000, 0.500000000000000, 0.750000000000000, 1.00000000000000, 1.25000000000000 ), ( 0.347660687308118, 1.00000000000000 ), .UNSPECIFIED. );
#232=FACE_OUTER_BOUND( '', #480, .T. );
#233=CYLINDRICAL_SURFACE( '', #481, 0.533890939751609 );
#234=FACE_OUTER_BOUND( '', #482, .T. );
#235=PLANE( '', #483 );
#236=FACE_OUTER_BOUND( '', #484, .T. );
#237=PLANE( '', #485 );
#238=FACE_OUTER_BOUND( '', #486, .T. );
#239=CYLINDRICAL_SURFACE( '', #487, 0.354048197075277 );
#240=FACE_OUTER_BOUND( '', #488, .T. );
#241=B_SPLINE_SURFACE_WITH_KNOTS( '', 3, 3, ( ( #489, #490, #491, #492 ), ( #493, #494, #495, #496 ), ( #497, #498, #499, #500 ), ( #501, #502, #503, #504 ), ( #505, #506, #507, #508 ), ( #509, #510, #511, #512 ), ( #513, #514, #515, #516 ), ( #517, #518, #519, #520 ), ( #521, #522, #523, #524 ), ( #525, #526, #527, #528 ), ( #529, #530, #531, #532 ), ( #533, #534, #535, #536 ), ( #537, #538, #539, #540 ), ( #541, #542, #543, #544 ), ( #545, #546, #547, #548 ), ( #549, #550, #551, #552 ), ( #489, #490, #491, #492 ), ( #493, #494, #495, #496 ) ), .UNSPECIFIED., .T., .F., .F., ( 2, 2, 2, 2, 2, 2, 2, 2, 2, 2, 2 ), ( 4, 4 ), ( -0.125000000000000, 0.000000000000000, 0.125000000000000, 0.250000000000000, 0.375000000000000, 0.500000000000000, 0.625000000000000, 0.750000000000000, 0.875000000000000, 1.00000000000000, 1.12500000000000 ), ( 0.000000000000000, 1.00000000000000 ), .UNSPECIFIED. );
#242=FACE_OUTER_BOUND( '', #553, .T. );
#243=B_SPLINE_SURFACE_WITH_KNOTS( '', 3, 3, ( ( #492, #554, #555, #556 ), ( #496, #557, #558, #559 ), ( #500, #560, #561, #562 ), ( #504, #563, #564, #565 ), ( #508, #566, #567, #568 ), ( #512, #569, #570, #571 ), ( #516, #572, #573, #574 ), ( #520, #575, #576, #577 ), ( #524, #578, #579, #580 ), ( #528, #581, #582, #583 ), ( #532, #584, #585, #586 ), ( #536, #587, #588, #589 ), ( #540, #590, #591, #592 ), ( #544, #593, #594, #595 ), ( #548, #596, #597, #598 ), ( #552, #599, #600, #601 ), ( #492, #554, #555, #556 ), ( #496, #557, #558, #559 ) ), .UNSPECIFIED., .T., .F., .F., ( 2, 2, 2, 2, 2, 2, 2, 2, 2, 2, 2 ), ( 4, 4 ), ( -0.125000000000000, 0.000000000000000, 0.125000000000000, 0.250000000000000, 0.375000000000000, 0.500000000000000, 0.625000000000000, 0.750000000000000, 0.875000000000000, 1.00000000000000, 1.12500000000000 ), ( 0.000000000000000, 1.00000000000000 ), .UNSPECIFIED. );
#244=FACE_OUTER_BOUND( '', #602, .T. );
#245=B_SPLINE_SURFACE_WITH_KNOTS( '', 3, 3, ( ( #603, #604, #605, #606 ), ( #607, #608, #609, #610 ), ( #611, #612, #613, #614 ), ( #615, #616, #617, #618 ), ( #619, #620, #621, #622 ), ( #623, #624, #625, #626 ), ( #627, #628, #629, #630 ), ( #631, #632, #633, #634 ), ( #603, #604, #605, #606 ), ( #607, #608, #609, #610 ) ), .UNSPECIFIED., .T., .F., .F., ( 2, 2, 2, 2, 2, 2, 2 ), ( 4, 4 ), ( -0.250000000000000, 0.000000000000000, 0.250000000000000, 0.500000000000000, 0.750000000000000, 1.00000000000000, 1.25000000000000 ), ( 0.221008119136661, 0.663024357409988 ), .UNSPECIFIED. );
#246=FACE_OUTER_BOUND( '', #635, .T. );
#247=PLANE( '', #636 );
#248=FACE_OUTER_BOUND( '', #637, .T. );
#249=PLANE( '', #638 );
#250=FACE_OUTER_BOUND( '', #639, .T. );
#251=PLANE( '', #640 );
#252=FACE_OUTER_BOUND( '', #641, .T. );
#253=FACE_OUTER_BOUND( '', #642, .T. );
#254=PLANE( '', #643 );
#255=FACE_OUTER_BOUND( '', #644, .T. );
#256=CYLINDRICAL_SURFACE( '', #645, 0.354048197075277 );
#257=FACE_OUTER_BOUND( '', #646, .T. );
#258=B_SPLINE_SURFACE_WITH_KNOTS( '', 3, 3, ( ( #647, #648, #649, #650 ), ( #651, #652, #653, #654 ), ( #655, #656, #657, #658 ), ( #659, #660, #661, #662 ), ( #663, #664, #665, #666 ), ( #667, #668, #669, #670 ), ( #671, #672, #673, #674 ), ( #675, #676, #677, #678 ), ( #647, #648, #649, #650 ), ( #651, #652, #653, #654 ) ), .UNSPECIFIED., .T., .F., .F., ( 2, 2, 2, 2, 2, 2, 2 ), ( 4, 4 ), ( -0.250000000000000, 0.000000000000000, 0.250000000000000, 0.500000000000000, 0.750000000000000, 1.00000000000000, 1.25000000000000 ), ( 0.000000000000000, 0.221008119136661 ), .UNSPECIFIED. );
#259=FACE_OUTER_BOUND( '', #679, .T. );
#260=B_SPLINE_SURFACE_WITH_KNOTS( '', 3, 3, ( ( #606, #680, #681, #682 ), ( #610, #683, #684, #685 ), ( #614, #686, #687, #688 ), ( #618, #689, #690, #691 ), ( #622, #692, #693, #694 ), ( #626, #695, #696, #697 ), ( #630, #698, #699, #700 ), ( #634, #701, #702, #703 ), ( #606, #680, #681, #682 ), ( #610, #683, #684, #685 ) ), .UNSPECIFIED., .T., .F., .F., ( 2, 2, 2, 2, 2, 2, 2 ), ( 4, 4 ), ( -0.250000000000000, 0.000000000000000, 0.250000000000000, 0.500000000000000, 0.750000000000000, 1.00000000000000, 1.25000000000000 ), ( 0.663024357409988, 1.00000000000000 ), .UNSPECIFIED. );
#261=FACE_OUTER_BOUND( '', #704, .T. );
#262=B_SPLINE_SURFACE_WITH_KNOTS( '', 3, 3, ( ( #705, #706, #707, #708 ), ( #709, #710, #711, #712 ), ( #713, #714, #715, #716 ), ( #717, #718, #719, #720 ), ( #705, #706, #707, #708 ), ( #709, #710, #711, #712 ) ), .UNSPECIFIED., .T., .F., .F., ( 2, 2, 2, 2, 2 ), ( 4, 4 ), ( -0.500000000000000, 0.000000000000000, 0.500000000000000, 1.00000000000000, 1.50000000000000 ), ( 0.128921850033664, 0.230176834271905 ), .UNSPECIFIED. );
#263=FACE_OUTER_BOUND( '', #721, .T. );
#264=PLANE( '', #722 );
#265=FACE_OUTER_BOUND( '', #723, .T. );
#266=PLANE( '', #724 );
#267=FACE_BOUND( '', #725, .T. );
#268=FACE_OUTER_BOUND( '', #726, .T. );
#269=FACE_OUTER_BOUND( '', #727, .T. );
#270=PLANE( '', #728 );
#271=SURFACE_STYLE_USAGE( .BOTH., #729 );
#272=FACE_OUTER_BOUND( '', #730, .T. );
#273=PLANE( '', #731 );
#274=FACE_OUTER_BOUND( '', #732, .T. );
#275=PLANE( '', #733 );
#276=FACE_OUTER_BOUND( '', #734, .T. );
#277=PLANE( '', #735 );
#278=FACE_OUTER_BOUND( '', #736, .T. );
#279=PLANE( '', #737 );
#280=FACE_OUTER_BOUND( '', #738, .T. );
#281=PLANE( '', #739 );
#282=FACE_OUTER_BOUND( '', #740, .T. );
#283=PLANE( '', #741 );
#284=FACE_OUTER_BOUND( '', #742, .T. );
#285=PLANE( '', #743 );
#286=FACE_OUTER_BOUND( '', #744, .T. );
#287=PLANE( '', #745 );
#288=FACE_OUTER_BOUND( '', #746, .T. );
#289=PLANE( '', #747 );
#290=FACE_OUTER_BOUND( '', #748, .T. );
#291=PLANE( '', #749 );
#292=FACE_OUTER_BOUND( '', #750, .T. );
#293=PLANE( '', #751 );
#294=FACE_BOUND( '', #752, .T. );
#295=FACE_OUTER_BOUND( '', #753, .T. );
#296=FACE_OUTER_BOUND( '', #754, .T. );
#297=TOROIDAL_SURFACE( '', #755, 0.400000000000000, 0.0500000000000000 );
#298=FACE_OUTER_BOUND( '', #756, .T. );
#299=FACE_OUTER_BOUND( '', #757, .T. );
#300=( BOUNDED_SURFACE(  )B_SPLINE_SURFACE( 3, 2, ( ( #758, #759, #760 ), ( #761, #762, #763 ), ( #764, #765, #766 ), ( #767, #768, #769 ), ( #770, #771, #772 ), ( #773, #774, #775 ), ( #776, #777, #778 ), ( #779, #780, #781 ), ( #782, #783, #784 ), ( #785, #786, #787 ), ( #788, #789, #790 ), ( #791, #792, #793 ), ( #794, #795, #796 ), ( #797, #798, #799 ), ( #800, #801, #802 ), ( #803, #804, #805 ), ( #806, #807, #808 ), ( #809, #810, #811 ), ( #812, #813, #814 ), ( #815, #816, #817 ), ( #818, #819, #820 ), ( #821, #822, #823 ), ( #824, #825, #826 ), ( #827, #828, #829 ), ( #830, #831, #832 ), ( #833, #834, #835 ), ( #836, #837, #838 ), ( #839, #840, #841 ), ( #842, #843, #844 ), ( #845, #846, #847 ), ( #848, #849, #850 ), ( #758, #759, #760 ) ), .UNSPECIFIED., .T., .F., .F. )B_SPLINE_SURFACE_WITH_KNOTS( ( 4, 2, 2, 2, 2, 2, 2, 2, 2, 2, 2, 2, 2, 2, 2, 4 ), ( 3, 3 ), ( 0.000000000000000, 0.000438204414766585, 0.000876408829533170, 0.00131461324429975, 0.00175281765906634, 0.00219102207383292, 0.00262922648859951, 0.00306743090336609, 0.00350563531813268, 0.00394383973289926, 0.00438204414766585, 0.00482024856243243, 0.00525845297719902, 0.00613486180673219, 0.00657306622149877, 0.00701127063626536 ), ( 0.000000000000000, 1.00000000000000 ), .UNSPECIFIED. )GEOMETRIC_REPRESENTATION_ITEM(  )RATIONAL_B_SPLINE_SURFACE( ( ( 1.00000000000000, 0.813796906634450, 1.00000000000000 ), ( 1.00000000000000, 0.813670598334671, 1.00000000000000 ), ( 1.00000000000000, 0.813867515642491, 1.00000000000000 ), ( 1.00000000000000, 0.814055563649867, 1.00000000000000 ), ( 1.00000000000000, 0.813921379158574, 1.00000000000000 ), ( 1.00000000000000, 0.813672251143790, 1.00000000000000 ), ( 1.00000000000000, 0.813867686675846, 1.00000000000000 ), ( 1.00000000000000, 0.814054968863831, 1.00000000000000 ), ( 1.00000000000000, 0.813922210446429, 1.00000000000000 ), ( 1.00000000000000, 0.813672485390904, 1.00000000000000 ), ( 1.00000000000000, 0.813866892596525, 1.00000000000000 ), ( 1.00000000000000, 0.814055412277748, 1.00000000000000 ), ( 1.00000000000000, 0.813923298019022, 1.00000000000000 ), ( 1.00000000000000, 0.813670754312735, 1.00000000000000 ), ( 1.00000000000000, 0.813867373116184, 1.00000000000000 ), ( 1.00000000000000, 0.814055636691827, 1.00000000000000 ), ( 1.00000000000000, 0.813921751515524, 1.00000000000000 ), ( 1.00000000000000, 0.813671143956372, 1.00000000000000 ), ( 1.00000000000000, 0.813868590822073, 1.00000000000000 ), ( 1.00000000000000, 0.814055538825398, 1.00000000000000 ), ( 1.00000000000000, 0.813921429984607, 1.00000000000000 ), ( 1.00000000000000, 0.813670311737271, 1.00000000000000 ), ( 1.00000000000000, 0.813868846463210, 1.00000000000000 ), ( 1.00000000000000, 0.814055465623943, 1.00000000000000 ), ( 1.00000000000000, 0.813920313289495, 1.00000000000000 ), ( 1.00000000000000, 0.813547923693677, 1.00000000000000 ), ( 1.00000000000000, 0.814046362779913, 1.00000000000000 ), ( 1.00000000000000, 0.813672312265937, 1.00000000000000 ), ( 1.00000000000000, 0.813867194882156, 1.00000000000000 ), ( 1.00000000000000, 0.814055439254014, 1.00000000000000 ), ( 1.00000000000000, 0.813923214934229, 1.00000000000000 ), ( 1.00000000000000, 0.813796906634450, 1.00000000000000 ) ) )REPRESENTATION_ITEM( '' )SURFACE(  ) );
#301=FACE_OUTER_BOUND( '', #851, .T. );
#302=PLANE( '', #852 );
#303=FACE_OUTER_BOUND( '', #853, .T. );
#304=PLANE( '', #854 );
#305=FACE_OUTER_BOUND( '', #855, .T. );
#306=PLANE( '', #856 );
#307=FACE_OUTER_BOUND( '', #857, .T. );
#308=PLANE( '', #858 );
#309=FACE_OUTER_BOUND( '', #859, .T. );
#310=PLANE( '', #860 );
#311=FACE_OUTER_BOUND( '', #861, .T. );
#312=PLANE( '', #862 );
#313=FACE_OUTER_BOUND( '', #863, .T. );
#314=PLANE( '', #864 );
#315=FACE_OUTER_BOUND( '', #865, .T. );
#316=B_SPLINE_SURFACE_WITH_KNOTS( '', 3, 3, ( ( #866, #867, #868, #869 ), ( #870, #871, #872, #873 ), ( #874, #875, #876, #877 ), ( #878, #879, #880, #881 ), ( #866, #867, #868, #869 ), ( #870, #871, #872, #873 ) ), .UNSPECIFIED., .T., .F., .F., ( 2, 2, 2, 2, 2 ), ( 4, 4 ), ( -0.500000000000000, 0.000000000000000, 0.500000000000000, 1.00000000000000, 1.50000000000000 ), ( 0.687849401891411, 0.748602392434355 ), .UNSPECIFIED. );
#317=FACE_OUTER_BOUND( '', #882, .T. );
#318=PLANE( '', #883 );
#319=FACE_OUTER_BOUND( '', #884, .T. );
#320=FACE_OUTER_BOUND( '', #885, .T. );
#321=TOROIDAL_SURFACE( '', #886, 0.800000000000000, 0.0500000000000000 );
#322=FACE_OUTER_BOUND( '', #887, .T. );
#323=PLANE( '', #888 );
#324=FACE_OUTER_BOUND( '', #889, .T. );
#325=B_SPLINE_SURFACE_WITH_KNOTS( '', 3, 3, ( ( #890, #891, #892, #705 ), ( #893, #894, #895, #709 ), ( #896, #897, #898, #713 ), ( #899, #900, #901, #717 ), ( #890, #891, #892, #705 ), ( #893, #894, #895, #709 ) ), .UNSPECIFIED., .T., .F., .F., ( 2, 2, 2, 2, 2 ), ( 4, 4 ), ( -0.500000000000000, 0.000000000000000, 0.500000000000000, 1.00000000000000, 1.50000000000000 ), ( 0.000000000000000, 0.128921850033664 ), .UNSPECIFIED. );
#326=FACE_BOUND( '', #902, .T. );
#327=FACE_OUTER_BOUND( '', #903, .T. );
#328=FACE_OUTER_BOUND( '', #904, .T. );
#329=( BOUNDED_SURFACE(  )B_SPLINE_SURFACE( 3, 2, ( ( #905, #906, #907, #908, #909, #910, #911, #912, #913, #914, #915, #916, #917, #918, #919, #920, #921, #922, #923, #924, #925, #926, #927, #928, #929, #930, #931, #932, #933, #934, #935, #936, #937, #938, #939, #940, #941 ), ( #942, #943, #944, #945, #946, #947, #948, #949, #950, #951, #952, #953, #954, #955, #956, #957, #958, #959, #960, #961, #962, #963, #964, #965, #966, #967, #968, #969, #970, #971, #972, #973, #974, #975, #976, #977, #978 ), ( #979, #980, #981, #982, #983, #984, #985, #986, #987, #988, #989, #990, #991, #992, #993, #994, #995, #996, #997, #998, #999, #1000, #1001, #1002, #1003, #1004, #1005, #1006, #1007, #1008, #1009, #1010, #1011, #1012, #1013, #1014, #1015 ), ( #1016, #1017, #1018, #1019, #1020, #1021, #1022, #1023, #1024, #1025, #1026, #1027, #1028, #1029, #1030, #1031, #1032, #1033, #1034, #1035, #1036, #1037, #1038, #1039, #1040, #1041, #1042, #1043, #1044, #1045, #1046, #1047, #1048, #1049, #1050, #1051, #1052 ), ( #1053, #1054, #1055, #1056, #1057, #1058, #1059, #1060, #1061, #1062, #1063, #1064, #1065, #1066, #1067, #1068, #1069, #1070, #1071, #1072, #1073, #1074, #1075, #1076, #1077, #1078, #1079, #1080, #1081, #1082, #1083, #1084, #1085, #1086, #1087, #1088, #1089 ), ( #1090, #1091, #1092, #1093, #1094, #1095, #1096, #1097, #1098, #1099, #1100, #1101, #1102, #1103, #1104, #1105, #1106, #1107, #1108, #1109, #1110, #1111, #1112, #1113, #1114, #1115, #1116, #1117, #1118, #1119, #1120, #1121, #1122, #1123, #1124, #1125, #1126 ), ( #905, #906, #907, #908, #909, #910, #911, #912, #913, #914, #915, #916, #917, #918, #919, #920, #921, #922, #923, #924, #925, #926, #927, #928, #929, #930, #931, #932, #933, #934, #935, #936, #937, #938, #939, #940, #941 ) ), .UNSPECIFIED., .T., .F., .F. )B_SPLINE_SURFACE_WITH_KNOTS( ( 4, 3, 4 ), ( 3, 2, 2, 2, 2, 2, 2, 2, 2, 2, 2, 2, 2, 2, 2, 2, 2, 2, 3 ), ( 0.000000000000000, 0.500000000000000, 1.00000000000000 ), ( 0.000000000000000, 0.0555555555555556, 0.111111111111111, 0.166666666666667, 0.222222222222222, 0.277777777777778, 0.333333333333334, 0.388888888888889, 0.444444444444444, 0.500000000000000, 0.555555555555556, 0.611111111111111, 0.666666666666667, 0.722222222222222, 0.777777777777778, 0.833333333333333, 0.888888888888889, 0.944444444444444, 1.00000000000000 ), .UNSPECIFIED. )GEOMETRIC_REPRESENTATION_ITEM(  )RATIONAL_B_SPLINE_SURFACE( ( ( 1.00000000000000, 0.866025403784439, 1.00000000000000, 0.866025403784439, 1.00000000000000, 0.866025403784439, 1.00000000000000, 0.866025403784439, 1.00000000000000, 0.866025403784439, 1.00000000000000, 0.866025403784439, 1.00000000000000, 0.866025403784439, 1.00000000000000, 0.866025403784439, 1.00000000000000, 0.866025403784439, 1.00000000000000, 0.866025403784439, 1.00000000000000, 0.866025403784439, 1.00000000000000, 0.866025403784439, 1.00000000000000, 0.866025403784439, 1.00000000000000, 0.866025403784439, 1.00000000000000, 0.866025403784439, 1.00000000000000, 0.866025403784439, 1.00000000000000, 0.866025403784439, 1.00000000000000, 0.866025403784439, 1.00000000000000 ), ( 0.333333333333334, 0.288675134594813, 0.333333333333334, 0.288675134594813, 0.333333333333334, 0.288675134594813, 0.333333333333334, 0.288675134594813, 0.333333333333334, 0.288675134594813, 0.333333333333334, 0.288675134594813, 0.333333333333334, 0.288675134594813, 0.333333333333334, 0.288675134594813, 0.333333333333334, 0.288675134594813, 0.333333333333334, 0.288675134594813, 0.333333333333334, 0.288675134594813, 0.333333333333334, 0.288675134594813, 0.333333333333334, 0.288675134594813, 0.333333333333334, 0.288675134594813, 0.333333333333334, 0.288675134594813, 0.333333333333334, 0.288675134594813, 0.333333333333334, 0.288675134594813, 0.333333333333334, 0.288675134594813, 0.333333333333334 ), ( 0.333333333333334, 0.288675134594813, 0.333333333333334, 0.288675134594813, 0.333333333333334, 0.288675134594813, 0.333333333333334, 0.288675134594813, 0.333333333333334, 0.288675134594813, 0.333333333333334, 0.288675134594813, 0.333333333333334, 0.288675134594813, 0.333333333333334, 0.288675134594813, 0.333333333333334, 0.288675134594813, 0.333333333333334, 0.288675134594813, 0.333333333333334, 0.288675134594813, 0.333333333333334, 0.288675134594813, 0.333333333333334, 0.288675134594813, 0.333333333333334, 0.288675134594813, 0.333333333333334, 0.288675134594813, 0.333333333333334, 0.288675134594813, 0.333333333333334, 0.288675134594813, 0.333333333333334, 0.288675134594813, 0.333333333333334 ), ( 1.00000000000000, 0.866025403784439, 1.00000000000000, 0.866025403784439, 1.00000000000000, 0.866025403784439, 1.00000000000000, 0.866025403784439, 1.00000000000000, 0.866025403784439, 1.00000000000000, 0.866025403784439, 1.00000000000000, 0.866025403784439, 1.00000000000000, 0.866025403784439, 1.00000000000000, 0.866025403784439, 1.00000000000000, 0.866025403784439, 1.00000000000000, 0.866025403784439, 1.00000000000000, 0.866025403784439, 1.00000000000000, 0.866025403784439, 1.00000000000000, 0.866025403784439, 1.00000000000000, 0.866025403784439, 1.00000000000000, 0.866025403784439, 1.00000000000000, 0.866025403784439, 1.00000000000000, 0.866025403784439, 1.00000000000000 ), ( 0.333333333333334, 0.288675134594813, 0.333333333333334, 0.288675134594813, 0.333333333333334, 0.288675134594813, 0.333333333333334, 0.288675134594813, 0.333333333333334, 0.288675134594813, 0.333333333333334, 0.288675134594813, 0.333333333333334, 0.288675134594813, 0.333333333333334, 0.288675134594813, 0.333333333333334, 0.288675134594813, 0.333333333333334, 0.288675134594813, 0.333333333333334, 0.288675134594813, 0.333333333333334, 0.288675134594813, 0.333333333333334, 0.288675134594813, 0.333333333333334, 0.288675134594813, 0.333333333333334, 0.288675134594813, 0.333333333333334, 0.288675134594813, 0.333333333333334, 0.288675134594813, 0.333333333333334, 0.288675134594813, 0.333333333333334 ), ( 0.333333333333334, 0.288675134594813, 0.333333333333334, 0.288675134594813, 0.333333333333334, 0.288675134594813, 0.333333333333334, 0.288675134594813, 0.333333333333334, 0.288675134594813, 0.333333333333334, 0.288675134594813, 0.333333333333334, 0.288675134594813, 0.333333333333334, 0.288675134594813, 0.333333333333334, 0.288675134594813, 0.333333333333334, 0.288675134594813, 0.333333333333334, 0.288675134594813, 0.333333333333334, 0.288675134594813, 0.333333333333334, 0.288675134594813, 0.333333333333334, 0.288675134594813, 0.333333333333334, 0.288675134594813, 0.333333333333334, 0.288675134594813, 0.333333333333334, 0.288675134594813, 0.333333333333334, 0.288675134594813, 0.333333333333334 ), ( 1.00000000000000, 0.866025403784439, 1.00000000000000, 0.866025403784439, 1.00000000000000, 0.866025403784439, 1.00000000000000, 0.866025403784439, 1.00000000000000, 0.866025403784439, 1.00000000000000, 0.866025403784439, 1.00000000000000, 0.866025403784439, 1.00000000000000, 0.866025403784439, 1.00000000000000, 0.866025403784439, 1.00000000000000, 0.866025403784439, 1.00000000000000, 0.866025403784439, 1.00000000000000, 0.866025403784439, 1.00000000000000, 0.866025403784439, 1.00000000000000, 0.866025403784439, 1.00000000000000, 0.866025403784439, 1.00000000000000, 0.866025403784439, 1.00000000000000, 0.866025403784439, 1.00000000000000, 0.866025403784439, 1.00000000000000 ) ) )REPRESENTATION_ITEM( '' )SURFACE(  ) );
#330=FACE_OUTER_BOUND( '', #1127, .T. );
#331=B_SPLINE_SURFACE_WITH_KNOTS( '', 3, 3, ( ( #869, #1128, #1129, #1130 ), ( #873, #1131, #1132, #1133 ), ( #877, #1134, #1135, #1136 ), ( #881, #1137, #1138, #1139 ), ( #869, #1128, #1129, #1130 ), ( #873, #1131, #1132, #1133 ) ), .UNSPECIFIED., .T., .F., .F., ( 2, 2, 2, 2, 2 ), ( 4, 4 ), ( -0.500000000000000, 0.000000000000000, 0.500000000000000, 1.00000000000000, 1.50000000000000 ), ( 0.748602392434355, 1.00000000000000 ), .UNSPECIFIED. );
#332=FACE_OUTER_BOUND( '', #1140, .T. );
#333=( BOUNDED_SURFACE(  )B_SPLINE_SURFACE( 3, 3, ( ( #1141, #1142, #1143, #415 ), ( #1144, #1145, #1146, #421 ), ( #1147, #1148, #1149, #424 ), ( #1150, #1151, #1152, #427 ), ( #1153, #1154, #1155, #433 ), ( #1156, #1157, #1158, #439 ), ( #1141, #1142, #1143, #415 ) ), .UNSPECIFIED., .T., .F., .F. )B_SPLINE_SURFACE_WITH_KNOTS( ( 4, 3, 4 ), ( 4, 4 ), ( 0.000000000000000, 0.500000000000000, 1.00000000000000 ), ( 0.000000000000000, 0.128921850033664 ), .UNSPECIFIED. )GEOMETRIC_REPRESENTATION_ITEM(  )RATIONAL_B_SPLINE_SURFACE( ( ( 1.00000000000000, 1.00000000000000, 1.00000000000000, 1.00000000000000 ), ( 0.333333333333334, 0.333333333333334, 0.333333333333334, 0.333333333333334 ), ( 0.333333333333334, 0.333333333333334, 0.333333333333334, 0.333333333333334 ), ( 1.00000000000000, 1.00000000000000, 1.00000000000000, 1.00000000000000 ), ( 0.333333333333334, 0.333333333333334, 0.333333333333334, 0.333333333333334 ), ( 0.333333333333334, 0.333333333333334, 0.333333333333334, 0.333333333333334 ), ( 1.00000000000000, 1.00000000000000, 1.00000000000000, 1.00000000000000 ) ) )REPRESENTATION_ITEM( '' )SURFACE(  ) );
#334=FACE_OUTER_BOUND( '', #1159, .T. );
#335=PLANE( '', #1160 );
#336=FACE_OUTER_BOUND( '', #1161, .T. );
#337=PLANE( '', #1162 );
#338=FACE_OUTER_BOUND( '', #1163, .T. );
#339=FACE_OUTER_BOUND( '', #1164, .T. );
#340=B_SPLINE_SURFACE_WITH_KNOTS( '', 3, 3, ( ( #1165, #1166, #1167, #1168 ), ( #1169, #1170, #1171, #1172 ), ( #1173, #1174, #1175, #1176 ), ( #1177, #1178, #1179, #1180 ), ( #1181, #1182, #1183, #1184 ), ( #1185, #1186, #1187, #1188 ), ( #1189, #1190, #1191, #1192 ), ( #1193, #1194, #1195, #1196 ), ( #1165, #1166, #1167, #1168 ), ( #1169, #1170, #1171, #1172 ) ), .UNSPECIFIED., .T., .F., .F., ( 2, 2, 2, 2, 2, 2, 2 ), ( 4, 4 ), ( -0.250000000000000, 0.000000000000000, 0.250000000000000, 0.500000000000000, 0.750000000000000, 1.00000000000000, 1.25000000000000 ), ( 0.000000000000000, 0.0496011014992455 ), .UNSPECIFIED. );
#341=FACE_OUTER_BOUND( '', #1197, .T. );
#342=PLANE( '', #1198 );
#343=FACE_BOUND( '', #1199, .T. );
#344=FACE_OUTER_BOUND( '', #1200, .T. );
#345=PLANE( '', #1201 );
#346=FACE_OUTER_BOUND( '', #1202, .T. );
#347=B_SPLINE_SURFACE_WITH_KNOTS( '', 3, 3, ( ( #708, #1203, #1204, #866 ), ( #712, #1205, #1206, #870 ), ( #716, #1207, #1208, #874 ), ( #720, #1209, #1210, #878 ), ( #708, #1203, #1204, #866 ), ( #712, #1205, #1206, #870 ) ), .UNSPECIFIED., .T., .F., .F., ( 2, 2, 2, 2, 2 ), ( 4, 4 ), ( -0.500000000000000, 0.000000000000000, 0.500000000000000, 1.00000000000000, 1.50000000000000 ), ( 0.230176834271905, 0.687849401891411 ), .UNSPECIFIED. );
#348=FACE_OUTER_BOUND( '', #1211, .T. );
#349=PLANE( '', #1212 );
#350=FACE_OUTER_BOUND( '', #1213, .T. );
#351=PLANE( '', #1214 );
#352=FACE_OUTER_BOUND( '', #1215, .T. );
#353=PLANE( '', #1216 );
#354=FACE_OUTER_BOUND( '', #1217, .T. );
#355=PLANE( '', #1218 );
#356=FACE_OUTER_BOUND( '', #1219, .T. );
#357=PLANE( '', #1220 );
#358=FACE_OUTER_BOUND( '', #1221, .T. );
#359=FACE_OUTER_BOUND( '', #1222, .T. );
#360=( BOUNDED_SURFACE(  )B_SPLINE_SURFACE( 3, 3, ( ( #420, #1223, #1224, #1225, #1226, #1227 ), ( #421, #1228, #1229, #1230, #1231, #1232 ), ( #424, #1233, #1234, #1235, #1236, #1237 ), ( #432, #1238, #1239, #1240, #1241, #1242 ), ( #438, #1243, #1244, #1245, #1246, #1247 ), ( #444, #1248, #1249, #1250, #1251, #1252 ), ( #420, #1223, #1224, #1225, #1226, #1227 ) ), .UNSPECIFIED., .T., .F., .F. )B_SPLINE_SURFACE_WITH_KNOTS( ( 4, 3, 4 ), ( 4, 2, 4 ), ( 0.000000000000000, 0.500000000000000, 1.00000000000000 ), ( 0.230176834271905, 0.459013118081658, 0.687849401891411 ), .UNSPECIFIED. )GEOMETRIC_REPRESENTATION_ITEM(  )RATIONAL_B_SPLINE_SURFACE( ( ( 1.00000000000000, 1.00000000000000, 1.00000000000000, 1.00000000000000, 1.00000000000000, 1.00000000000000 ), ( 0.333333333333334, 0.333333333333334, 0.333333333333334, 0.333333333333334, 0.333333333333334, 0.333333333333334 ), ( 0.333333333333334, 0.333333333333334, 0.333333333333334, 0.333333333333334, 0.333333333333334, 0.333333333333334 ), ( 1.00000000000000, 1.00000000000000, 1.00000000000000, 1.00000000000000, 1.00000000000000, 1.00000000000000 ), ( 0.333333333333334, 0.333333333333334, 0.333333333333334, 0.333333333333334, 0.333333333333334, 0.333333333333334 ), ( 0.333333333333334, 0.333333333333334, 0.333333333333334, 0.333333333333334, 0.333333333333334, 0.333333333333334 ), ( 1.00000000000000, 1.00000000000000, 1.00000000000000, 1.00000000000000, 1.00000000000000, 1.00000000000000 ) ) )REPRESENTATION_ITEM( '' )SURFACE(  ) );
#361=FACE_OUTER_BOUND( '', #1253, .T. );
#362=PLANE( '', #1254 );
#363=FACE_OUTER_BOUND( '', #1255, .T. );
#364=( BOUNDED_SURFACE(  )B_SPLINE_SURFACE( 3, 3, ( ( #1227, #1256, #1257, #1258 ), ( #1232, #1259, #1260, #1261 ), ( #1237, #1262, #1263, #1264 ), ( #1242, #1265, #1266, #1267 ), ( #1247, #1268, #1269, #1270 ), ( #1252, #1271, #1272, #1273 ), ( #1227, #1256, #1257, #1258 ) ), .UNSPECIFIED., .T., .F., .F. )B_SPLINE_SURFACE_WITH_KNOTS( ( 4, 3, 4 ), ( 4, 4 ), ( 0.000000000000000, 0.500000000000000, 1.00000000000000 ), ( 0.687849401891411, 0.748602392434355 ), .UNSPECIFIED. )GEOMETRIC_REPRESENTATION_ITEM(  )RATIONAL_B_SPLINE_SURFACE( ( ( 1.00000000000000, 1.00000000000000, 1.00000000000000, 1.00000000000000 ), ( 0.333333333333334, 0.333333333333334, 0.333333333333334, 0.333333333333334 ), ( 0.333333333333334, 0.333333333333334, 0.333333333333334, 0.333333333333334 ), ( 1.00000000000000, 1.00000000000000, 1.00000000000000, 1.00000000000000 ), ( 0.333333333333334, 0.333333333333334, 0.333333333333334, 0.333333333333334 ), ( 0.333333333333334, 0.333333333333334, 0.333333333333334, 0.333333333333334 ), ( 1.00000000000000, 1.00000000000000, 1.00000000000000, 1.00000000000000 ) ) )REPRESENTATION_ITEM( '' )SURFACE(  ) );
#365=FACE_OUTER_BOUND( '', #1274, .T. );
#366=FACE_OUTER_BOUND( '', #1275, .T. );
#367=CYLINDRICAL_SURFACE( '', #1276, 0.500000000000000 );
#368=FACE_OUTER_BOUND( '', #1277, .T. );
#369=CYLINDRICAL_SURFACE( '', #1278, 0.530000000000000 );
#370=FACE_OUTER_BOUND( '', #1279, .T. );
#371=( BOUNDED_SURFACE(  )B_SPLINE_SURFACE( 3, 3, ( ( #1258, #1280, #1281, #1282 ), ( #1261, #1283, #1284, #1285 ), ( #1264, #1286, #1287, #1288 ), ( #1267, #1289, #1290, #1291 ), ( #1270, #1292, #1293, #1294 ), ( #1273, #1295, #1296, #1297 ), ( #1258, #1280, #1281, #1282 ) ), .UNSPECIFIED., .T., .F., .F. )B_SPLINE_SURFACE_WITH_KNOTS( ( 4, 3, 4 ), ( 4, 4 ), ( 0.000000000000000, 0.500000000000000, 1.00000000000000 ), ( 0.748602392434355, 1.00000000000000 ), .UNSPECIFIED. )GEOMETRIC_REPRESENTATION_ITEM(  )RATIONAL_B_SPLINE_SURFACE( ( ( 1.00000000000000, 1.00000000000000, 1.00000000000000, 1.00000000000000 ), ( 0.333333333333334, 0.333333333333334, 0.333333333333334, 0.333333333333334 ), ( 0.333333333333334, 0.333333333333334, 0.333333333333334, 0.333333333333334 ), ( 1.00000000000000, 1.00000000000000, 1.00000000000000, 1.00000000000000 ), ( 0.333333333333334, 0.333333333333334, 0.333333333333334, 0.333333333333334 ), ( 0.333333333333334, 0.333333333333334, 0.333333333333334, 0.333333333333334 ), ( 1.00000000000000, 1.00000000000000, 1.00000000000000, 1.00000000000000 ) ) )REPRESENTATION_ITEM( '' )SURFACE(  ) );
#372=FACE_OUTER_BOUND( '', #1298, .T. );
#373=FACE_OUTER_BOUND( '', #1299, .T. );
#374=PLANE( '', #1300 );
#375=FACE_OUTER_BOUND( '', #1301, .T. );
#376=PLANE( '', #1302 );
#377=FACE_OUTER_BOUND( '', #1303, .T. );
#378=CYLINDRICAL_SURFACE( '', #1304, 0.533890939751609 );
#379=FACE_OUTER_BOUND( '', #1305, .T. );
#380=CYLINDRICAL_SURFACE( '', #1306, 0.350000000000000 );
#381=FACE_OUTER_BOUND( '', #1307, .T. );
#382=PLANE( '', #1308 );
#383=FACE_OUTER_BOUND( '', #1309, .T. );
#384=B_SPLINE_SURFACE_WITH_KNOTS( '', 3, 3, ( ( #1310, #1311, #1312, #448 ), ( #1313, #1314, #1315, #452 ), ( #1176, #1316, #1317, #456 ), ( #1180, #1318, #1319, #460 ), ( #1320, #1321, #1322, #464 ), ( #1323, #1324, #1325, #468 ), ( #1326, #1327, #1328, #1329 ), ( #1330, #1331, #1332, #1333 ), ( #1310, #1311, #1312, #448 ), ( #1313, #1314, #1315, #452 ) ), .UNSPECIFIED., .T., .F., .F., ( 2, 2, 2, 2, 2, 2, 2 ), ( 4, 4 ), ( -0.250000000000000, 0.000000000000000, 0.250000000000000, 0.500000000000000, 0.750000000000000, 1.00000000000000, 1.25000000000000 ), ( 0.0496011014992455, 0.347660687308118 ), .UNSPECIFIED. );
#385=FACE_OUTER_BOUND( '', #1334, .T. );
#386=PLANE( '', #1335 );
#387=FACE_OUTER_BOUND( '', #1336, .T. );
#388=PRODUCT_CONTEXT( '', #95, 'mechanical' );
#389=PRODUCT_DEFINITION_FORMATION_WITH_SPECIFIED_SOURCE( ' ', 'NONE', #199, .NOT_KNOWN. );
#390=REPRESENTATION_MAP( #206, #102 );
#391=REPRESENTATION_MAP( #206, #105 );
#392=AXIS2_PLACEMENT_3D( '', #1337, #1338, #1339 );
#393=REPRESENTATION_MAP( #206, #105 );
#394=AXIS2_PLACEMENT_3D( '', #1340, #1341, #1342 );
#395=REPRESENTATION_MAP( #206, #108 );
#396=AXIS2_PLACEMENT_3D( '', #398, #1343, #1344 );
#397=REPRESENTATION_MAP( #206, #111 );
#398=CARTESIAN_POINT( '', ( 0.000000000000000, 0.000000000000000, 0.000000000000000 ) );
#399=DIRECTION( '', ( 0.000000000000000, 0.000000000000000, 1.00000000000000 ) );
#400=DIRECTION( '', ( 1.00000000000000, 0.000000000000000, 0.000000000000000 ) );
#401=PRODUCT_DEFINITION_FORMATION_WITH_SPECIFIED_SOURCE( ' ', 'NONE', #207, .NOT_KNOWN. );
#402=CLOSED_SHELL( '', ( #190, #187, #123, #145, #166, #171, #129, #191, #172, #180, #134, #122, #185, #183, #156, #149, #130, #150, #140, #131, #179, #138, #132, #173, #146, #152, #139, #148, #144, #117, #160, #158, #175, #178, #147, #192, #151, #120, #124, #161, #157, #176, #162, #125, #141, #193, #181 ) );
#403=PRODUCT_DEFINITION_FORMATION_WITH_SPECIFIED_SOURCE( ' ', 'NONE', #210, .NOT_KNOWN. );
#404=CLOSED_SHELL( '', ( #159, #143, #182, #194, #197, #188, #195 ) );
#405=PRODUCT_DEFINITION_FORMATION_WITH_SPECIFIED_SOURCE( ' ', 'NONE', #213, .NOT_KNOWN. );
#406=CLOSED_SHELL( '', ( #168, #169, #164, #167, #189, #170, #119, #153, #174, #196, #154, #121, #165, #135, #128, #136, #186, #184, #137, #177, #163 ) );
#407=PRODUCT_DEFINITION_FORMATION_WITH_SPECIFIED_SOURCE( ' ', 'NONE', #216, .NOT_KNOWN. );
#408=CLOSED_SHELL( '', ( #133, #127, #198, #126, #155 ) );
#409=( LENGTH_UNIT(  )NAMED_UNIT( #220 )SI_UNIT( .MILLI., .METRE. ) );
#410=SURFACE_SIDE_STYLE( '', ( #1345 ) );
#411=EDGE_LOOP( '', ( #1346, #1347, #1348, #1349 ) );
#412=AXIS2_PLACEMENT_3D( '', #1350, #1351, #1352 );
#413=SURFACE_SIDE_STYLE( '', ( #1353 ) );
#414=EDGE_LOOP( '', ( #1354, #1355, #1356, #1357 ) );
#415=CARTESIAN_POINT( '', ( 0.925000000000000, -1.42500000000000, -0.290000000000000 ) );
#416=CARTESIAN_POINT( '', ( 0.925000000000000, -1.43808996938996, -0.290000000000000 ) );
#417=CARTESIAN_POINT( '', ( 0.925000000000000, -1.45098608525463, -0.295275407135971 ) );
#418=CARTESIAN_POINT( '', ( 0.925000000000000, -1.46972459286404, -0.314013914745380 ) );
#419=CARTESIAN_POINT( '', ( 0.925000000000000, -1.47500000000000, -0.326910030610045 ) );
#420=CARTESIAN_POINT( '', ( 0.925000000000000, -1.47500000000000, -0.340000000000000 ) );
#421=CARTESIAN_POINT( '', ( 0.924999999999997, -1.42500000000000, -0.340000000000002 ) );
#422=CARTESIAN_POINT( '', ( 0.924999999999997, -1.43481747704248, -0.340000000000002 ) );
#423=CARTESIAN_POINT( '', ( 0.924999999999997, -1.42500000000000, -0.330182522957534 ) );
#424=CARTESIAN_POINT( '', ( 1.07500000000000, -1.42500000000000, -0.340000000000002 ) );
#425=CARTESIAN_POINT( '', ( 1.07500000000000, -1.43481747704248, -0.340000000000002 ) );
#426=CARTESIAN_POINT( '', ( 1.07500000000000, -1.42500000000000, -0.330182522957534 ) );
#427=CARTESIAN_POINT( '', ( 1.07500000000000, -1.42500000000000, -0.290000000000000 ) );
#428=CARTESIAN_POINT( '', ( 1.07500000000000, -1.43808996938996, -0.290000000000000 ) );
#429=CARTESIAN_POINT( '', ( 1.07500000000000, -1.45098608525463, -0.295275407135971 ) );
#430=CARTESIAN_POINT( '', ( 1.07500000000000, -1.46972459286404, -0.314013914745380 ) );
#431=CARTESIAN_POINT( '', ( 1.07500000000000, -1.47500000000000, -0.326910030610045 ) );
#432=CARTESIAN_POINT( '', ( 1.07500000000000, -1.47500000000000, -0.340000000000000 ) );
#433=CARTESIAN_POINT( '', ( 1.07500000000000, -1.42500000000000, -0.240000000000003 ) );
#434=CARTESIAN_POINT( '', ( 1.07500000000000, -1.44136246173745, -0.240000000000003 ) );
#435=CARTESIAN_POINT( '', ( 1.07500000000000, -1.47697217050925, -0.250550814271939 ) );
#436=CARTESIAN_POINT( '', ( 1.07500000000000, -1.51444918572807, -0.288027829490756 ) );
#437=CARTESIAN_POINT( '', ( 1.07500000000000, -1.52500000000001, -0.323637538262556 ) );
#438=CARTESIAN_POINT( '', ( 1.07500000000000, -1.52500000000001, -0.340000000000002 ) );
#439=CARTESIAN_POINT( '', ( 0.924999999999997, -1.42500000000000, -0.240000000000003 ) );
#440=CARTESIAN_POINT( '', ( 0.924999999999997, -1.44136246173745, -0.240000000000003 ) );
#441=CARTESIAN_POINT( '', ( 0.924999999999997, -1.47697217050925, -0.250550814271939 ) );
#442=CARTESIAN_POINT( '', ( 0.924999999999997, -1.51444918572807, -0.288027829490756 ) );
#443=CARTESIAN_POINT( '', ( 0.924999999999997, -1.52500000000001, -0.323637538262556 ) );
#444=CARTESIAN_POINT( '', ( 0.924999999999997, -1.52500000000001, -0.340000000000002 ) );
#445=EDGE_LOOP( '', ( #1358, #1359, #1360, #1361 ) );
#446=AXIS2_PLACEMENT_3D( '', #1362, #400, #1363 );
#447=EDGE_LOOP( '', ( #1364, #1365, #1366, #1367 ) );
#448=CARTESIAN_POINT( '', ( 0.941308482817294, -1.03471894477633, -0.105423650004109 ) );
#449=CARTESIAN_POINT( '', ( 0.936324609001627, -1.09346893147794, -0.206738089460923 ) );
#450=CARTESIAN_POINT( '', ( 0.930499607325118, -1.20379873345872, -0.274030362235703 ) );
#451=CARTESIAN_POINT( '', ( 0.925000000000000, -1.32500000000000, -0.276910030610045 ) );
#452=CARTESIAN_POINT( '', ( 0.941308482817294, -0.997790120705936, -0.127952050000315 ) );
#453=CARTESIAN_POINT( '', ( 0.935271734460814, -1.06927801259085, -0.239066553238720 ) );
#454=CARTESIAN_POINT( '', ( 0.930494291210822, -1.19482171632752, -0.305966732465826 ) );
#455=CARTESIAN_POINT( '', ( 0.925000000000000, -1.32500000000000, -0.303089969389960 ) );
#456=CARTESIAN_POINT( '', ( 0.969269193465127, -0.980990103380888, -0.138200887318297 ) );
#457=CARTESIAN_POINT( '', ( 0.965824198307784, -1.05906674371217, -0.253551443448045 ) );
#458=CARTESIAN_POINT( '', ( 0.963618188090358, -1.19015728779862, -0.320515834382691 ) );
#459=CARTESIAN_POINT( '', ( 0.960730091830125, -1.32500000000000, -0.315000000000000 ) );
#460=CARTESIAN_POINT( '', ( 1.03073080653487, -0.980990103380888, -0.138200887318297 ) );
#461=CARTESIAN_POINT( '', ( 1.03417580169221, -1.05906674371217, -0.253551443448046 ) );
#462=CARTESIAN_POINT( '', ( 1.03638181190963, -1.19015728779862, -0.320515834382691 ) );
#463=CARTESIAN_POINT( '', ( 1.03926990816987, -1.32500000000000, -0.315000000000000 ) );
#464=CARTESIAN_POINT( '', ( 1.05869151718270, -0.997790120705936, -0.127952050000315 ) );
#465=CARTESIAN_POINT( '', ( 1.06472826553918, -1.06927801259085, -0.239066553238720 ) );
#466=CARTESIAN_POINT( '', ( 1.06950570878918, -1.19482171632752, -0.305966732465826 ) );
#467=CARTESIAN_POINT( '', ( 1.07500000000000, -1.32500000000000, -0.303089969389960 ) );
#468=CARTESIAN_POINT( '', ( 1.05869151718270, -1.03471894477633, -0.105423650004109 ) );
#469=CARTESIAN_POINT( '', ( 1.06367539099837, -1.09346893147794, -0.206738089460924 ) );
#470=CARTESIAN_POINT( '', ( 1.06950039267488, -1.20379873345872, -0.274030362235703 ) );
#471=CARTESIAN_POINT( '', ( 1.07500000000000, -1.32500000000000, -0.276910030610045 ) );
#472=CARTESIAN_POINT( '', ( 1.03073080653487, -1.05151896210138, -0.0951748126861265 ) );
#473=CARTESIAN_POINT( '', ( 1.03311830832033, -1.10515764235525, -0.191855515256758 ) );
#474=CARTESIAN_POINT( '', ( 1.03637580931464, -1.20735004194044, -0.259472579112295 ) );
#475=CARTESIAN_POINT( '', ( 1.03926990816987, -1.32500000000000, -0.265000000000000 ) );
#476=CARTESIAN_POINT( '', ( 0.969269193465127, -1.05151896210138, -0.0951748126861265 ) );
#477=CARTESIAN_POINT( '', ( 0.966881691679664, -1.10515764235525, -0.191855515256759 ) );
#478=CARTESIAN_POINT( '', ( 0.963624190685351, -1.20735004194044, -0.259472579112295 ) );
#479=CARTESIAN_POINT( '', ( 0.960730091830125, -1.32500000000000, -0.265000000000000 ) );
#480=EDGE_LOOP( '', ( #1368, #1369, #1370, #1371 ) );
#481=AXIS2_PLACEMENT_3D( '', #1372, #1373, #1363 );
#482=EDGE_LOOP( '', ( #1374, #1375, #1376, #1377 ) );
#483=AXIS2_PLACEMENT_3D( '', #1378, #1379, #1380 );
#484=EDGE_LOOP( '', ( #1381, #1382, #1383, #1384 ) );
#485=AXIS2_PLACEMENT_3D( '', #1385, #1386, #1387 );
#486=EDGE_LOOP( '', ( #1388, #1389, #1390, #1391 ) );
#487=AXIS2_PLACEMENT_3D( '', #1392, #1373, #1363 );
#488=EDGE_LOOP( '', ( #1393, #1394, #1395, #1396 ) );
#489=CARTESIAN_POINT( '', ( 1.25000000000000, -0.327249234748937, -0.350000000000000 ) );
#490=CARTESIAN_POINT( '', ( 1.16666666666666, -0.305432619099009, -0.233333333333339 ) );
#491=CARTESIAN_POINT( '', ( 1.08333333333335, -0.283616003449078, -0.116666666666659 ) );
#492=CARTESIAN_POINT( '', ( 1.00000000000000, -0.261799387799149, 0.000000000000000 ) );
#493=CARTESIAN_POINT( '', ( 1.25000000000000, 0.327249234748937, -0.350000000000000 ) );
#494=CARTESIAN_POINT( '', ( 1.16666666666666, 0.305432619099009, -0.233333333333339 ) );
#495=CARTESIAN_POINT( '', ( 1.08333333333335, 0.283616003449078, -0.116666666666659 ) );
#496=CARTESIAN_POINT( '', ( 1.00000000000000, 0.261799387799149, 0.000000000000000 ) );
#497=CARTESIAN_POINT( '', ( 1.11528362951227, 0.652483323454103, -0.350000000000000 ) );
#498=CARTESIAN_POINT( '', ( 1.04093138754477, 0.608984435223832, -0.233333333333342 ) );
#499=CARTESIAN_POINT( '', ( 0.966579145577287, 0.565485546993577, -0.116666666666666 ) );
#500=CARTESIAN_POINT( '', ( 0.892226903609816, 0.521986658763283, 0.000000000000000 ) );
#501=CARTESIAN_POINT( '', ( 0.652483323454103, 1.11528362951227, -0.350000000000000 ) );
#502=CARTESIAN_POINT( '', ( 0.608984435223831, 1.04093138754477, -0.233333333333340 ) );
#503=CARTESIAN_POINT( '', ( 0.565485546993557, 0.966579145577289, -0.116666666666673 ) );
#504=CARTESIAN_POINT( '', ( 0.521986658763285, 0.892226903609813, 0.000000000000000 ) );
#505=CARTESIAN_POINT( '', ( 0.327249234748936, 1.25000000000000, -0.350000000000000 ) );
#506=CARTESIAN_POINT( '', ( 0.305432619099008, 1.16666666666666, -0.233333333333338 ) );
#507=CARTESIAN_POINT( '', ( 0.283616003449082, 1.08333333333333, -0.116666666666666 ) );
#508=CARTESIAN_POINT( '', ( 0.261799387799153, 1.00000000000000, 0.000000000000000 ) );
#509=CARTESIAN_POINT( '', ( -0.327249234748937, 1.25000000000000, -0.350000000000000 ) );
#510=CARTESIAN_POINT( '', ( -0.305432619099009, 1.16666666666666, -0.233333333333339 ) );
#511=CARTESIAN_POINT( '', ( -0.283616003449076, 1.08333333333333, -0.116666666666665 ) );
#512=CARTESIAN_POINT( '', ( -0.261799387799146, 1.00000000000000, 0.000000000000000 ) );
#513=CARTESIAN_POINT( '', ( -0.652483323454103, 1.11528362951227, -0.350000000000000 ) );
#514=CARTESIAN_POINT( '', ( -0.608984435223837, 1.04093138754477, -0.233333333333338 ) );
#515=CARTESIAN_POINT( '', ( -0.565485546993579, 0.966579145577266, -0.116666666666678 ) );
#516=CARTESIAN_POINT( '', ( -0.521986658763280, 0.892226903609813, 0.000000000000000 ) );
#517=CARTESIAN_POINT( '', ( -1.11528362951227, 0.652483323454102, -0.350000000000000 ) );
#518=CARTESIAN_POINT( '', ( -1.04093138754477, 0.608984435223836, -0.233333333333339 ) );
#519=CARTESIAN_POINT( '', ( -0.966579145577263, 0.565485546993581, -0.116666666666677 ) );
#520=CARTESIAN_POINT( '', ( -0.892226903609810, 0.521986658763282, 0.000000000000000 ) );
#521=CARTESIAN_POINT( '', ( -1.25000000000000, 0.327249234748936, -0.350000000000000 ) );
#522=CARTESIAN_POINT( '', ( -1.16666666666666, 0.305432619099008, -0.233333333333339 ) );
#523=CARTESIAN_POINT( '', ( -1.08333333333330, 0.283616003449083, -0.116666666666689 ) );
#524=CARTESIAN_POINT( '', ( -1.00000000000000, 0.261799387799149, 0.000000000000000 ) );
#525=CARTESIAN_POINT( '', ( -1.25000000000000, -0.327249234748937, -0.350000000000000 ) );
#526=CARTESIAN_POINT( '', ( -1.16666666666666, -0.305432619099008, -0.233333333333339 ) );
#527=CARTESIAN_POINT( '', ( -1.08333333333330, -0.283616003449083, -0.116666666666689 ) );
#528=CARTESIAN_POINT( '', ( -1.00000000000000, -0.261799387799149, 0.000000000000000 ) );
#529=CARTESIAN_POINT( '', ( -1.11528362951227, -0.652483323454103, -0.350000000000000 ) );
#530=CARTESIAN_POINT( '', ( -1.04093138754477, -0.608984435223831, -0.233333333333340 ) );
#531=CARTESIAN_POINT( '', ( -0.966579145577263, -0.565485546993581, -0.116666666666677 ) );
#532=CARTESIAN_POINT( '', ( -0.892226903609810, -0.521986658763282, 0.000000000000000 ) );
#533=CARTESIAN_POINT( '', ( -0.652483323454103, -1.11528362951227, -0.350000000000000 ) );
#534=CARTESIAN_POINT( '', ( -0.608984435223836, -1.04093138754477, -0.233333333333337 ) );
#535=CARTESIAN_POINT( '', ( -0.565485546993552, -0.966579145577290, -0.116666666666675 ) );
#536=CARTESIAN_POINT( '', ( -0.521986658763279, -0.892226903609813, 0.000000000000000 ) );
#537=CARTESIAN_POINT( '', ( -0.327249234748937, -1.25000000000000, -0.350000000000000 ) );
#538=CARTESIAN_POINT( '', ( -0.305432619099008, -1.16666666666666, -0.233333333333339 ) );
#539=CARTESIAN_POINT( '', ( -0.283616003449076, -1.08333333333333, -0.116666666666666 ) );
#540=CARTESIAN_POINT( '', ( -0.261799387799146, -1.00000000000000, 0.000000000000000 ) );
#541=CARTESIAN_POINT( '', ( 0.327249234748937, -1.25000000000000, -0.350000000000000 ) );
#542=CARTESIAN_POINT( '', ( 0.305432619099008, -1.16666666666666, -0.233333333333338 ) );
#543=CARTESIAN_POINT( '', ( 0.283616003449083, -1.08333333333333, -0.116666666666666 ) );
#544=CARTESIAN_POINT( '', ( 0.261799387799153, -1.00000000000000, 0.000000000000000 ) );
#545=CARTESIAN_POINT( '', ( 0.652483323454103, -1.11528362951227, -0.350000000000000 ) );
#546=CARTESIAN_POINT( '', ( 0.608984435223831, -1.04093138754477, -0.233333333333340 ) );
#547=CARTESIAN_POINT( '', ( 0.565485546993562, -0.966579145577270, -0.116666666666683 ) );
#548=CARTESIAN_POINT( '', ( 0.521986658763286, -0.892226903609813, 0.000000000000000 ) );
#549=CARTESIAN_POINT( '', ( 1.11528362951227, -0.652483323454103, -0.350000000000000 ) );
#550=CARTESIAN_POINT( '', ( 1.04093138754477, -0.608984435223837, -0.233333333333340 ) );
#551=CARTESIAN_POINT( '', ( 0.966579145577287, -0.565485546993577, -0.116666666666665 ) );
#552=CARTESIAN_POINT( '', ( 0.892226903609816, -0.521986658763282, 0.000000000000000 ) );
#553=EDGE_LOOP( '', ( #1397, #1398, #1399, #1400 ) );
#554=CARTESIAN_POINT( '', ( 1.08333333333327, -0.283616003449087, 0.116666666666712 ) );
#555=CARTESIAN_POINT( '', ( 1.16666666666666, -0.305432619099006, 0.233333333333338 ) );
#556=CARTESIAN_POINT( '', ( 1.25000000000000, -0.327249234748937, 0.350000000000000 ) );
#557=CARTESIAN_POINT( '', ( 1.08333333333327, 0.283616003449087, 0.116666666666712 ) );
#558=CARTESIAN_POINT( '', ( 1.16666666666666, 0.305432619099006, 0.233333333333338 ) );
#559=CARTESIAN_POINT( '', ( 1.25000000000000, 0.327249234748937, 0.350000000000000 ) );
#560=CARTESIAN_POINT( '', ( 0.966579145577265, 0.565485546993548, 0.116666666666693 ) );
#561=CARTESIAN_POINT( '', ( 1.04093138754476, 0.608984435223840, 0.233333333333341 ) );
#562=CARTESIAN_POINT( '', ( 1.11528362951227, 0.652483323454103, 0.350000000000000 ) );
#563=CARTESIAN_POINT( '', ( 0.565485546993533, 0.966579145577269, 0.116666666666695 ) );
#564=CARTESIAN_POINT( '', ( 0.608984435223834, 1.04093138754476, 0.233333333333342 ) );
#565=CARTESIAN_POINT( '', ( 0.652483323454103, 1.11528362951227, 0.350000000000000 ) );
#566=CARTESIAN_POINT( '', ( 0.283616003449065, 1.08333333333327, 0.116666666666715 ) );
#567=CARTESIAN_POINT( '', ( 0.305432619099006, 1.16666666666666, 0.233333333333338 ) );
#568=CARTESIAN_POINT( '', ( 0.327249234748936, 1.25000000000000, 0.350000000000000 ) );
#569=CARTESIAN_POINT( '', ( -0.283616003449084, 1.08333333333326, 0.116666666666712 ) );
#570=CARTESIAN_POINT( '', ( -0.305432619099007, 1.16666666666666, 0.233333333333338 ) );
#571=CARTESIAN_POINT( '', ( -0.327249234748937, 1.25000000000000, 0.350000000000000 ) );
#572=CARTESIAN_POINT( '', ( -0.565485546993538, 0.966579145577267, 0.116666666666691 ) );
#573=CARTESIAN_POINT( '', ( -0.608984435223841, 1.04093138754476, 0.233333333333341 ) );
#574=CARTESIAN_POINT( '', ( -0.652483323454103, 1.11528362951227, 0.350000000000000 ) );
#575=CARTESIAN_POINT( '', ( -0.966579145577264, 0.565485546993547, 0.116666666666691 ) );
#576=CARTESIAN_POINT( '', ( -1.04093138754476, 0.608984435223839, 0.233333333333339 ) );
#577=CARTESIAN_POINT( '', ( -1.11528362951227, 0.652483323454102, 0.350000000000000 ) );
#578=CARTESIAN_POINT( '', ( -1.08333333333323, 0.283616003449091, 0.116666666666737 ) );
#579=CARTESIAN_POINT( '', ( -1.16666666666666, 0.305432619099006, 0.233333333333336 ) );
#580=CARTESIAN_POINT( '', ( -1.25000000000000, 0.327249234748936, 0.350000000000000 ) );
#581=CARTESIAN_POINT( '', ( -1.08333333333323, -0.283616003449092, 0.116666666666738 ) );
#582=CARTESIAN_POINT( '', ( -1.16666666666666, -0.305432619099006, 0.233333333333336 ) );
#583=CARTESIAN_POINT( '', ( -1.25000000000000, -0.327249234748937, 0.350000000000000 ) );
#584=CARTESIAN_POINT( '', ( -0.966579145577263, -0.565485546993547, 0.116666666666691 ) );
#585=CARTESIAN_POINT( '', ( -1.04093138754476, -0.608984435223840, 0.233333333333340 ) );
#586=CARTESIAN_POINT( '', ( -1.11528362951227, -0.652483323454103, 0.350000000000000 ) );
#587=CARTESIAN_POINT( '', ( -0.565485546993544, -0.966579145577266, 0.116666666666690 ) );
#588=CARTESIAN_POINT( '', ( -0.608984435223840, -1.04093138754476, 0.233333333333341 ) );
#589=CARTESIAN_POINT( '', ( -0.652483323454103, -1.11528362951227, 0.350000000000000 ) );
#590=CARTESIAN_POINT( '', ( -0.283616003449084, -1.08333333333326, 0.116666666666713 ) );
#591=CARTESIAN_POINT( '', ( -0.305432619099006, -1.16666666666666, 0.233333333333337 ) );
#592=CARTESIAN_POINT( '', ( -0.327249234748937, -1.25000000000000, 0.350000000000000 ) );
#593=CARTESIAN_POINT( '', ( 0.283616003449066, -1.08333333333327, 0.116666666666715 ) );
#594=CARTESIAN_POINT( '', ( 0.305432619099007, -1.16666666666666, 0.233333333333338 ) );
#595=CARTESIAN_POINT( '', ( 0.327249234748937, -1.25000000000000, 0.350000000000000 ) );
#596=CARTESIAN_POINT( '', ( 0.565485546993533, -0.966579145577269, 0.116666666666695 ) );
#597=CARTESIAN_POINT( '', ( 0.608984435223835, -1.04093138754476, 0.233333333333343 ) );
#598=CARTESIAN_POINT( '', ( 0.652483323454103, -1.11528362951227, 0.350000000000000 ) );
#599=CARTESIAN_POINT( '', ( 0.966579145577269, -0.565485546993547, 0.116666666666690 ) );
#600=CARTESIAN_POINT( '', ( 1.04093138754476, -0.608984435223840, 0.233333333333340 ) );
#601=CARTESIAN_POINT( '', ( 1.11528362951227, -0.652483323454103, 0.350000000000000 ) );
#602=EDGE_LOOP( '', ( #1401, #1402, #1403, #1404 ) );
#603=CARTESIAN_POINT( '', ( -0.727336314556954, -0.321545263757428, -0.313286949265487 ) );
#604=CARTESIAN_POINT( '', ( -0.863004344582784, -0.462404182877416, -0.311542821875939 ) );
#605=CARTESIAN_POINT( '', ( -0.936962256159070, -0.654689529997755, -0.309353392068247 ) );
#606=CARTESIAN_POINT( '', ( -0.933424391064741, -0.847053717304856, -0.307500970236625 ) );
#607=CARTESIAN_POINT( '', ( -0.727336314556954, -0.321545263757428, -0.266713050734519 ) );
#608=CARTESIAN_POINT( '', ( -0.863004344582784, -0.462404182877417, -0.268457178124067 ) );
#609=CARTESIAN_POINT( '', ( -0.936962256159070, -0.654689529997754, -0.270646607931758 ) );
#610=CARTESIAN_POINT( '', ( -0.933424391064741, -0.847053717304856, -0.272499029763381 ) );
#611=CARTESIAN_POINT( '', ( -0.746073342458171, -0.302873182422169, -0.245525202978419 ) );
#612=CARTESIAN_POINT( '', ( -0.887699168285044, -0.447591714553972, -0.249030461131134 ) );
#613=CARTESIAN_POINT( '', ( -0.967036153519113, -0.646191331800382, -0.252956309329051 ) );
#614=CARTESIAN_POINT( '', ( -0.965141092676783, -0.847053717304856, -0.256575608935253 ) );
#615=CARTESIAN_POINT( '', ( -0.787259990875162, -0.261829295781064, -0.245525202978419 ) );
#616=CARTESIAN_POINT( '', ( -0.942376683152406, -0.414586555343432, -0.249433386102108 ) );
#617=CARTESIAN_POINT( '', ( -1.03287893227041, -0.627842910494427, -0.252794135133052 ) );
#618=CARTESIAN_POINT( '', ( -1.03485890732320, -0.847053717304856, -0.256575608935253 ) );
#619=CARTESIAN_POINT( '', ( -0.805997018776379, -0.243157214445805, -0.266713050734519 ) );
#620=CARTESIAN_POINT( '', ( -0.967431627928441, -0.399343685385195, -0.268860279997799 ) );
#621=CARTESIAN_POINT( '', ( -1.06272776792522, -0.619668238175235, -0.270484304921840 ) );
#622=CARTESIAN_POINT( '', ( -1.06657560893524, -0.847053717304856, -0.272499029763381 ) );
#623=CARTESIAN_POINT( '', ( -0.805997018776379, -0.243157214445805, -0.313286949265487 ) );
#624=CARTESIAN_POINT( '', ( -0.967431627928442, -0.399343685385195, -0.311139720002206 ) );
#625=CARTESIAN_POINT( '', ( -1.06272776792522, -0.619668238175234, -0.309515695078166 ) );
#626=CARTESIAN_POINT( '', ( -1.06657560893524, -0.847053717304856, -0.307500970236625 ) );
#627=CARTESIAN_POINT( '', ( -0.787259990875162, -0.261829295781064, -0.334474797021586 ) );
#628=CARTESIAN_POINT( '', ( -0.942376683152405, -0.414586555343431, -0.330566613897897 ) );
#629=CARTESIAN_POINT( '', ( -1.03287893227041, -0.627842910494427, -0.327205864866953 ) );
#630=CARTESIAN_POINT( '', ( -1.03485890732320, -0.847053717304856, -0.323424391064753 ) );
#631=CARTESIAN_POINT( '', ( -0.746073342458171, -0.302873182422169, -0.334474797021586 ) );
#632=CARTESIAN_POINT( '', ( -0.887699168285044, -0.447591714553972, -0.330969538868872 ) );
#633=CARTESIAN_POINT( '', ( -0.967036153519113, -0.646191331800381, -0.327043690670955 ) );
#634=CARTESIAN_POINT( '', ( -0.965141092676783, -0.847053717304856, -0.323424391064753 ) );
#635=EDGE_LOOP( '', ( #1405, #1406, #1407, #1408, #1409 ) );
#636=AXIS2_PLACEMENT_3D( '', #1410, #400, #1363 );
#637=EDGE_LOOP( '', ( #1411, #1412, #1413, #1414 ) );
#638=AXIS2_PLACEMENT_3D( '', #1415, #1416, #1417 );
#639=EDGE_LOOP( '', ( #1418, #1419, #1420, #1421 ) );
#640=AXIS2_PLACEMENT_3D( '', #1422, #1423, #1424 );
#641=EDGE_LOOP( '', ( #1425, #1426, #1427, #1428 ) );
#642=EDGE_LOOP( '', ( #1429 ) );
#643=AXIS2_PLACEMENT_3D( '', #1430, #1363, #1431 );
#644=EDGE_LOOP( '', ( #1432, #1433, #1434, #1435 ) );
#645=AXIS2_PLACEMENT_3D( '', #1410, #1373, #1363 );
#646=EDGE_LOOP( '', ( #1436, #1437, #1438, #1439 ) );
#647=CARTESIAN_POINT( '', ( -0.600000000000007, 0.000000000000000, -0.316179938779918 ) );
#648=CARTESIAN_POINT( '', ( -0.598147651387785, -0.118556811544583, -0.315210045880874 ) );
#649=CARTESIAN_POINT( '', ( -0.644319583815694, -0.235352171996147, -0.314354199625420 ) );
#650=CARTESIAN_POINT( '', ( -0.727336314556953, -0.321545263757430, -0.313286949265487 ) );
#651=CARTESIAN_POINT( '', ( -0.600000000000007, 0.000000000000000, -0.263820061220088 ) );
#652=CARTESIAN_POINT( '', ( -0.598147651387785, -0.118556811544583, -0.264789954119117 ) );
#653=CARTESIAN_POINT( '', ( -0.644319583815694, -0.235352171996147, -0.265645800374584 ) );
#654=CARTESIAN_POINT( '', ( -0.727336314556953, -0.321545263757430, -0.266713050734519 ) );
#655=CARTESIAN_POINT( '', ( -0.623820061220092, 0.000000000000000, -0.240000000000002 ) );
#656=CARTESIAN_POINT( '', ( -0.622850900045646, -0.112198182734288, -0.241850989609757 ) );
#657=CARTESIAN_POINT( '', ( -0.667280057802382, -0.222359275931923, -0.243575058632878 ) );
#658=CARTESIAN_POINT( '', ( -0.746073342458170, -0.302873182422170, -0.245525202978419 ) );
#659=CARTESIAN_POINT( '', ( -0.676179938779922, 0.000000000000000, -0.240000000000002 ) );
#660=CARTESIAN_POINT( '', ( -0.677149390361521, -0.0984391973291648, -0.241851469755069 ) );
#661=CARTESIAN_POINT( '', ( -0.717880688243238, -0.193505300569394, -0.243777183370092 ) );
#662=CARTESIAN_POINT( '', ( -0.787259990875161, -0.261829295781065, -0.245525202978419 ) );
#663=CARTESIAN_POINT( '', ( -0.700000000000000, 0.000000000000000, -0.263820061220088 ) );
#664=CARTESIAN_POINT( '', ( -0.701853933107285, -0.0922877853743040, -0.264790763312170 ) );
#665=CARTESIAN_POINT( '', ( -0.740961866659116, -0.180236314463116, -0.265848023201070 ) );
#666=CARTESIAN_POINT( '', ( -0.805997018776377, -0.243157214445805, -0.266713050734519 ) );
#667=CARTESIAN_POINT( '', ( -0.700000000000000, 0.000000000000000, -0.316179938779918 ) );
#668=CARTESIAN_POINT( '', ( -0.701853933107285, -0.0922877853743036, -0.315209236687820 ) );
#669=CARTESIAN_POINT( '', ( -0.740961866659116, -0.180236314463116, -0.314151976798935 ) );
#670=CARTESIAN_POINT( '', ( -0.805997018776377, -0.243157214445805, -0.313286949265487 ) );
#671=CARTESIAN_POINT( '', ( -0.676179938779922, 0.000000000000000, -0.340000000000000 ) );
#672=CARTESIAN_POINT( '', ( -0.677149390361521, -0.0984391973291644, -0.338148530244929 ) );
#673=CARTESIAN_POINT( '', ( -0.717880688243239, -0.193505300569394, -0.336222816629912 ) );
#674=CARTESIAN_POINT( '', ( -0.787259990875161, -0.261829295781065, -0.334474797021586 ) );
#675=CARTESIAN_POINT( '', ( -0.623820061220092, 0.000000000000000, -0.340000000000000 ) );
#676=CARTESIAN_POINT( '', ( -0.622850900045646, -0.112198182734288, -0.338149010390239 ) );
#677=CARTESIAN_POINT( '', ( -0.667280057802382, -0.222359275931923, -0.336424941367127 ) );
#678=CARTESIAN_POINT( '', ( -0.746073342458170, -0.302873182422170, -0.334474797021586 ) );
#679=EDGE_LOOP( '', ( #1440, #1441, #1442, #1443, #1444 ) );
#680=CARTESIAN_POINT( '', ( -0.930494397436593, -1.00636613540612, -0.305966829160416 ) );
#681=CARTESIAN_POINT( '', ( -0.927808126747731, -1.16568477708333, -0.304560301116827 ) );
#682=CARTESIAN_POINT( '', ( -0.924999999999990, -1.32500000000000, -0.303089969389960 ) );
#683=CARTESIAN_POINT( '', ( -0.930494397436593, -1.00636613540612, -0.274033170839590 ) );
#684=CARTESIAN_POINT( '', ( -0.927808126747731, -1.16568477708332, -0.275439698883226 ) );
#685=CARTESIAN_POINT( '', ( -0.924999999999990, -1.32500000000000, -0.276910030610045 ) );
#686=CARTESIAN_POINT( '', ( -0.963638025634418, -1.00636766910984, -0.259446255530343 ) );
#687=CARTESIAN_POINT( '', ( -0.962200424948632, -1.16568462629058, -0.262191870594367 ) );
#688=CARTESIAN_POINT( '', ( -0.960730091830118, -1.32500000000000, -0.265000000000000 ) );
#689=CARTESIAN_POINT( '', ( -1.03629790163213, -1.00637042334736, -0.259323885623424 ) );
#690=CARTESIAN_POINT( '', ( -1.03779957500984, -1.16568462179693, -0.262191870515161 ) );
#691=CARTESIAN_POINT( '', ( -1.03926990816986, -1.32500000000000, -0.265000000000000 ) );
#692=CARTESIAN_POINT( '', ( -1.06927160008100, -1.00637143256705, -0.273910647426324 ) );
#693=CARTESIAN_POINT( '', ( -1.07219187269912, -1.16568474570032, -0.275439698593590 ) );
#694=CARTESIAN_POINT( '', ( -1.07500000000000, -1.32500000000000, -0.276910030610045 ) );
#695=CARTESIAN_POINT( '', ( -1.06927160008100, -1.00637143256705, -0.306089352573681 ) );
#696=CARTESIAN_POINT( '', ( -1.07219187269912, -1.16568474570032, -0.304560301406463 ) );
#697=CARTESIAN_POINT( '', ( -1.07500000000000, -1.32500000000000, -0.303089969389960 ) );
#698=CARTESIAN_POINT( '', ( -1.03629790163213, -1.00637042334736, -0.320676114376581 ) );
#699=CARTESIAN_POINT( '', ( -1.03779957500984, -1.16568462179693, -0.317808129484844 ) );
#700=CARTESIAN_POINT( '', ( -1.03926990816986, -1.32500000000000, -0.315000000000000 ) );
#701=CARTESIAN_POINT( '', ( -0.963638025634418, -1.00636766910984, -0.320553744469663 ) );
#702=CARTESIAN_POINT( '', ( -0.962200424948632, -1.16568462629058, -0.317808129405638 ) );
#703=CARTESIAN_POINT( '', ( -0.960730091830118, -1.32500000000000, -0.315000000000000 ) );
#704=EDGE_LOOP( '', ( #1445, #1446, #1447, #1448 ) );
#705=CARTESIAN_POINT( '', ( -1.07500000000000, -1.42500000000000, -0.264121350976880 ) );
#706=CARTESIAN_POINT( '', ( -1.07500000000000, -1.46613646704799, -0.264219810852708 ) );
#707=CARTESIAN_POINT( '', ( -1.07500000000000, -1.50074038107334, -0.298980647947223 ) );
#708=CARTESIAN_POINT( '', ( -1.07500000000000, -1.50064201660150, -0.340000000000000 ) );
#709=CARTESIAN_POINT( '', ( -1.07500000000000, -1.42500000000000, -0.315878649023126 ) );
#710=CARTESIAN_POINT( '', ( -1.07500000000000, -1.43805014462298, -0.315825602568255 ) );
#711=CARTESIAN_POINT( '', ( -1.07500000000000, -1.44930435142045, -0.326763686302430 ) );
#712=CARTESIAN_POINT( '', ( -1.07500000000000, -1.44935798339852, -0.340000000000000 ) );
#713=CARTESIAN_POINT( '', ( -0.924999999999990, -1.42500000000000, -0.315878649023126 ) );
#714=CARTESIAN_POINT( '', ( -0.924999999999990, -1.43805014462298, -0.315825602568255 ) );
#715=CARTESIAN_POINT( '', ( -0.924999999999990, -1.44930435142045, -0.326763686302431 ) );
#716=CARTESIAN_POINT( '', ( -0.924999999999990, -1.44935798339852, -0.340000000000000 ) );
#717=CARTESIAN_POINT( '', ( -0.924999999999990, -1.42500000000000, -0.264121350976880 ) );
#718=CARTESIAN_POINT( '', ( -0.924999999999990, -1.46613646704799, -0.264219810852708 ) );
#719=CARTESIAN_POINT( '', ( -0.924999999999990, -1.50074038107334, -0.298980647947223 ) );
#720=CARTESIAN_POINT( '', ( -0.924999999999990, -1.50064201660150, -0.340000000000000 ) );
#721=EDGE_LOOP( '', ( #1449, #1450, #1451, #1452 ) );
#722=AXIS2_PLACEMENT_3D( '', #1453, #1363, #1431 );
#723=EDGE_LOOP( '', ( #1454, #1455, #1456, #1457 ) );
#724=AXIS2_PLACEMENT_3D( '', #1458, #1459, #1460 );
#725=EDGE_LOOP( '', ( #1461 ) );
#726=EDGE_LOOP( '', ( #1462, #1463, #1464, #1465, #1466, #1467, #1468, #1469, #1470, #1471, #1472, #1473 ) );
#727=EDGE_LOOP( '', ( #1474, #1475, #1476, #1477 ) );
#728=AXIS2_PLACEMENT_3D( '', #1478, #1479, #1480 );
#729=SURFACE_SIDE_STYLE( '', ( #1481 ) );
#730=EDGE_LOOP( '', ( #1482, #1483, #1484, #1485, #1486 ) );
#731=AXIS2_PLACEMENT_3D( '', #1487, #1488, #1363 );
#732=EDGE_LOOP( '', ( #1489, #1490, #1491, #1492 ) );
#733=AXIS2_PLACEMENT_3D( '', #1350, #1488, #1363 );
#734=EDGE_LOOP( '', ( #1493, #1494, #1495, #1496, #1497, #1498, #1499, #1500, #1501 ) );
#735=AXIS2_PLACEMENT_3D( '', #1502, #400, #1363 );
#736=EDGE_LOOP( '', ( #1503, #1504, #1505, #1506 ) );
#737=AXIS2_PLACEMENT_3D( '', #1507, #1363, #1431 );
#738=EDGE_LOOP( '', ( #1508, #1509, #1510, #1511 ) );
#739=AXIS2_PLACEMENT_3D( '', #1512, #1513, #1514 );
#740=EDGE_LOOP( '', ( #1515, #1516, #1517, #1518 ) );
#741=AXIS2_PLACEMENT_3D( '', #1519, #1520, #1521 );
#742=EDGE_LOOP( '', ( #1522, #1523, #1524, #1525 ) );
#743=AXIS2_PLACEMENT_3D( '', #1526, #1527, #1528 );
#744=EDGE_LOOP( '', ( #1529, #1530, #1531, #1532, #1533, #1534, #1535, #1536 ) );
#745=AXIS2_PLACEMENT_3D( '', #1537, #1417, #1479 );
#746=EDGE_LOOP( '', ( #1538, #1539, #1540, #1541 ) );
#747=AXIS2_PLACEMENT_3D( '', #1542, #1543, #1544 );
#748=EDGE_LOOP( '', ( #1545, #1546, #1547, #1548 ) );
#749=AXIS2_PLACEMENT_3D( '', #1549, #1550, #1551 );
#750=EDGE_LOOP( '', ( #1552 ) );
#751=AXIS2_PLACEMENT_3D( '', #1553, #1488, #1363 );
#752=EDGE_LOOP( '', ( #1554 ) );
#753=EDGE_LOOP( '', ( #1555 ) );
#754=EDGE_LOOP( '', ( #1556 ) );
#755=AXIS2_PLACEMENT_3D( '', #1557, #1363, #1431 );
#756=EDGE_LOOP( '', ( #1558 ) );
#757=EDGE_LOOP( '', ( #1559 ) );
#758=CARTESIAN_POINT( '', ( 1.03487965774021, 0.115242311217893, -0.0581149373872170 ) );
#759=CARTESIAN_POINT( '', ( 0.993649525251867, 0.110507680405844, 1.04964322823753E-014 ) );
#760=CARTESIAN_POINT( '', ( 1.03487965774019, 0.115242311217893, 0.0581149373872489 ) );
#761=CARTESIAN_POINT( '', ( 1.05056895203701, -0.0212726306560973, -0.0581326124557679 ) );
#762=CARTESIAN_POINT( '', ( 1.00867567952664, -0.0205105558306655, -3.57921350657994E-015 ) );
#763=CARTESIAN_POINT( '', ( 1.05056895203698, -0.0212726306561087, 0.0581326124557768 ) );
#764=CARTESIAN_POINT( '', ( 1.03805812426474, -0.157604573124837, -0.0581050472422148 ) );
#765=CARTESIAN_POINT( '', ( 0.996743263340031, -0.151097139023111, -4.49796037080249E-015 ) );
#766=CARTESIAN_POINT( '', ( 1.03805812426472, -0.157604573124787, 0.0581050472422191 ) );
#767=CARTESIAN_POINT( '', ( 0.961393747800145, -0.420207972369017, -0.0580787058348262 ) );
#768=CARTESIAN_POINT( '', ( 0.923118597059187, -0.403454219156088, 2.14491745840908E-014 ) );
#769=CARTESIAN_POINT( '', ( 0.961393747800139, -0.420207972369066, 0.0580787058348741 ) );
#770=CARTESIAN_POINT( '', ( 0.897496421415726, -0.544188998173504, -0.0580975073644670 ) );
#771=CARTESIAN_POINT( '', ( 0.861599505372157, -0.522707940775043, -8.92429630623269E-015 ) );
#772=CARTESIAN_POINT( '', ( 0.897496421415737, -0.544188998173457, 0.0580975073644647 ) );
#773=CARTESIAN_POINT( '', ( 0.728897874588309, -0.756530533771405, -0.0581323930312080 ) );
#774=CARTESIAN_POINT( '', ( 0.699770999386467, -0.726424005908410, 1.78459567702225E-014 ) );
#775=CARTESIAN_POINT( '', ( 0.728897874588285, -0.756530533771446, 0.0581323930312378 ) );
#776=CARTESIAN_POINT( '', ( 0.622075571256646, -0.845689744211012, -0.0581050259552470 ) );
#777=CARTESIAN_POINT( '', ( 0.597482210011729, -0.811865554261368, -2.04672773203371E-014 ) );
#778=CARTESIAN_POINT( '', ( 0.622075571256690, -0.845689744210959, 0.0581050259552282 ) );
#779=CARTESIAN_POINT( '', ( 0.383715192540315, -0.976415372622323, -0.0580787864964154 ) );
#780=CARTESIAN_POINT( '', ( 0.368456636016729, -0.937524398724680, 3.01108579614265E-014 ) );
#781=CARTESIAN_POINT( '', ( 0.383715192540270, -0.976415372622362, 0.0580787864964635 ) );
#782=CARTESIAN_POINT( '', ( 0.250416741468413, -1.01928049790851, -0.0580973938540367 ) );
#783=CARTESIAN_POINT( '', ( 0.240200113336460, -0.978714137712205, 5.56709750624864E-015 ) );
#784=CARTESIAN_POINT( '', ( 0.250416741468413, -1.01928049790849, 0.0580973938540566 ) );
#785=CARTESIAN_POINT( '', ( -0.0189791441512756, -1.05036906896049, -0.0581323573322020 ) );
#786=CARTESIAN_POINT( '', ( -0.0183099519007583, -1.00848438631880, 1.44920120519265E-014 ) );
#787=CARTESIAN_POINT( '', ( -0.0189791441512749, -1.05036906896048, 0.0581323573322412 ) );
#788=CARTESIAN_POINT( '', ( -0.157240384664690, -1.03808896048734, -0.0581051399062875 ) );
#789=CARTESIAN_POINT( '', ( -0.150747473638643, -0.996772647759916, 4.34768961228740E-014 ) );
#790=CARTESIAN_POINT( '', ( -0.157240384664644, -1.03808896048737, 0.0581051399063514 ) );
#791=CARTESIAN_POINT( '', ( -0.419492794108300, -0.961677711597924, -0.0580787216792306 ) );
#792=CARTESIAN_POINT( '', ( -0.402766600164506, -0.923391523182259, -2.72734330103992E-014 ) );
#793=CARTESIAN_POINT( '', ( -0.419492794108345, -0.961677711597874, 0.0580787216792142 ) );
#794=CARTESIAN_POINT( '', ( -0.542629247852857, -0.898695600875030, -0.0580972445711309 ) );
#795=CARTESIAN_POINT( '', ( -0.521211722176890, -0.862750449268195, 3.29598584214609E-014 ) );
#796=CARTESIAN_POINT( '', ( -0.542629247852868, -0.898695600875041, 0.0580972445711748 ) );
#797=CARTESIAN_POINT( '', ( -0.757730702424411, -0.727984136314036, -0.0581325967267926 ) );
#798=CARTESIAN_POINT( '', ( -0.727576087335564, -0.698893380867192, -2.62876556039648E-014 ) );
#799=CARTESIAN_POINT( '', ( -0.757730702424396, -0.727984136314014, 0.0581325967267696 ) );
#800=CARTESIAN_POINT( '', ( -0.845379563497582, -0.622710076258744, -0.0581050670472220 ) );
#801=CARTESIAN_POINT( '', ( -0.811567253859757, -0.598092198354020, 4.35568773773233E-014 ) );
#802=CARTESIAN_POINT( '', ( -0.845379563497625, -0.622710076258741, 0.0581050670472894 ) );
#803=CARTESIAN_POINT( '', ( -0.976973008119607, -0.382629357711109, -0.0580786957657163 ) );
#804=CARTESIAN_POINT( '', ( -0.938060390691698, -0.367413322025421, -3.43457022787612E-014 ) );
#805=CARTESIAN_POINT( '', ( -0.976973008119550, -0.382629357711110, 0.0580786957656761 ) );
#806=CARTESIAN_POINT( '', ( -1.01940809543697, -0.250444358775405, -0.0580974568110591 ) );
#807=CARTESIAN_POINT( '', ( -0.978836629229490, -0.240224966296834, 1.23631852924073E-014 ) );
#808=CARTESIAN_POINT( '', ( -1.01940809543696, -0.250444358775405, 0.0580974568110769 ) );
#809=CARTESIAN_POINT( '', ( -1.05046509040156, 0.0209526712127899, -0.0581325464845073 ) );
#810=CARTESIAN_POINT( '', ( -1.00857604039781, 0.0202025088893603, 7.36852519728415E-015 ) );
#811=CARTESIAN_POINT( '', ( -1.05046509040155, 0.0209526712127870, 0.0581325464845474 ) );
#812=CARTESIAN_POINT( '', ( -1.03792357791535, 0.158416493498574, -0.0581049023096945 ) );
#813=CARTESIAN_POINT( '', ( -0.996614359277724, 0.151877033019624, 2.91001453714619E-015 ) );
#814=CARTESIAN_POINT( '', ( -1.03792357791532, 0.158416493498577, 0.0581049023096958 ) );
#815=CARTESIAN_POINT( '', ( -0.961098376273436, 0.420866704735623, -0.0580787035953989 ) );
#816=CARTESIAN_POINT( '', ( -0.922834595542337, 0.404087785445132, 1.18883140648262E-014 ) );
#817=CARTESIAN_POINT( '', ( -0.961098376273447, 0.420866704735621, 0.0580787035954419 ) );
#818=CARTESIAN_POINT( '', ( -0.897978626112052, 0.543802360392173, -0.0580974974741536 ) );
#819=CARTESIAN_POINT( '', ( -0.862061012303272, 0.522338425153845, 9.27237321608957E-015 ) );
#820=CARTESIAN_POINT( '', ( -0.897978626112053, 0.543802360392166, 0.0580974974741678 ) );
#821=CARTESIAN_POINT( '', ( -0.727134212209001, 0.758529441706329, -0.0581326673832750 ) );
#822=CARTESIAN_POINT( '', ( -0.698078969318043, 0.728340893521136, -2.76901802610578E-015 ) );
#823=CARTESIAN_POINT( '', ( -0.727134212208991, 0.758529441706331, 0.0581326673832815 ) );
#824=CARTESIAN_POINT( '', ( -0.621700801998487, 0.846071694610759, -0.0581048609922781 ) );
#825=CARTESIAN_POINT( '', ( -0.597122933166404, 0.812232459161795, 2.76312547075318E-015 ) );
#826=CARTESIAN_POINT( '', ( -0.621700801998495, 0.846071694610748, 0.0581048609922884 ) );
#827=CARTESIAN_POINT( '', ( -0.381971861746594, 0.977193500305235, -0.0580787193500077 ) );
#828=CARTESIAN_POINT( '', ( -0.366780813667912, 0.938272618154987, 6.75029151898858E-015 ) );
#829=CARTESIAN_POINT( '', ( -0.381971861746583, 0.977193500305233, 0.0580787193500260 ) );
#830=CARTESIAN_POINT( '', ( -0.249042166806016, 1.01960682907807, -0.0580976568547665 ) );
#831=CARTESIAN_POINT( '', ( -0.238879381005435, 0.979026972106699, 1.17185719491269E-014 ) );
#832=CARTESIAN_POINT( '', ( -0.249042166806013, 1.01960682907806, 0.0580976568548014 ) );
#833=CARTESIAN_POINT( '', ( 0.154706003128286, 1.06569431992203, -0.0581498022701245 ) );
#834=CARTESIAN_POINT( '', ( 0.148607607008715, 1.02316568966126, 5.77351476510382E-015 ) );
#835=CARTESIAN_POINT( '', ( 0.154706003128278, 1.06569431992200, 0.0581498022701411 ) );
#836=CARTESIAN_POINT( '', ( 0.437788691345611, 0.981911602890645, -0.0580800119764606 ) );
#837=CARTESIAN_POINT( '', ( 0.420676115491070, 0.942588231385153, -4.82967825161041E-014 ) );
#838=CARTESIAN_POINT( '', ( 0.437788691345570, 0.981911602890596, 0.0580800119764011 ) );
#839=CARTESIAN_POINT( '', ( 0.756414451887382, 0.729023179835365, -0.0581323813696934 ) );
#840=CARTESIAN_POINT( '', ( 0.726312868844671, 0.699891057239143, 3.20177740345039E-014 ) );
#841=CARTESIAN_POINT( '', ( 0.756414451887396, 0.729023179835380, 0.0581323813697467 ) );
#842=CARTESIAN_POINT( '', ( 0.845351946515400, 0.622687347033678, -0.0581050977278162 ) );
#843=CARTESIAN_POINT( '', ( 0.811540781931373, 0.598070152900452, -5.70275632845406E-014 ) );
#844=CARTESIAN_POINT( '', ( 0.845351946515332, 0.622687347033656, 0.0581050977277461 ) );
#845=CARTESIAN_POINT( '', ( 0.976738231094998, 0.383130655929364, -0.0580787177228173 ) );
#846=CARTESIAN_POINT( '', ( 0.937834663157335, 0.367895133818815, 7.05517853116804E-014 ) );
#847=CARTESIAN_POINT( '', ( 0.976738231095048, 0.383130655929381, 0.0580787177229277 ) );
#848=CARTESIAN_POINT( '', ( 1.01919036344340, 0.251757253091883, -0.0580972623186660 ) );
#849=CARTESIAN_POINT( '', ( 0.978628034630778, 0.241485252632886, 2.45677094260940E-014 ) );
#850=CARTESIAN_POINT( '', ( 1.01919036344341, 0.251757253091894, 0.0580972623187210 ) );
#851=EDGE_LOOP( '', ( #1560, #1561, #1562, #1563, #1564, #1565, #1566, #1567, #1568 ) );
#852=AXIS2_PLACEMENT_3D( '', #1569, #1431, #399 );
#853=EDGE_LOOP( '', ( #1570, #1571, #1572, #1573, #1574, #1575, #1576, #1577, #1578, #1579, #1580, #1581 ) );
#854=AXIS2_PLACEMENT_3D( '', #1582, #1363, #1431 );
#855=EDGE_LOOP( '', ( #1583, #1584, #1585, #1586 ) );
#856=AXIS2_PLACEMENT_3D( '', #1587, #1588, #1589 );
#857=EDGE_LOOP( '', ( #1590, #1591, #1592, #1593 ) );
#858=AXIS2_PLACEMENT_3D( '', #1594, #400, #1363 );
#859=EDGE_LOOP( '', ( #1595, #1596, #1597, #1598 ) );
#860=AXIS2_PLACEMENT_3D( '', #1599, #1600, #1601 );
#861=EDGE_LOOP( '', ( #1602, #1603, #1604, #1605 ) );
#862=AXIS2_PLACEMENT_3D( '', #1606, #1607, #1608 );
#863=EDGE_LOOP( '', ( #1609, #1610, #1611, #1612 ) );
#864=AXIS2_PLACEMENT_3D( '', #1613, #1614, #399 );
#865=EDGE_LOOP( '', ( #1615, #1616, #1617, #1618 ) );
#866=CARTESIAN_POINT( '', ( -1.07500000000000, -1.49957243796488, -0.695000000000000 ) );
#867=CARTESIAN_POINT( '', ( -1.07500000000000, -1.49950920403603, -0.724583080763875 ) );
#868=CARTESIAN_POINT( '', ( -1.07500000000000, -1.47451920261655, -0.749493662006469 ) );
#869=CARTESIAN_POINT( '', ( -1.07500000000000, -1.44500000000000, -0.749430458511898 ) );
#870=CARTESIAN_POINT( '', ( -1.07500000000000, -1.45042756203513, -0.695000000000000 ) );
#871=CARTESIAN_POINT( '', ( -1.07500000000000, -1.45044242573160, -0.697912946297322 ) );
#872=CARTESIAN_POINT( '', ( -1.07500000000000, -1.44805041678224, -0.700554038460088 ) );
#873=CARTESIAN_POINT( '', ( -1.07500000000000, -1.44500000000000, -0.700569541488105 ) );
#874=CARTESIAN_POINT( '', ( -0.925000000000000, -1.45042756203513, -0.695000000000000 ) );
#875=CARTESIAN_POINT( '', ( -0.925000000000000, -1.45044242573160, -0.697912946297322 ) );
#876=CARTESIAN_POINT( '', ( -0.925000000000000, -1.44805041678224, -0.700554038460088 ) );
#877=CARTESIAN_POINT( '', ( -0.925000000000000, -1.44500000000000, -0.700569541488105 ) );
#878=CARTESIAN_POINT( '', ( -0.925000000000000, -1.49957243796488, -0.695000000000000 ) );
#879=CARTESIAN_POINT( '', ( -0.925000000000000, -1.49950920403603, -0.724583080763875 ) );
#880=CARTESIAN_POINT( '', ( -0.925000000000000, -1.47451920261655, -0.749493662006469 ) );
#881=CARTESIAN_POINT( '', ( -0.925000000000000, -1.44500000000000, -0.749430458511898 ) );
#882=EDGE_LOOP( '', ( #1619 ) );
#883=AXIS2_PLACEMENT_3D( '', #1620, #1488, #1363 );
#884=EDGE_LOOP( '', ( #1621 ) );
#885=EDGE_LOOP( '', ( #1622 ) );
#886=AXIS2_PLACEMENT_3D( '', #1623, #399, #400 );
#887=EDGE_LOOP( '', ( #1624, #1625, #1626, #1627 ) );
#888=AXIS2_PLACEMENT_3D( '', #1628, #400, #1363 );
#889=EDGE_LOOP( '', ( #1629, #1630, #1631, #1632, #1633 ) );
#890=CARTESIAN_POINT( '', ( -1.07500000000000, -1.32500000000000, -0.263820061220088 ) );
#891=CARTESIAN_POINT( '', ( -1.07500000000000, -1.35833331129987, -0.263920491072634 ) );
#892=CARTESIAN_POINT( '', ( -1.07500000000000, -1.39166663379729, -0.264041567773976 ) );
#893=CARTESIAN_POINT( '', ( -1.07500000000000, -1.32500000000000, -0.316179938779918 ) );
#894=CARTESIAN_POINT( '', ( -1.07500000000000, -1.35833326978631, -0.316079509052446 ) );
#895=CARTESIAN_POINT( '', ( -1.07500000000000, -1.39166685691999, -0.316014142162947 ) );
#896=CARTESIAN_POINT( '', ( -0.924999999999990, -1.32500000000000, -0.316179938779918 ) );
#897=CARTESIAN_POINT( '', ( -0.924999999999985, -1.35833326978631, -0.316079509052446 ) );
#898=CARTESIAN_POINT( '', ( -0.924999999999990, -1.39166685691999, -0.316014142162947 ) );
#899=CARTESIAN_POINT( '', ( -0.924999999999990, -1.32500000000000, -0.263820061220088 ) );
#900=CARTESIAN_POINT( '', ( -0.924999999999985, -1.35833331129987, -0.263920491072634 ) );
#901=CARTESIAN_POINT( '', ( -0.924999999999990, -1.39166663379729, -0.264041567773976 ) );
#902=EDGE_LOOP( '', ( #1634 ) );
#903=EDGE_LOOP( '', ( #1635 ) );
#904=EDGE_LOOP( '', ( #1636 ) );
#905=CARTESIAN_POINT( '', ( -0.600000000000007, 0.000000000000000, -0.290000000000000 ) );
#906=CARTESIAN_POINT( '', ( -0.600000000000007, 0.346410161513779, -0.281583333333336 ) );
#907=CARTESIAN_POINT( '', ( -0.300000000000003, 0.519615242270669, -0.273166666666670 ) );
#908=CARTESIAN_POINT( '', ( -4.24230095489967E-017, 0.692820323027559, -0.264750000000003 ) );
#909=CARTESIAN_POINT( '', ( 0.300000000000000, 0.519615242270669, -0.256333333333336 ) );
#910=CARTESIAN_POINT( '', ( 0.600000000000007, 0.346410161513779, -0.247916666666669 ) );
#911=CARTESIAN_POINT( '', ( 0.600000000000007, 7.34788079488420E-017, -0.239500000000002 ) );
#912=CARTESIAN_POINT( '', ( 0.600000000000007, -0.346410161513775, -0.231083333333336 ) );
#913=CARTESIAN_POINT( '', ( 0.300000000000003, -0.519615242270669, -0.222666666666669 ) );
#914=CARTESIAN_POINT( '', ( 1.27269028646990E-016, -0.692820323027559, -0.214250000000002 ) );
#915=CARTESIAN_POINT( '', ( -0.300000000000000, -0.519615242270669, -0.205833333333336 ) );
#916=CARTESIAN_POINT( '', ( -0.600000000000007, -0.346410161513779, -0.197416666666669 ) );
#917=CARTESIAN_POINT( '', ( -0.600000000000007, 0.000000000000000, -0.189000000000003 ) );
#918=CARTESIAN_POINT( '', ( -0.600000000000007, 0.346410161513779, -0.180583333333336 ) );
#919=CARTESIAN_POINT( '', ( -0.300000000000003, 0.519615242270669, -0.172166666666669 ) );
#920=CARTESIAN_POINT( '', ( -4.24230095489967E-017, 0.692820323027559, -0.163750000000002 ) );
#921=CARTESIAN_POINT( '', ( 0.300000000000000, 0.519615242270669, -0.155333333333336 ) );
#922=CARTESIAN_POINT( '', ( 0.600000000000007, 0.346410161513779, -0.146916666666669 ) );
#923=CARTESIAN_POINT( '', ( 0.600000000000007, 7.34788079488420E-017, -0.138500000000003 ) );
#924=CARTESIAN_POINT( '', ( 0.600000000000007, -0.346410161513775, -0.130083333333336 ) );
#925=CARTESIAN_POINT( '', ( 0.300000000000003, -0.519615242270669, -0.121666666666669 ) );
#926=CARTESIAN_POINT( '', ( 1.27269028646990E-016, -0.692820323027559, -0.113250000000003 ) );
#927=CARTESIAN_POINT( '', ( -0.300000000000000, -0.519615242270669, -0.104833333333336 ) );
#928=CARTESIAN_POINT( '', ( -0.600000000000007, -0.346410161513779, -0.0964166666666692 ) );
#929=CARTESIAN_POINT( '', ( -0.600000000000007, 0.000000000000000, -0.0880000000000026 ) );
#930=CARTESIAN_POINT( '', ( -0.600000000000007, 0.346410161513779, -0.0795833333333359 ) );
#931=CARTESIAN_POINT( '', ( -0.300000000000003, 0.519615242270669, -0.0711666666666693 ) );
#932=CARTESIAN_POINT( '', ( -4.24230095489967E-017, 0.692820323027559, -0.0627500000000026 ) );
#933=CARTESIAN_POINT( '', ( 0.300000000000000, 0.519615242270669, -0.0543333333333359 ) );
#934=CARTESIAN_POINT( '', ( 0.600000000000007, 0.346410161513779, -0.0459166666666692 ) );
#935=CARTESIAN_POINT( '', ( 0.600000000000007, 7.34788079488420E-017, -0.0375000000000026 ) );
#936=CARTESIAN_POINT( '', ( 0.600000000000007, -0.346410161513775, -0.0290833333333360 ) );
#937=CARTESIAN_POINT( '', ( 0.300000000000003, -0.519615242270669, -0.0206666666666692 ) );
#938=CARTESIAN_POINT( '', ( 1.27269028646990E-016, -0.692820323027559, -0.0122500000000026 ) );
#939=CARTESIAN_POINT( '', ( -0.300000000000000, -0.519615242270669, -0.00383333333333594 ) );
#940=CARTESIAN_POINT( '', ( -0.600000000000007, -0.346410161513779, 0.00458333333333073 ) );
#941=CARTESIAN_POINT( '', ( -0.600000000000007, 0.000000000000000, 0.0129999999999974 ) );
#942=CARTESIAN_POINT( '', ( -0.600000000000000, 0.000000000000000, -0.390000000000000 ) );
#943=CARTESIAN_POINT( '', ( -0.600000000000006, 0.346410161513775, -0.381583333333335 ) );
#944=CARTESIAN_POINT( '', ( -0.300000000000000, 0.519615242270668, -0.373166666666669 ) );
#945=CARTESIAN_POINT( '', ( -4.24230095489967E-017, 0.692820323027551, -0.364750000000003 ) );
#946=CARTESIAN_POINT( '', ( 0.300000000000000, 0.519615242270668, -0.356333333333336 ) );
#947=CARTESIAN_POINT( '', ( 0.600000000000006, 0.346410161513780, -0.347916666666669 ) );
#948=CARTESIAN_POINT( '', ( 0.600000000000000, 7.34788079488420E-017, -0.339500000000003 ) );
#949=CARTESIAN_POINT( '', ( 0.600000000000006, -0.346410161513775, -0.331083333333336 ) );
#950=CARTESIAN_POINT( '', ( 0.300000000000003, -0.519615242270668, -0.322666666666669 ) );
#951=CARTESIAN_POINT( '', ( 1.27269028646990E-016, -0.692820323027551, -0.314250000000002 ) );
#952=CARTESIAN_POINT( '', ( -0.300000000000000, -0.519615242270668, -0.305833333333335 ) );
#953=CARTESIAN_POINT( '', ( -0.600000000000006, -0.346410161513780, -0.297416666666669 ) );
#954=CARTESIAN_POINT( '', ( -0.600000000000000, 0.000000000000000, -0.289000000000002 ) );
#955=CARTESIAN_POINT( '', ( -0.600000000000006, 0.346410161513775, -0.280583333333336 ) );
#956=CARTESIAN_POINT( '', ( -0.300000000000000, 0.519615242270668, -0.272166666666669 ) );
#957=CARTESIAN_POINT( '', ( -4.24230095489967E-017, 0.692820323027551, -0.263750000000003 ) );
#958=CARTESIAN_POINT( '', ( 0.300000000000000, 0.519615242270668, -0.255333333333336 ) );
#959=CARTESIAN_POINT( '', ( 0.600000000000006, 0.346410161513780, -0.246916666666669 ) );
#960=CARTESIAN_POINT( '', ( 0.600000000000000, 7.34788079488420E-017, -0.238500000000003 ) );
#961=CARTESIAN_POINT( '', ( 0.600000000000006, -0.346410161513775, -0.230083333333336 ) );
#962=CARTESIAN_POINT( '', ( 0.300000000000003, -0.519615242270668, -0.221666666666669 ) );
#963=CARTESIAN_POINT( '', ( 1.27269028646990E-016, -0.692820323027551, -0.213250000000003 ) );
#964=CARTESIAN_POINT( '', ( -0.300000000000000, -0.519615242270668, -0.204833333333336 ) );
#965=CARTESIAN_POINT( '', ( -0.600000000000006, -0.346410161513780, -0.196416666666669 ) );
#966=CARTESIAN_POINT( '', ( -0.600000000000000, 0.000000000000000, -0.188000000000002 ) );
#967=CARTESIAN_POINT( '', ( -0.600000000000006, 0.346410161513775, -0.179583333333336 ) );
#968=CARTESIAN_POINT( '', ( -0.300000000000000, 0.519615242270668, -0.171166666666669 ) );
#969=CARTESIAN_POINT( '', ( -4.24230095489967E-017, 0.692820323027551, -0.162750000000003 ) );
#970=CARTESIAN_POINT( '', ( 0.300000000000000, 0.519615242270668, -0.154333333333336 ) );
#971=CARTESIAN_POINT( '', ( 0.600000000000006, 0.346410161513780, -0.145916666666669 ) );
#972=CARTESIAN_POINT( '', ( 0.600000000000000, 7.34788079488420E-017, -0.137500000000003 ) );
#973=CARTESIAN_POINT( '', ( 0.600000000000006, -0.346410161513775, -0.129083333333336 ) );
#974=CARTESIAN_POINT( '', ( 0.300000000000003, -0.519615242270668, -0.120666666666669 ) );
#975=CARTESIAN_POINT( '', ( 1.27269028646990E-016, -0.692820323027551, -0.112250000000003 ) );
#976=CARTESIAN_POINT( '', ( -0.300000000000000, -0.519615242270668, -0.103833333333336 ) );
#977=CARTESIAN_POINT( '', ( -0.600000000000006, -0.346410161513780, -0.0954166666666692 ) );
#978=CARTESIAN_POINT( '', ( -0.600000000000000, 0.000000000000000, -0.0870000000000025 ) );
#979=CARTESIAN_POINT( '', ( -0.700000000000006, 0.000000000000000, -0.390000000000000 ) );
#980=CARTESIAN_POINT( '', ( -0.700000000000007, 0.404145188432742, -0.381583333333335 ) );
#981=CARTESIAN_POINT( '', ( -0.350000000000003, 0.606217782649113, -0.373166666666669 ) );
#982=CARTESIAN_POINT( '', ( -4.94935111404961E-017, 0.808290376865483, -0.364750000000003 ) );
#983=CARTESIAN_POINT( '', ( 0.350000000000003, 0.606217782649113, -0.356333333333336 ) );
#984=CARTESIAN_POINT( '', ( 0.700000000000007, 0.404145188432743, -0.347916666666669 ) );
#985=CARTESIAN_POINT( '', ( 0.700000000000006, 8.57252759403155E-017, -0.339500000000003 ) );
#986=CARTESIAN_POINT( '', ( 0.700000000000007, -0.404145188432741, -0.331083333333336 ) );
#987=CARTESIAN_POINT( '', ( 0.350000000000004, -0.606217782649113, -0.322666666666669 ) );
#988=CARTESIAN_POINT( '', ( 1.48480533421488E-016, -0.808290376865483, -0.314250000000002 ) );
#989=CARTESIAN_POINT( '', ( -0.350000000000003, -0.606217782649113, -0.305833333333335 ) );
#990=CARTESIAN_POINT( '', ( -0.700000000000007, -0.404145188432743, -0.297416666666669 ) );
#991=CARTESIAN_POINT( '', ( -0.700000000000006, 0.000000000000000, -0.289000000000002 ) );
#992=CARTESIAN_POINT( '', ( -0.700000000000007, 0.404145188432742, -0.280583333333336 ) );
#993=CARTESIAN_POINT( '', ( -0.350000000000003, 0.606217782649113, -0.272166666666669 ) );
#994=CARTESIAN_POINT( '', ( -4.94935111404961E-017, 0.808290376865483, -0.263750000000003 ) );
#995=CARTESIAN_POINT( '', ( 0.350000000000003, 0.606217782649113, -0.255333333333336 ) );
#996=CARTESIAN_POINT( '', ( 0.700000000000007, 0.404145188432743, -0.246916666666669 ) );
#997=CARTESIAN_POINT( '', ( 0.700000000000006, 8.57252759403155E-017, -0.238500000000003 ) );
#998=CARTESIAN_POINT( '', ( 0.700000000000007, -0.404145188432741, -0.230083333333336 ) );
#999=CARTESIAN_POINT( '', ( 0.350000000000004, -0.606217782649113, -0.221666666666669 ) );
#1000=CARTESIAN_POINT( '', ( 1.48480533421488E-016, -0.808290376865483, -0.213250000000003 ) );
#1001=CARTESIAN_POINT( '', ( -0.350000000000003, -0.606217782649113, -0.204833333333336 ) );
#1002=CARTESIAN_POINT( '', ( -0.700000000000007, -0.404145188432743, -0.196416666666669 ) );
#1003=CARTESIAN_POINT( '', ( -0.700000000000006, 0.000000000000000, -0.188000000000002 ) );
#1004=CARTESIAN_POINT( '', ( -0.700000000000007, 0.404145188432742, -0.179583333333336 ) );
#1005=CARTESIAN_POINT( '', ( -0.350000000000003, 0.606217782649113, -0.171166666666669 ) );
#1006=CARTESIAN_POINT( '', ( -4.94935111404961E-017, 0.808290376865483, -0.162750000000003 ) );
#1007=CARTESIAN_POINT( '', ( 0.350000000000003, 0.606217782649113, -0.154333333333336 ) );
#1008=CARTESIAN_POINT( '', ( 0.700000000000007, 0.404145188432743, -0.145916666666669 ) );
#1009=CARTESIAN_POINT( '', ( 0.700000000000006, 8.57252759403155E-017, -0.137500000000003 ) );
#1010=CARTESIAN_POINT( '', ( 0.700000000000007, -0.404145188432741, -0.129083333333336 ) );
#1011=CARTESIAN_POINT( '', ( 0.350000000000004, -0.606217782649113, -0.120666666666669 ) );
#1012=CARTESIAN_POINT( '', ( 1.48480533421488E-016, -0.808290376865483, -0.112250000000003 ) );
#1013=CARTESIAN_POINT( '', ( -0.350000000000003, -0.606217782649113, -0.103833333333336 ) );
#1014=CARTESIAN_POINT( '', ( -0.700000000000007, -0.404145188432743, -0.0954166666666692 ) );
#1015=CARTESIAN_POINT( '', ( -0.700000000000006, 0.000000000000000, -0.0870000000000025 ) );
#1016=CARTESIAN_POINT( '', ( -0.700000000000000, 0.000000000000000, -0.290000000000000 ) );
#1017=CARTESIAN_POINT( '', ( -0.700000000000007, 0.404145188432738, -0.281583333333336 ) );
#1018=CARTESIAN_POINT( '', ( -0.350000000000000, 0.606217782649113, -0.273166666666670 ) );
#1019=CARTESIAN_POINT( '', ( -4.94935111404961E-017, 0.808290376865476, -0.264750000000003 ) );
#1020=CARTESIAN_POINT( '', ( 0.350000000000000, 0.606217782649113, -0.256333333333336 ) );
#1021=CARTESIAN_POINT( '', ( 0.700000000000007, 0.404145188432738, -0.247916666666669 ) );
#1022=CARTESIAN_POINT( '', ( 0.700000000000000, 8.57252759403155E-017, -0.239500000000002 ) );
#1023=CARTESIAN_POINT( '', ( 0.700000000000007, -0.404145188432738, -0.231083333333336 ) );
#1024=CARTESIAN_POINT( '', ( 0.350000000000000, -0.606217782649113, -0.222666666666669 ) );
#1025=CARTESIAN_POINT( '', ( 1.48480533421488E-016, -0.808290376865476, -0.214250000000002 ) );
#1026=CARTESIAN_POINT( '', ( -0.350000000000000, -0.606217782649113, -0.205833333333336 ) );
#1027=CARTESIAN_POINT( '', ( -0.700000000000007, -0.404145188432738, -0.197416666666669 ) );
#1028=CARTESIAN_POINT( '', ( -0.700000000000000, 0.000000000000000, -0.189000000000003 ) );
#1029=CARTESIAN_POINT( '', ( -0.700000000000007, 0.404145188432738, -0.180583333333336 ) );
#1030=CARTESIAN_POINT( '', ( -0.350000000000000, 0.606217782649113, -0.172166666666669 ) );
#1031=CARTESIAN_POINT( '', ( -4.94935111404961E-017, 0.808290376865476, -0.163750000000002 ) );
#1032=CARTESIAN_POINT( '', ( 0.350000000000000, 0.606217782649113, -0.155333333333336 ) );
#1033=CARTESIAN_POINT( '', ( 0.700000000000007, 0.404145188432738, -0.146916666666669 ) );
#1034=CARTESIAN_POINT( '', ( 0.700000000000000, 8.57252759403155E-017, -0.138500000000003 ) );
#1035=CARTESIAN_POINT( '', ( 0.700000000000007, -0.404145188432738, -0.130083333333336 ) );
#1036=CARTESIAN_POINT( '', ( 0.350000000000000, -0.606217782649113, -0.121666666666669 ) );
#1037=CARTESIAN_POINT( '', ( 1.48480533421488E-016, -0.808290376865476, -0.113250000000003 ) );
#1038=CARTESIAN_POINT( '', ( -0.350000000000000, -0.606217782649113, -0.104833333333336 ) );
#1039=CARTESIAN_POINT( '', ( -0.700000000000007, -0.404145188432738, -0.0964166666666692 ) );
#1040=CARTESIAN_POINT( '', ( -0.700000000000000, 0.000000000000000, -0.0880000000000026 ) );
#1041=CARTESIAN_POINT( '', ( -0.700000000000007, 0.404145188432738, -0.0795833333333359 ) );
#1042=CARTESIAN_POINT( '', ( -0.350000000000000, 0.606217782649113, -0.0711666666666693 ) );
#1043=CARTESIAN_POINT( '', ( -4.94935111404961E-017, 0.808290376865476, -0.0627500000000026 ) );
#1044=CARTESIAN_POINT( '', ( 0.350000000000000, 0.606217782649113, -0.0543333333333359 ) );
#1045=CARTESIAN_POINT( '', ( 0.700000000000007, 0.404145188432738, -0.0459166666666692 ) );
#1046=CARTESIAN_POINT( '', ( 0.700000000000000, 8.57252759403155E-017, -0.0375000000000026 ) );
#1047=CARTESIAN_POINT( '', ( 0.700000000000007, -0.404145188432738, -0.0290833333333360 ) );
#1048=CARTESIAN_POINT( '', ( 0.350000000000000, -0.606217782649113, -0.0206666666666692 ) );
#1049=CARTESIAN_POINT( '', ( 1.48480533421488E-016, -0.808290376865476, -0.0122500000000026 ) );
#1050=CARTESIAN_POINT( '', ( -0.350000000000000, -0.606217782649113, -0.00383333333333594 ) );
#1051=CARTESIAN_POINT( '', ( -0.700000000000007, -0.404145188432738, 0.00458333333333073 ) );
#1052=CARTESIAN_POINT( '', ( -0.700000000000000, 0.000000000000000, 0.0129999999999974 ) );
#1053=CARTESIAN_POINT( '', ( -0.700000000000006, 0.000000000000000, -0.190000000000002 ) );
#1054=CARTESIAN_POINT( '', ( -0.700000000000007, 0.404145188432742, -0.181583333333336 ) );
#1055=CARTESIAN_POINT( '', ( -0.350000000000003, 0.606217782649113, -0.173166666666669 ) );
#1056=CARTESIAN_POINT( '', ( -4.94935111404961E-017, 0.808290376865483, -0.164750000000003 ) );
#1057=CARTESIAN_POINT( '', ( 0.350000000000003, 0.606217782649113, -0.156333333333336 ) );
#1058=CARTESIAN_POINT( '', ( 0.700000000000007, 0.404145188432743, -0.147916666666669 ) );
#1059=CARTESIAN_POINT( '', ( 0.700000000000006, 8.57252759403155E-017, -0.139500000000003 ) );
#1060=CARTESIAN_POINT( '', ( 0.700000000000007, -0.404145188432741, -0.131083333333336 ) );
#1061=CARTESIAN_POINT( '', ( 0.350000000000004, -0.606217782649113, -0.122666666666669 ) );
#1062=CARTESIAN_POINT( '', ( 1.48480533421488E-016, -0.808290376865483, -0.114250000000003 ) );
#1063=CARTESIAN_POINT( '', ( -0.350000000000003, -0.606217782649113, -0.105833333333336 ) );
#1064=CARTESIAN_POINT( '', ( -0.700000000000007, -0.404145188432743, -0.0974166666666693 ) );
#1065=CARTESIAN_POINT( '', ( -0.700000000000006, 0.000000000000000, -0.0890000000000026 ) );
#1066=CARTESIAN_POINT( '', ( -0.700000000000007, 0.404145188432742, -0.0805833333333360 ) );
#1067=CARTESIAN_POINT( '', ( -0.350000000000003, 0.606217782649113, -0.0721666666666693 ) );
#1068=CARTESIAN_POINT( '', ( -4.94935111404961E-017, 0.808290376865483, -0.0637500000000027 ) );
#1069=CARTESIAN_POINT( '', ( 0.350000000000003, 0.606217782649113, -0.0553333333333359 ) );
#1070=CARTESIAN_POINT( '', ( 0.700000000000007, 0.404145188432743, -0.0469166666666692 ) );
#1071=CARTESIAN_POINT( '', ( 0.700000000000006, 8.57252759403155E-017, -0.0385000000000026 ) );
#1072=CARTESIAN_POINT( '', ( 0.700000000000007, -0.404145188432741, -0.0300833333333360 ) );
#1073=CARTESIAN_POINT( '', ( 0.350000000000004, -0.606217782649113, -0.0216666666666693 ) );
#1074=CARTESIAN_POINT( '', ( 1.48480533421488E-016, -0.808290376865483, -0.0132500000000026 ) );
#1075=CARTESIAN_POINT( '', ( -0.350000000000003, -0.606217782649113, -0.00483333333333594 ) );
#1076=CARTESIAN_POINT( '', ( -0.700000000000007, -0.404145188432743, 0.00358333333333073 ) );
#1077=CARTESIAN_POINT( '', ( -0.700000000000006, 0.000000000000000, 0.0119999999999974 ) );
#1078=CARTESIAN_POINT( '', ( -0.700000000000007, 0.404145188432742, 0.0204166666666641 ) );
#1079=CARTESIAN_POINT( '', ( -0.350000000000003, 0.606217782649113, 0.0288333333333307 ) );
#1080=CARTESIAN_POINT( '', ( -4.94935111404961E-017, 0.808290376865483, 0.0372499999999974 ) );
#1081=CARTESIAN_POINT( '', ( 0.350000000000003, 0.606217782649113, 0.0456666666666640 ) );
#1082=CARTESIAN_POINT( '', ( 0.700000000000007, 0.404145188432743, 0.0540833333333308 ) );
#1083=CARTESIAN_POINT( '', ( 0.700000000000006, 8.57252759403155E-017, 0.0624999999999973 ) );
#1084=CARTESIAN_POINT( '', ( 0.700000000000007, -0.404145188432741, 0.0709166666666641 ) );
#1085=CARTESIAN_POINT( '', ( 0.350000000000004, -0.606217782649113, 0.0793333333333307 ) );
#1086=CARTESIAN_POINT( '', ( 1.48480533421488E-016, -0.808290376865483, 0.0877499999999974 ) );
#1087=CARTESIAN_POINT( '', ( -0.350000000000003, -0.606217782649113, 0.0961666666666640 ) );
#1088=CARTESIAN_POINT( '', ( -0.700000000000007, -0.404145188432743, 0.104583333333331 ) );
#1089=CARTESIAN_POINT( '', ( -0.700000000000006, 0.000000000000000, 0.112999999999997 ) );
#1090=CARTESIAN_POINT( '', ( -0.600000000000000, 0.000000000000000, -0.190000000000002 ) );
#1091=CARTESIAN_POINT( '', ( -0.600000000000006, 0.346410161513775, -0.181583333333336 ) );
#1092=CARTESIAN_POINT( '', ( -0.300000000000000, 0.519615242270668, -0.173166666666669 ) );
#1093=CARTESIAN_POINT( '', ( -4.24230095489967E-017, 0.692820323027551, -0.164750000000003 ) );
#1094=CARTESIAN_POINT( '', ( 0.300000000000000, 0.519615242270668, -0.156333333333336 ) );
#1095=CARTESIAN_POINT( '', ( 0.600000000000006, 0.346410161513780, -0.147916666666669 ) );
#1096=CARTESIAN_POINT( '', ( 0.600000000000000, 7.34788079488420E-017, -0.139500000000003 ) );
#1097=CARTESIAN_POINT( '', ( 0.600000000000006, -0.346410161513775, -0.131083333333336 ) );
#1098=CARTESIAN_POINT( '', ( 0.300000000000003, -0.519615242270668, -0.122666666666669 ) );
#1099=CARTESIAN_POINT( '', ( 1.27269028646990E-016, -0.692820323027551, -0.114250000000003 ) );
#1100=CARTESIAN_POINT( '', ( -0.300000000000000, -0.519615242270668, -0.105833333333336 ) );
#1101=CARTESIAN_POINT( '', ( -0.600000000000006, -0.346410161513780, -0.0974166666666693 ) );
#1102=CARTESIAN_POINT( '', ( -0.600000000000000, 0.000000000000000, -0.0890000000000026 ) );
#1103=CARTESIAN_POINT( '', ( -0.600000000000006, 0.346410161513775, -0.0805833333333360 ) );
#1104=CARTESIAN_POINT( '', ( -0.300000000000000, 0.519615242270668, -0.0721666666666693 ) );
#1105=CARTESIAN_POINT( '', ( -4.24230095489967E-017, 0.692820323027551, -0.0637500000000027 ) );
#1106=CARTESIAN_POINT( '', ( 0.300000000000000, 0.519615242270668, -0.0553333333333359 ) );
#1107=CARTESIAN_POINT( '', ( 0.600000000000006, 0.346410161513780, -0.0469166666666692 ) );
#1108=CARTESIAN_POINT( '', ( 0.600000000000000, 7.34788079488420E-017, -0.0385000000000026 ) );
#1109=CARTESIAN_POINT( '', ( 0.600000000000006, -0.346410161513775, -0.0300833333333360 ) );
#1110=CARTESIAN_POINT( '', ( 0.300000000000003, -0.519615242270668, -0.0216666666666693 ) );
#1111=CARTESIAN_POINT( '', ( 1.27269028646990E-016, -0.692820323027551, -0.0132500000000026 ) );
#1112=CARTESIAN_POINT( '', ( -0.300000000000000, -0.519615242270668, -0.00483333333333594 ) );
#1113=CARTESIAN_POINT( '', ( -0.600000000000006, -0.346410161513780, 0.00358333333333073 ) );
#1114=CARTESIAN_POINT( '', ( -0.600000000000000, 0.000000000000000, 0.0119999999999974 ) );
#1115=CARTESIAN_POINT( '', ( -0.600000000000006, 0.346410161513775, 0.0204166666666641 ) );
#1116=CARTESIAN_POINT( '', ( -0.300000000000000, 0.519615242270668, 0.0288333333333307 ) );
#1117=CARTESIAN_POINT( '', ( -4.24230095489967E-017, 0.692820323027551, 0.0372499999999974 ) );
#1118=CARTESIAN_POINT( '', ( 0.300000000000000, 0.519615242270668, 0.0456666666666640 ) );
#1119=CARTESIAN_POINT( '', ( 0.600000000000006, 0.346410161513780, 0.0540833333333308 ) );
#1120=CARTESIAN_POINT( '', ( 0.600000000000000, 7.34788079488420E-017, 0.0624999999999973 ) );
#1121=CARTESIAN_POINT( '', ( 0.600000000000006, -0.346410161513775, 0.0709166666666641 ) );
#1122=CARTESIAN_POINT( '', ( 0.300000000000003, -0.519615242270668, 0.0793333333333307 ) );
#1123=CARTESIAN_POINT( '', ( 1.27269028646990E-016, -0.692820323027551, 0.0877499999999974 ) );
#1124=CARTESIAN_POINT( '', ( -0.300000000000000, -0.519615242270668, 0.0961666666666640 ) );
#1125=CARTESIAN_POINT( '', ( -0.600000000000006, -0.346410161513780, 0.104583333333331 ) );
#1126=CARTESIAN_POINT( '', ( -0.600000000000000, 0.000000000000000, 0.112999999999997 ) );
#1127=EDGE_LOOP( '', ( #1637, #1638, #1639, #1640 ) );
#1128=CARTESIAN_POINT( '', ( -1.07500000000000, -1.37999994259657, -0.749291287043461 ) );
#1129=CARTESIAN_POINT( '', ( -1.07500000000000, -1.31499991488549, -0.749038781571631 ) );
#1130=CARTESIAN_POINT( '', ( -1.07500000000000, -1.25000000000000, -0.748842943486154 ) );
#1131=CARTESIAN_POINT( '', ( -1.07500000000000, -1.38000104375598, -0.700899883441909 ) );
#1132=CARTESIAN_POINT( '', ( -1.07500000000000, -1.31499952044967, -0.700961219616784 ) );
#1133=CARTESIAN_POINT( '', ( -1.07500000000000, -1.25000000000000, -0.701157056513850 ) );
#1134=CARTESIAN_POINT( '', ( -0.925000000000000, -1.38000104375598, -0.700899883441909 ) );
#1135=CARTESIAN_POINT( '', ( -0.925000000000000, -1.31499952044967, -0.700961219616784 ) );
#1136=CARTESIAN_POINT( '', ( -0.925000000000000, -1.25000000000000, -0.701157056513850 ) );
#1137=CARTESIAN_POINT( '', ( -0.925000000000000, -1.37999994259657, -0.749291287043461 ) );
#1138=CARTESIAN_POINT( '', ( -0.925000000000000, -1.31499991488549, -0.749038781571631 ) );
#1139=CARTESIAN_POINT( '', ( -0.925000000000000, -1.25000000000000, -0.748842943486154 ) );
#1140=EDGE_LOOP( '', ( #1641, #1642, #1643, #1644 ) );
#1141=CARTESIAN_POINT( '', ( 0.925000000000000, -1.32500000000000, -0.290000000000000 ) );
#1142=CARTESIAN_POINT( '', ( 0.925000000000000, -1.35833333333333, -0.290000000000000 ) );
#1143=CARTESIAN_POINT( '', ( 0.925000000000000, -1.39166666666667, -0.290000000000000 ) );
#1144=CARTESIAN_POINT( '', ( 0.924999999999997, -1.32500000000001, -0.340000000000002 ) );
#1145=CARTESIAN_POINT( '', ( 0.924999999999997, -1.35833333333333, -0.340000000000002 ) );
#1146=CARTESIAN_POINT( '', ( 0.924999999999997, -1.40000000000001, -0.340000000000002 ) );
#1147=CARTESIAN_POINT( '', ( 1.07500000000000, -1.32500000000001, -0.340000000000002 ) );
#1148=CARTESIAN_POINT( '', ( 1.07500000000000, -1.35833333333333, -0.340000000000002 ) );
#1149=CARTESIAN_POINT( '', ( 1.07500000000000, -1.40000000000001, -0.340000000000002 ) );
#1150=CARTESIAN_POINT( '', ( 1.07500000000000, -1.32500000000000, -0.290000000000000 ) );
#1151=CARTESIAN_POINT( '', ( 1.07500000000000, -1.35833333333333, -0.290000000000000 ) );
#1152=CARTESIAN_POINT( '', ( 1.07500000000000, -1.39166666666667, -0.290000000000000 ) );
#1153=CARTESIAN_POINT( '', ( 1.07500000000000, -1.32500000000001, -0.240000000000003 ) );
#1154=CARTESIAN_POINT( '', ( 1.07500000000000, -1.35833333333333, -0.240000000000003 ) );
#1155=CARTESIAN_POINT( '', ( 1.07500000000000, -1.38333333333334, -0.240000000000003 ) );
#1156=CARTESIAN_POINT( '', ( 0.924999999999997, -1.32500000000001, -0.240000000000003 ) );
#1157=CARTESIAN_POINT( '', ( 0.924999999999997, -1.35833333333333, -0.240000000000003 ) );
#1158=CARTESIAN_POINT( '', ( 0.924999999999997, -1.38333333333334, -0.240000000000003 ) );
#1159=EDGE_LOOP( '', ( #1645, #1646, #1647, #1648 ) );
#1160=AXIS2_PLACEMENT_3D( '', #1649, #1650, #1651 );
#1161=EDGE_LOOP( '', ( #1652, #1653, #1654, #1655, #1656, #1657, #1658, #1659, #1660, #1661, #1662, #1663 ) );
#1162=AXIS2_PLACEMENT_3D( '', #1664, #1363, #1431 );
#1163=EDGE_LOOP( '', ( #1665, #1666, #1667, #1668 ) );
#1164=EDGE_LOOP( '', ( #1669, #1670, #1671, #1672 ) );
#1165=CARTESIAN_POINT( '', ( 0.950000000000000, -0.847053717304861, -0.0113200612200876 ) );
#1166=CARTESIAN_POINT( '', ( 0.949586666511678, -0.856430941979106, -0.0115364821284834 ) );
#1167=CARTESIAN_POINT( '', ( 0.949143730765419, -0.865807187846783, -0.0117684027428949 ) );
#1168=CARTESIAN_POINT( '', ( 0.948759972462516, -0.875186005517462, -0.0119693381204210 ) );
#1169=CARTESIAN_POINT( '', ( 0.950000000000000, -0.847053717304861, -0.0636799387799175 ) );
#1170=CARTESIAN_POINT( '', ( 0.949586669777021, -0.856430867898851, -0.0634635195812511 ) );
#1171=CARTESIAN_POINT( '', ( 0.949207808607853, -0.865810885517408, -0.0632651483369516 ) );
#1172=CARTESIAN_POINT( '', ( 0.948759972462516, -0.875186005517462, -0.0630306618795843 ) );
#1173=CARTESIAN_POINT( '', ( 0.973820061220082, -0.847053717304861, -0.0875000000000026 ) );
#1174=CARTESIAN_POINT( '', ( 0.973603663072240, -0.856429955794980, -0.0870867099811501 ) );
#1175=CARTESIAN_POINT( '', ( 0.973424515675952, -0.865814167224914, -0.0867445636572065 ) );
#1176=CARTESIAN_POINT( '', ( 0.973170784319749, -0.875186005517462, -0.0862599724625215 ) );
#1177=CARTESIAN_POINT( '', ( 1.02617993877991, -0.847053717304861, -0.0875000000000026 ) );
#1178=CARTESIAN_POINT( '', ( 1.02639633692775, -0.856429955794979, -0.0870867099811502 ) );
#1179=CARTESIAN_POINT( '', ( 1.02657548432404, -0.865814167224915, -0.0867445636572065 ) );
#1180=CARTESIAN_POINT( '', ( 1.02682921568024, -0.875186005517462, -0.0862599724625215 ) );
#1181=CARTESIAN_POINT( '', ( 1.05000000000000, -0.847053717304861, -0.0636799387799175 ) );
#1182=CARTESIAN_POINT( '', ( 1.05041333022297, -0.856430867898851, -0.0634635195812511 ) );
#1183=CARTESIAN_POINT( '', ( 1.05079219139214, -0.865810885517407, -0.0632651483369516 ) );
#1184=CARTESIAN_POINT( '', ( 1.05124002753748, -0.875186005517462, -0.0630306618795843 ) );
#1185=CARTESIAN_POINT( '', ( 1.05000000000000, -0.847053717304861, -0.0113200612200876 ) );
#1186=CARTESIAN_POINT( '', ( 1.05041333348831, -0.856430941979106, -0.0115364821284834 ) );
#1187=CARTESIAN_POINT( '', ( 1.05085626923457, -0.865807187846783, -0.0117684027428949 ) );
#1188=CARTESIAN_POINT( '', ( 1.05124002753748, -0.875186005517462, -0.0119693381204210 ) );
#1189=CARTESIAN_POINT( '', ( 1.02617993877991, -0.847053717304861, 0.0124999999999974 ) );
#1190=CARTESIAN_POINT( '', ( 1.02639634922178, -0.856430488478667, 0.0120866865012763 ) );
#1191=CARTESIAN_POINT( '', ( 1.02664057327816, -0.865806474579580, 0.0116202529117424 ) );
#1192=CARTESIAN_POINT( '', ( 1.02682921568024, -0.875186005517462, 0.0112599724625162 ) );
#1193=CARTESIAN_POINT( '', ( 0.973820061220082, -0.847053717304861, 0.0124999999999974 ) );
#1194=CARTESIAN_POINT( '', ( 0.973603650778210, -0.856430488478665, 0.0120866865012764 ) );
#1195=CARTESIAN_POINT( '', ( 0.973359426721836, -0.865806474579582, 0.0116202529117424 ) );
#1196=CARTESIAN_POINT( '', ( 0.973170784319749, -0.875186005517462, 0.0112599724625162 ) );
#1197=EDGE_LOOP( '', ( #1673, #1674, #1675, #1676 ) );
#1198=AXIS2_PLACEMENT_3D( '', #1677, #1678, #1679 );
#1199=EDGE_LOOP( '', ( #1680 ) );
#1200=EDGE_LOOP( '', ( #1681, #1682, #1683, #1684, #1685, #1686, #1687, #1688, #1689, #1690, #1691, #1692 ) );
#1201=AXIS2_PLACEMENT_3D( '', #1693, #1363, #1431 );
#1202=EDGE_LOOP( '', ( #1694, #1695, #1696, #1697 ) );
#1203=CARTESIAN_POINT( '', ( -1.07500000000000, -1.50035825271313, -0.458333485852661 ) );
#1204=CARTESIAN_POINT( '', ( -1.07500000000000, -1.49982537630822, -0.576666447508217 ) );
#1205=CARTESIAN_POINT( '', ( -1.07500000000000, -1.44983745291869, -0.458332554682957 ) );
#1206=CARTESIAN_POINT( '', ( -1.07500000000000, -1.44982375745858, -0.576668042083522 ) );
#1207=CARTESIAN_POINT( '', ( -0.924999999999990, -1.44983745291869, -0.458332554682956 ) );
#1208=CARTESIAN_POINT( '', ( -0.925000000000000, -1.44982375745858, -0.576668042083522 ) );
#1209=CARTESIAN_POINT( '', ( -0.924999999999990, -1.50035825271313, -0.458333485852661 ) );
#1210=CARTESIAN_POINT( '', ( -0.925000000000000, -1.49982537630822, -0.576666447508217 ) );
#1211=EDGE_LOOP( '', ( #1698, #1699, #1700, #1701 ) );
#1212=AXIS2_PLACEMENT_3D( '', #1702, #1703, #1704 );
#1213=EDGE_LOOP( '', ( #1705, #1706, #1707, #1708 ) );
#1214=AXIS2_PLACEMENT_3D( '', #1709, #400, #1363 );
#1215=EDGE_LOOP( '', ( #1710, #1711, #1712, #1713 ) );
#1216=AXIS2_PLACEMENT_3D( '', #1714, #1614, #399 );
#1217=EDGE_LOOP( '', ( #1715, #1716, #1717, #1718, #1719 ) );
#1218=AXIS2_PLACEMENT_3D( '', #1392, #1431, #399 );
#1219=EDGE_LOOP( '', ( #1720, #1721, #1722, #1723 ) );
#1220=AXIS2_PLACEMENT_3D( '', #1724, #1431, #399 );
#1221=EDGE_LOOP( '', ( #1725, #1726, #1727, #1728 ) );
#1222=EDGE_LOOP( '', ( #1729, #1730, #1731, #1732 ) );
#1223=CARTESIAN_POINT( '', ( 0.925000000000000, -1.47500000000000, -0.399166666666669 ) );
#1224=CARTESIAN_POINT( '', ( 0.925000000000000, -1.47500000000000, -0.458333333333338 ) );
#1225=CARTESIAN_POINT( '', ( 0.925000000000000, -1.47500000000000, -0.576666666666667 ) );
#1226=CARTESIAN_POINT( '', ( 0.925000000000000, -1.47500000000000, -0.635833333333338 ) );
#1227=CARTESIAN_POINT( '', ( 0.925000000000000, -1.47500000000000, -0.695000000000000 ) );
#1228=CARTESIAN_POINT( '', ( 0.924999999999997, -1.42500000000000, -0.384375000000000 ) );
#1229=CARTESIAN_POINT( '', ( 0.924999999999997, -1.42500000000000, -0.458333333333337 ) );
#1230=CARTESIAN_POINT( '', ( 0.924999999999997, -1.42500000000000, -0.576666666666667 ) );
#1231=CARTESIAN_POINT( '', ( 0.924999999999997, -1.42500000000000, -0.635833333333338 ) );
#1232=CARTESIAN_POINT( '', ( 0.924999999999997, -1.42500000000000, -0.695000000000002 ) );
#1233=CARTESIAN_POINT( '', ( 1.07500000000000, -1.42500000000000, -0.384375000000000 ) );
#1234=CARTESIAN_POINT( '', ( 1.07500000000000, -1.42500000000000, -0.458333333333337 ) );
#1235=CARTESIAN_POINT( '', ( 1.07500000000000, -1.42500000000000, -0.576666666666667 ) );
#1236=CARTESIAN_POINT( '', ( 1.07500000000000, -1.42500000000000, -0.635833333333338 ) );
#1237=CARTESIAN_POINT( '', ( 1.07500000000000, -1.42500000000000, -0.695000000000002 ) );
#1238=CARTESIAN_POINT( '', ( 1.07500000000000, -1.47500000000000, -0.399166666666669 ) );
#1239=CARTESIAN_POINT( '', ( 1.07500000000000, -1.47500000000000, -0.458333333333338 ) );
#1240=CARTESIAN_POINT( '', ( 1.07500000000000, -1.47500000000000, -0.576666666666667 ) );
#1241=CARTESIAN_POINT( '', ( 1.07500000000000, -1.47500000000000, -0.635833333333338 ) );
#1242=CARTESIAN_POINT( '', ( 1.07500000000000, -1.47500000000000, -0.695000000000000 ) );
#1243=CARTESIAN_POINT( '', ( 1.07500000000000, -1.52500000000001, -0.413958333333336 ) );
#1244=CARTESIAN_POINT( '', ( 1.07500000000000, -1.52500000000001, -0.458333333333337 ) );
#1245=CARTESIAN_POINT( '', ( 1.07500000000000, -1.52500000000001, -0.576666666666666 ) );
#1246=CARTESIAN_POINT( '', ( 1.07500000000000, -1.52500000000001, -0.635833333333338 ) );
#1247=CARTESIAN_POINT( '', ( 1.07500000000000, -1.52500000000001, -0.695000000000001 ) );
#1248=CARTESIAN_POINT( '', ( 0.924999999999997, -1.52500000000001, -0.413958333333336 ) );
#1249=CARTESIAN_POINT( '', ( 0.924999999999997, -1.52500000000001, -0.458333333333337 ) );
#1250=CARTESIAN_POINT( '', ( 0.924999999999997, -1.52500000000001, -0.576666666666666 ) );
#1251=CARTESIAN_POINT( '', ( 0.924999999999997, -1.52500000000001, -0.635833333333338 ) );
#1252=CARTESIAN_POINT( '', ( 0.924999999999997, -1.52500000000001, -0.695000000000001 ) );
#1253=EDGE_LOOP( '', ( #1733, #1734, #1735, #1736 ) );
#1254=AXIS2_PLACEMENT_3D( '', #1737, #1738, #1739 );
#1255=EDGE_LOOP( '', ( #1740, #1741, #1742, #1743 ) );
#1256=CARTESIAN_POINT( '', ( 0.925000000000000, -1.47499830593657, -0.710709279026477 ) );
#1257=CARTESIAN_POINT( '', ( 0.925000000000000, -1.46070927902648, -0.724998305936586 ) );
#1258=CARTESIAN_POINT( '', ( 0.925000000000000, -1.44500000000000, -0.725000000000000 ) );
#1259=CARTESIAN_POINT( '', ( 0.924999999999997, -1.42500112937560, -0.684527147315683 ) );
#1260=CARTESIAN_POINT( '', ( 0.924999999999997, -1.43452714731570, -0.675001129375618 ) );
#1261=CARTESIAN_POINT( '', ( 0.924999999999997, -1.44500000000001, -0.675000000000000 ) );
#1262=CARTESIAN_POINT( '', ( 1.07500000000000, -1.42500112937560, -0.684527147315683 ) );
#1263=CARTESIAN_POINT( '', ( 1.07500000000000, -1.43452714731570, -0.675001129375618 ) );
#1264=CARTESIAN_POINT( '', ( 1.07500000000000, -1.44500000000001, -0.675000000000000 ) );
#1265=CARTESIAN_POINT( '', ( 1.07500000000000, -1.47499830593657, -0.710709279026477 ) );
#1266=CARTESIAN_POINT( '', ( 1.07500000000000, -1.46070927902648, -0.724998305936586 ) );
#1267=CARTESIAN_POINT( '', ( 1.07500000000000, -1.44500000000000, -0.725000000000000 ) );
#1268=CARTESIAN_POINT( '', ( 1.07500000000000, -1.52499548249755, -0.736891410737269 ) );
#1269=CARTESIAN_POINT( '', ( 1.07500000000000, -1.48689141073726, -0.774995482497553 ) );
#1270=CARTESIAN_POINT( '', ( 1.07500000000000, -1.44500000000001, -0.775000000000001 ) );
#1271=CARTESIAN_POINT( '', ( 0.924999999999997, -1.52499548249755, -0.736891410737269 ) );
#1272=CARTESIAN_POINT( '', ( 0.924999999999997, -1.48689141073726, -0.774995482497553 ) );
#1273=CARTESIAN_POINT( '', ( 0.924999999999997, -1.44500000000001, -0.775000000000001 ) );
#1274=EDGE_LOOP( '', ( #1744 ) );
#1275=EDGE_LOOP( '', ( #1745 ) );
#1276=AXIS2_PLACEMENT_3D( '', #1693, #1746, #1431 );
#1277=EDGE_LOOP( '', ( #1747, #1748, #1749, #1750 ) );
#1278=AXIS2_PLACEMENT_3D( '', #1751, #1752, #399 );
#1279=EDGE_LOOP( '', ( #1753, #1754, #1755, #1756 ) );
#1280=CARTESIAN_POINT( '', ( 0.925000000000000, -1.38000000000004, -0.725000000000000 ) );
#1281=CARTESIAN_POINT( '', ( 0.925000000000000, -1.31500000000001, -0.725000000000000 ) );
#1282=CARTESIAN_POINT( '', ( 0.925000000000000, -1.25000000000000, -0.725000000000000 ) );
#1283=CARTESIAN_POINT( '', ( 0.924999999999997, -1.38000000000004, -0.675000000000000 ) );
#1284=CARTESIAN_POINT( '', ( 0.924999999999997, -1.31500000000001, -0.675000000000000 ) );
#1285=CARTESIAN_POINT( '', ( 0.924999999999997, -1.25000000000001, -0.675000000000000 ) );
#1286=CARTESIAN_POINT( '', ( 1.07500000000000, -1.38000000000004, -0.675000000000000 ) );
#1287=CARTESIAN_POINT( '', ( 1.07500000000000, -1.31500000000001, -0.675000000000000 ) );
#1288=CARTESIAN_POINT( '', ( 1.07500000000000, -1.25000000000001, -0.675000000000000 ) );
#1289=CARTESIAN_POINT( '', ( 1.07500000000000, -1.38000000000004, -0.725000000000000 ) );
#1290=CARTESIAN_POINT( '', ( 1.07500000000000, -1.31500000000001, -0.725000000000000 ) );
#1291=CARTESIAN_POINT( '', ( 1.07500000000000, -1.25000000000000, -0.725000000000000 ) );
#1292=CARTESIAN_POINT( '', ( 1.07500000000000, -1.38000000000004, -0.775000000000001 ) );
#1293=CARTESIAN_POINT( '', ( 1.07500000000000, -1.31500000000001, -0.775000000000001 ) );
#1294=CARTESIAN_POINT( '', ( 1.07500000000000, -1.25000000000001, -0.775000000000001 ) );
#1295=CARTESIAN_POINT( '', ( 0.924999999999997, -1.38000000000004, -0.775000000000001 ) );
#1296=CARTESIAN_POINT( '', ( 0.924999999999997, -1.31500000000001, -0.775000000000001 ) );
#1297=CARTESIAN_POINT( '', ( 0.924999999999997, -1.25000000000001, -0.775000000000001 ) );
#1298=EDGE_LOOP( '', ( #1757, #1758, #1759, #1760 ) );
#1299=EDGE_LOOP( '', ( #1761, #1762, #1763, #1764, #1765, #1766, #1767, #1768 ) );
#1300=AXIS2_PLACEMENT_3D( '', #1769, #1480, #1416 );
#1301=EDGE_LOOP( '', ( #1770, #1771, #1772, #1773 ) );
#1302=AXIS2_PLACEMENT_3D( '', #1512, #1774, #1775 );
#1303=EDGE_LOOP( '', ( #1776, #1777, #1778, #1779 ) );
#1304=AXIS2_PLACEMENT_3D( '', #1780, #1373, #1363 );
#1305=EDGE_LOOP( '', ( #1781, #1782, #1783, #1784 ) );
#1306=AXIS2_PLACEMENT_3D( '', #1487, #1752, #399 );
#1307=EDGE_LOOP( '', ( #1785, #1786, #1787, #1788 ) );
#1308=AXIS2_PLACEMENT_3D( '', #1789, #399, #400 );
#1309=EDGE_LOOP( '', ( #1790, #1791, #1792, #1793 ) );
#1310=CARTESIAN_POINT( '', ( 0.948759972462516, -0.875186005517462, -0.0119693381204209 ) );
#1311=CARTESIAN_POINT( '', ( 0.946068556400331, -0.940962564179973, -0.0133785602752071 ) );
#1312=CARTESIAN_POINT( '', ( 0.944052411680609, -1.00237346610005, -0.0496438239133681 ) );
#1313=CARTESIAN_POINT( '', ( 0.948759972462516, -0.875186005517462, -0.0630306618795842 ) );
#1314=CARTESIAN_POINT( '', ( 0.946462002587341, -0.923292313059990, -0.0618274476665814 ) );
#1315=CARTESIAN_POINT( '', ( 0.943576723459801, -0.970929345294207, -0.0862020188023382 ) );
#1316=CARTESIAN_POINT( '', ( 0.972090336625770, -0.915093493590924, -0.0841964693675337 ) );
#1317=CARTESIAN_POINT( '', ( 0.970334706794441, -0.956841535042925, -0.102523752957724 ) );
#1318=CARTESIAN_POINT( '', ( 1.02790966337422, -0.915093493590925, -0.0841964693675337 ) );
#1319=CARTESIAN_POINT( '', ( 1.02966529320555, -0.956841535042925, -0.102523752957724 ) );
#1320=CARTESIAN_POINT( '', ( 1.05124002753748, -0.875186005517462, -0.0630306618795842 ) );
#1321=CARTESIAN_POINT( '', ( 1.05353799741265, -0.923292313059991, -0.0618274476665814 ) );
#1322=CARTESIAN_POINT( '', ( 1.05642327654019, -0.970929345294207, -0.0862020188023381 ) );
#1323=CARTESIAN_POINT( '', ( 1.05124002753748, -0.875186005517462, -0.0119693381204209 ) );
#1324=CARTESIAN_POINT( '', ( 1.05393144359966, -0.940962564179973, -0.0133785602752071 ) );
#1325=CARTESIAN_POINT( '', ( 1.05594758831938, -1.00237346610005, -0.0496438239133683 ) );
#1326=CARTESIAN_POINT( '', ( 1.02682921568024, -0.875186005517462, 0.0112599724625163 ) );
#1327=CARTESIAN_POINT( '', ( 1.02831041544637, -0.948833069368676, 0.00843108928869523 ) );
#1328=CARTESIAN_POINT( '', ( 1.02918988471019, -1.01689992493319, -0.0327759464221204 ) );
#1329=CARTESIAN_POINT( '', ( 1.03073080653487, -1.05151896210138, -0.0951748126861266 ) );
#1330=CARTESIAN_POINT( '', ( 0.973170784319749, -0.875186005517462, 0.0112599724625163 ) );
#1331=CARTESIAN_POINT( '', ( 0.971689584553626, -0.948833069368676, 0.00843108928869525 ) );
#1332=CARTESIAN_POINT( '', ( 0.970810115289804, -1.01689992493319, -0.0327759464221210 ) );
#1333=CARTESIAN_POINT( '', ( 0.969269193465127, -1.05151896210138, -0.0951748126861266 ) );
#1334=EDGE_LOOP( '', ( #1794, #1795, #1796, #1797, #1798 ) );
#1335=AXIS2_PLACEMENT_3D( '', #1799, #1488, #1363 );
#1336=EDGE_LOOP( '', ( #1800 ) );
#1337=CARTESIAN_POINT( '', ( -1.10744742882936E-014, -1.97239610209443, -0.750123905467733 ) );
#1338=DIRECTION( '', ( 6.20753742158199E-032, 1.33226762955017E-015, 1.00000000000000 ) );
#1339=DIRECTION( '', ( -1.94289029309399E-016, 1.00000000000000, -1.33226762955017E-015 ) );
#1340=CARTESIAN_POINT( '', ( 1.87562805399557E-014, 1.97239610209443, -0.750123905467733 ) );
#1341=DIRECTION( '', ( 7.51118404508923E-016, -1.41553435639708E-015, 1.00000000000000 ) );
#1342=DIRECTION( '', ( 4.99686830581993E-016, -1.00000000000000, -1.41553435639708E-015 ) );
#1343=DIRECTION( '', ( 2.08166817117217E-016, 7.42276922782263E-017, 1.00000000000000 ) );
#1344=DIRECTION( '', ( 4.54419209585030E-018, 1.00000000000000, -7.42276922782263E-017 ) );
#1345=SURFACE_STYLE_FILL_AREA( #1801 );
#1346=ORIENTED_EDGE( '', *, *, #1802, .F. );
#1347=ORIENTED_EDGE( '', *, *, #1803, .F. );
#1348=ORIENTED_EDGE( '', *, *, #1804, .T. );
#1349=ORIENTED_EDGE( '', *, *, #1805, .T. );
#1350=CARTESIAN_POINT( '', ( -1.25000000000000, -1.50000000000000, 0.750000000000000 ) );
#1351=DIRECTION( '', ( -1.00000000000000, -1.44560289664734E-015, 0.000000000000000 ) );
#1352=DIRECTION( '', ( 1.44560289664734E-015, -1.00000000000000, 0.000000000000000 ) );
#1353=SURFACE_STYLE_FILL_AREA( #1806 );
#1354=ORIENTED_EDGE( '', *, *, #1807, .T. );
#1355=ORIENTED_EDGE( '', *, *, #1808, .T. );
#1356=ORIENTED_EDGE( '', *, *, #1809, .F. );
#1357=ORIENTED_EDGE( '', *, *, #1808, .F. );
#1358=ORIENTED_EDGE( '', *, *, #1810, .F. );
#1359=ORIENTED_EDGE( '', *, *, #1811, .F. );
#1360=ORIENTED_EDGE( '', *, *, #1812, .T. );
#1361=ORIENTED_EDGE( '', *, *, #1813, .T. );
#1362=CARTESIAN_POINT( '', ( 1.50000000000000, -1.05566243270259, 0.750000000000000 ) );
#1363=DIRECTION( '', ( 0.000000000000000, 0.000000000000000, -1.00000000000000 ) );
#1364=ORIENTED_EDGE( '', *, *, #1814, .T. );
#1365=ORIENTED_EDGE( '', *, *, #1815, .T. );
#1366=ORIENTED_EDGE( '', *, *, #1816, .F. );
#1367=ORIENTED_EDGE( '', *, *, #1815, .F. );
#1368=ORIENTED_EDGE( '', *, *, #1817, .T. );
#1369=ORIENTED_EDGE( '', *, *, #1818, .F. );
#1370=ORIENTED_EDGE( '', *, *, #1819, .F. );
#1371=ORIENTED_EDGE( '', *, *, #1820, .T. );
#1372=CARTESIAN_POINT( '', ( -1.25000000000000, -1.56576723263018, -0.124610493565499 ) );
#1373=DIRECTION( '', ( -1.00000000000000, -0.000000000000000, -0.000000000000000 ) );
#1374=ORIENTED_EDGE( '', *, *, #1821, .F. );
#1375=ORIENTED_EDGE( '', *, *, #1822, .T. );
#1376=ORIENTED_EDGE( '', *, *, #1823, .T. );
#1377=ORIENTED_EDGE( '', *, *, #1824, .F. );
#1378=CARTESIAN_POINT( '', ( 1.25000000000002, -1.15484012260337, -0.750000000000000 ) );
#1379=DIRECTION( '', ( -9.01937303931396E-017, 0.707106781186547, -0.707106781186548 ) );
#1380=DIRECTION( '', ( 0.000000000000000, 0.707106781186548, 0.707106781186547 ) );
#1381=ORIENTED_EDGE( '', *, *, #1825, .F. );
#1382=ORIENTED_EDGE( '', *, *, #1813, .F. );
#1383=ORIENTED_EDGE( '', *, *, #1826, .T. );
#1384=ORIENTED_EDGE( '', *, *, #1827, .T. );
#1385=CARTESIAN_POINT( '', ( 1.25000000000000, -1.20000000000000, 0.750000000000000 ) );
#1386=DIRECTION( '', ( 0.499999999999999, -0.866025403784439, 0.000000000000000 ) );
#1387=DIRECTION( '', ( 0.866025403784439, 0.499999999999999, 0.000000000000000 ) );
#1388=ORIENTED_EDGE( '', *, *, #1828, .F. );
#1389=ORIENTED_EDGE( '', *, *, #1829, .F. );
#1390=ORIENTED_EDGE( '', *, *, #1830, .T. );
#1391=ORIENTED_EDGE( '', *, *, #1831, .T. );
#1392=CARTESIAN_POINT( '', ( -1.25000000000000, 1.04587839612632, -0.844437909261466 ) );
#1393=ORIENTED_EDGE( '', *, *, #1832, .T. );
#1394=ORIENTED_EDGE( '', *, *, #1833, .T. );
#1395=ORIENTED_EDGE( '', *, *, #1832, .F. );
#1396=ORIENTED_EDGE( '', *, *, #1834, .T. );
#1397=ORIENTED_EDGE( '', *, *, #1835, .F. );
#1398=ORIENTED_EDGE( '', *, *, #1836, .T. );
#1399=ORIENTED_EDGE( '', *, *, #1835, .T. );
#1400=ORIENTED_EDGE( '', *, *, #1837, .F. );
#1401=ORIENTED_EDGE( '', *, *, #1838, .T. );
#1402=ORIENTED_EDGE( '', *, *, #1839, .T. );
#1403=ORIENTED_EDGE( '', *, *, #1840, .F. );
#1404=ORIENTED_EDGE( '', *, *, #1839, .F. );
#1405=ORIENTED_EDGE( '', *, *, #1841, .T. );
#1406=ORIENTED_EDGE( '', *, *, #1842, .T. );
#1407=ORIENTED_EDGE( '', *, *, #1843, .T. );
#1408=ORIENTED_EDGE( '', *, *, #1844, .T. );
#1409=ORIENTED_EDGE( '', *, *, #1819, .T. );
#1410=CARTESIAN_POINT( '', ( -1.25000000000000, -1.04587839612632, -0.844437909261466 ) );
#1411=ORIENTED_EDGE( '', *, *, #1845, .F. );
#1412=ORIENTED_EDGE( '', *, *, #1846, .F. );
#1413=ORIENTED_EDGE( '', *, *, #1847, .T. );
#1414=ORIENTED_EDGE( '', *, *, #1848, .T. );
#1415=CARTESIAN_POINT( '', ( 1.50000000000000, 1.50000000000000, -0.750000000000000 ) );
#1416=DIRECTION( '', ( -1.00000000000000, -7.22801448323670E-017, 0.000000000000000 ) );
#1417=DIRECTION( '', ( 7.22801448323670E-017, -1.00000000000000, 0.000000000000000 ) );
#1418=ORIENTED_EDGE( '', *, *, #1849, .F. );
#1419=ORIENTED_EDGE( '', *, *, #1850, .T. );
#1420=ORIENTED_EDGE( '', *, *, #1845, .T. );
#1421=ORIENTED_EDGE( '', *, *, #1851, .F. );
#1422=CARTESIAN_POINT( '', ( 1.45000000000000, 1.09515987739663, -0.750000000000000 ) );
#1423=DIRECTION( '', ( 0.707106781186549, -0.707106781186546, 0.000000000000000 ) );
#1424=DIRECTION( '', ( 0.707106781186546, 0.707106781186549, 0.000000000000000 ) );
#1425=ORIENTED_EDGE( '', *, *, #1852, .F. );
#1426=ORIENTED_EDGE( '', *, *, #1853, .F. );
#1427=ORIENTED_EDGE( '', *, *, #1854, .T. );
#1428=ORIENTED_EDGE( '', *, *, #1855, .T. );
#1429=ORIENTED_EDGE( '', *, *, #1834, .F. );
#1430=CARTESIAN_POINT( '', ( 0.000000000000000, 0.000000000000000, -0.350000000000000 ) );
#1431=DIRECTION( '', ( -1.00000000000000, 0.000000000000000, 0.000000000000000 ) );
#1432=ORIENTED_EDGE( '', *, *, #1856, .T. );
#1433=ORIENTED_EDGE( '', *, *, #1820, .F. );
#1434=ORIENTED_EDGE( '', *, *, #1844, .F. );
#1435=ORIENTED_EDGE( '', *, *, #1857, .T. );
#1436=ORIENTED_EDGE( '', *, *, #1858, .F. );
#1437=ORIENTED_EDGE( '', *, *, #1859, .T. );
#1438=ORIENTED_EDGE( '', *, *, #1838, .F. );
#1439=ORIENTED_EDGE( '', *, *, #1859, .F. );
#1440=ORIENTED_EDGE( '', *, *, #1840, .T. );
#1441=ORIENTED_EDGE( '', *, *, #1860, .T. );
#1442=ORIENTED_EDGE( '', *, *, #1861, .F. );
#1443=ORIENTED_EDGE( '', *, *, #1862, .F. );
#1444=ORIENTED_EDGE( '', *, *, #1860, .F. );
#1445=ORIENTED_EDGE( '', *, *, #1863, .T. );
#1446=ORIENTED_EDGE( '', *, *, #1864, .T. );
#1447=ORIENTED_EDGE( '', *, *, #1865, .F. );
#1448=ORIENTED_EDGE( '', *, *, #1864, .F. );
#1449=ORIENTED_EDGE( '', *, *, #1866, .F. );
#1450=ORIENTED_EDGE( '', *, *, #1867, .T. );
#1451=ORIENTED_EDGE( '', *, *, #1868, .T. );
#1452=ORIENTED_EDGE( '', *, *, #1869, .F. );
#1453=CARTESIAN_POINT( '', ( 1.25000000000002, 0.895159877396630, -0.700000000000000 ) );
#1454=ORIENTED_EDGE( '', *, *, #1868, .F. );
#1455=ORIENTED_EDGE( '', *, *, #1870, .T. );
#1456=ORIENTED_EDGE( '', *, *, #1871, .T. );
#1457=ORIENTED_EDGE( '', *, *, #1850, .F. );
#1458=CARTESIAN_POINT( '', ( 1.25000000000002, 1.09515987739663, -0.700000000000000 ) );
#1459=DIRECTION( '', ( 9.01937303931400E-017, -0.707106781186550, -0.707106781186545 ) );
#1460=DIRECTION( '', ( 0.000000000000000, 0.707106781186545, -0.707106781186550 ) );
#1461=ORIENTED_EDGE( '', *, *, #1872, .T. );
#1462=ORIENTED_EDGE( '', *, *, #1873, .T. );
#1463=ORIENTED_EDGE( '', *, *, #1874, .T. );
#1464=ORIENTED_EDGE( '', *, *, #1875, .T. );
#1465=ORIENTED_EDGE( '', *, *, #1855, .F. );
#1466=ORIENTED_EDGE( '', *, *, #1876, .T. );
#1467=ORIENTED_EDGE( '', *, *, #1877, .T. );
#1468=ORIENTED_EDGE( '', *, *, #1851, .T. );
#1469=ORIENTED_EDGE( '', *, *, #1848, .F. );
#1470=ORIENTED_EDGE( '', *, *, #1878, .F. );
#1471=ORIENTED_EDGE( '', *, *, #1879, .F. );
#1472=ORIENTED_EDGE( '', *, *, #1880, .F. );
#1473=ORIENTED_EDGE( '', *, *, #1881, .F. );
#1474=ORIENTED_EDGE( '', *, *, #1879, .T. );
#1475=ORIENTED_EDGE( '', *, *, #1882, .F. );
#1476=ORIENTED_EDGE( '', *, *, #1883, .F. );
#1477=ORIENTED_EDGE( '', *, *, #1884, .T. );
#1478=CARTESIAN_POINT( '', ( -1.50000000000000, -1.50000000000000, -0.750000000000000 ) );
#1479=DIRECTION( '', ( 1.00000000000000, 7.22801448323670E-017, 0.000000000000000 ) );
#1480=DIRECTION( '', ( -7.22801448323670E-017, 1.00000000000000, 0.000000000000000 ) );
#1481=SURFACE_STYLE_FILL_AREA( #1885 );
#1482=ORIENTED_EDGE( '', *, *, #1886, .T. );
#1483=ORIENTED_EDGE( '', *, *, #1887, .T. );
#1484=ORIENTED_EDGE( '', *, *, #1888, .T. );
#1485=ORIENTED_EDGE( '', *, *, #1889, .T. );
#1486=ORIENTED_EDGE( '', *, *, #1890, .T. );
#1487=CARTESIAN_POINT( '', ( 0.928771006362197, -1.25000000000000, -0.0898760945322735 ) );
#1488=DIRECTION( '', ( 0.000000000000000, -1.00000000000000, 0.000000000000000 ) );
#1489=ORIENTED_EDGE( '', *, *, #1891, .F. );
#1490=ORIENTED_EDGE( '', *, *, #1892, .F. );
#1491=ORIENTED_EDGE( '', *, *, #1893, .T. );
#1492=ORIENTED_EDGE( '', *, *, #1803, .T. );
#1493=ORIENTED_EDGE( '', *, *, #1822, .F. );
#1494=ORIENTED_EDGE( '', *, *, #1894, .F. );
#1495=ORIENTED_EDGE( '', *, *, #1895, .F. );
#1496=ORIENTED_EDGE( '', *, *, #1817, .F. );
#1497=ORIENTED_EDGE( '', *, *, #1856, .F. );
#1498=ORIENTED_EDGE( '', *, *, #1896, .F. );
#1499=ORIENTED_EDGE( '', *, *, #1897, .F. );
#1500=ORIENTED_EDGE( '', *, *, #1898, .F. );
#1501=ORIENTED_EDGE( '', *, *, #1899, .F. );
#1502=CARTESIAN_POINT( '', ( 1.25000000000000, -1.04587839612632, -0.844437909261466 ) );
#1503=ORIENTED_EDGE( '', *, *, #1823, .F. );
#1504=ORIENTED_EDGE( '', *, *, #1899, .T. );
#1505=ORIENTED_EDGE( '', *, *, #1900, .T. );
#1506=ORIENTED_EDGE( '', *, *, #1901, .F. );
#1507=CARTESIAN_POINT( '', ( 1.25000000000002, -1.10484012260337, -0.700000000000000 ) );
#1508=ORIENTED_EDGE( '', *, *, #1902, .F. );
#1509=ORIENTED_EDGE( '', *, *, #1903, .F. );
#1510=ORIENTED_EDGE( '', *, *, #1904, .T. );
#1511=ORIENTED_EDGE( '', *, *, #1905, .T. );
#1512=CARTESIAN_POINT( '', ( 1.25000000000000, 1.50000000000000, 0.750000000000000 ) );
#1513=DIRECTION( '', ( -1.73472347597681E-016, 1.00000000000000, 0.000000000000000 ) );
#1514=DIRECTION( '', ( -1.00000000000000, -1.73472347597681E-016, 0.000000000000000 ) );
#1515=ORIENTED_EDGE( '', *, *, #1906, .F. );
#1516=ORIENTED_EDGE( '', *, *, #1824, .T. );
#1517=ORIENTED_EDGE( '', *, *, #1907, .T. );
#1518=ORIENTED_EDGE( '', *, *, #1873, .F. );
#1519=CARTESIAN_POINT( '', ( 1.50000000000000, -1.15484012260337, -0.750000000000000 ) );
#1520=DIRECTION( '', ( 0.707106781186549, 0.707106781186546, 0.000000000000000 ) );
#1521=DIRECTION( '', ( -0.707106781186546, 0.707106781186549, 0.000000000000000 ) );
#1522=ORIENTED_EDGE( '', *, *, #1854, .F. );
#1523=ORIENTED_EDGE( '', *, *, #1908, .T. );
#1524=ORIENTED_EDGE( '', *, *, #1909, .T. );
#1525=ORIENTED_EDGE( '', *, *, #1876, .F. );
#1526=CARTESIAN_POINT( '', ( 1.50000000000000, 0.845159877396630, -0.750000000000000 ) );
#1527=DIRECTION( '', ( 0.707106781186548, 0.707106781186547, 0.000000000000000 ) );
#1528=DIRECTION( '', ( -0.707106781186547, 0.707106781186548, 0.000000000000000 ) );
#1529=ORIENTED_EDGE( '', *, *, #1910, .F. );
#1530=ORIENTED_EDGE( '', *, *, #1911, .T. );
#1531=ORIENTED_EDGE( '', *, *, #1912, .F. );
#1532=ORIENTED_EDGE( '', *, *, #1882, .T. );
#1533=ORIENTED_EDGE( '', *, *, #1878, .T. );
#1534=ORIENTED_EDGE( '', *, *, #1847, .F. );
#1535=ORIENTED_EDGE( '', *, *, #1913, .F. );
#1536=ORIENTED_EDGE( '', *, *, #1914, .F. );
#1537=CARTESIAN_POINT( '', ( -1.50000000000000, 1.50000000000000, -0.750000000000000 ) );
#1538=ORIENTED_EDGE( '', *, *, #1915, .F. );
#1539=ORIENTED_EDGE( '', *, *, #1916, .F. );
#1540=ORIENTED_EDGE( '', *, *, #1917, .T. );
#1541=ORIENTED_EDGE( '', *, *, #1811, .T. );
#1542=CARTESIAN_POINT( '', ( 1.25000000000000, 1.20000000000000, 0.750000000000000 ) );
#1543=DIRECTION( '', ( 0.500000000000000, 0.866025403784439, 0.000000000000000 ) );
#1544=DIRECTION( '', ( -0.866025403784439, 0.499999999999999, 0.000000000000000 ) );
#1545=ORIENTED_EDGE( '', *, *, #1900, .F. );
#1546=ORIENTED_EDGE( '', *, *, #1898, .T. );
#1547=ORIENTED_EDGE( '', *, *, #1918, .T. );
#1548=ORIENTED_EDGE( '', *, *, #1919, .F. );
#1549=CARTESIAN_POINT( '', ( 1.25000000000002, -0.904840122603370, -0.700000000000000 ) );
#1550=DIRECTION( '', ( 9.01937303931400E-017, -0.707106781186551, -0.707106781186544 ) );
#1551=DIRECTION( '', ( 6.00810936955786E-032, 0.707106781186544, -0.707106781186551 ) );
#1552=ORIENTED_EDGE( '', *, *, #1920, .T. );
#1553=CARTESIAN_POINT( '', ( 1.00000000000000, -1.25000000000000, -0.725000000000000 ) );
#1554=ORIENTED_EDGE( '', *, *, #1921, .T. );
#1555=ORIENTED_EDGE( '', *, *, #1922, .T. );
#1556=ORIENTED_EDGE( '', *, *, #1923, .T. );
#1557=CARTESIAN_POINT( '', ( 1.05000000000000, 5.14996031930615E-015, -0.0375000000000026 ) );
#1558=ORIENTED_EDGE( '', *, *, #1836, .F. );
#1559=ORIENTED_EDGE( '', *, *, #1833, .F. );
#1560=ORIENTED_EDGE( '', *, *, #1867, .F. );
#1561=ORIENTED_EDGE( '', *, *, #1924, .F. );
#1562=ORIENTED_EDGE( '', *, *, #1925, .T. );
#1563=ORIENTED_EDGE( '', *, *, #1926, .T. );
#1564=ORIENTED_EDGE( '', *, *, #1828, .T. );
#1565=ORIENTED_EDGE( '', *, *, #1927, .T. );
#1566=ORIENTED_EDGE( '', *, *, #1914, .T. );
#1567=ORIENTED_EDGE( '', *, *, #1928, .T. );
#1568=ORIENTED_EDGE( '', *, *, #1870, .F. );
#1569=CARTESIAN_POINT( '', ( 1.25000000000000, 1.04587839612632, -0.844437909261466 ) );
#1570=ORIENTED_EDGE( '', *, *, #1893, .F. );
#1571=ORIENTED_EDGE( '', *, *, #1929, .F. );
#1572=ORIENTED_EDGE( '', *, *, #1826, .F. );
#1573=ORIENTED_EDGE( '', *, *, #1812, .F. );
#1574=ORIENTED_EDGE( '', *, *, #1917, .F. );
#1575=ORIENTED_EDGE( '', *, *, #1930, .F. );
#1576=ORIENTED_EDGE( '', *, *, #1904, .F. );
#1577=ORIENTED_EDGE( '', *, *, #1931, .F. );
#1578=ORIENTED_EDGE( '', *, *, #1932, .F. );
#1579=ORIENTED_EDGE( '', *, *, #1933, .F. );
#1580=ORIENTED_EDGE( '', *, *, #1934, .F. );
#1581=ORIENTED_EDGE( '', *, *, #1804, .F. );
#1582=CARTESIAN_POINT( '', ( 0.000000000000000, 0.000000000000000, 0.750000000000000 ) );
#1583=ORIENTED_EDGE( '', *, *, #1935, .F. );
#1584=ORIENTED_EDGE( '', *, *, #1936, .F. );
#1585=ORIENTED_EDGE( '', *, *, #1933, .T. );
#1586=ORIENTED_EDGE( '', *, *, #1937, .T. );
#1587=CARTESIAN_POINT( '', ( -1.50000000000000, 1.05566243270259, 0.750000000000000 ) );
#1588=DIRECTION( '', ( -1.00000000000000, 1.02703491087567E-016, 0.000000000000000 ) );
#1589=DIRECTION( '', ( -1.02703491087567E-016, -1.00000000000000, 0.000000000000000 ) );
#1590=ORIENTED_EDGE( '', *, *, #1938, .T. );
#1591=ORIENTED_EDGE( '', *, *, #1939, .F. );
#1592=ORIENTED_EDGE( '', *, *, #1886, .F. );
#1593=ORIENTED_EDGE( '', *, *, #1940, .T. );
#1594=CARTESIAN_POINT( '', ( 0.472396102094430, -1.25000000000000, 0.0951239054677311 ) );
#1595=ORIENTED_EDGE( '', *, *, #1941, .F. );
#1596=ORIENTED_EDGE( '', *, *, #1805, .F. );
#1597=ORIENTED_EDGE( '', *, *, #1934, .T. );
#1598=ORIENTED_EDGE( '', *, *, #1936, .T. );
#1599=CARTESIAN_POINT( '', ( -1.25000000000000, -1.20000000000000, 0.750000000000000 ) );
#1600=DIRECTION( '', ( -0.500000000000000, -0.866025403784439, 0.000000000000000 ) );
#1601=DIRECTION( '', ( 0.866025403784439, -0.500000000000000, 0.000000000000000 ) );
#1602=ORIENTED_EDGE( '', *, *, #1942, .F. );
#1603=ORIENTED_EDGE( '', *, *, #1827, .F. );
#1604=ORIENTED_EDGE( '', *, *, #1929, .T. );
#1605=ORIENTED_EDGE( '', *, *, #1892, .T. );
#1606=CARTESIAN_POINT( '', ( 1.25000000000000, -1.50000000000000, 0.750000000000000 ) );
#1607=DIRECTION( '', ( 1.00000000000000, -7.22801448323669E-016, 0.000000000000000 ) );
#1608=DIRECTION( '', ( 7.22801448323669E-016, 1.00000000000000, 0.000000000000000 ) );
#1609=ORIENTED_EDGE( '', *, *, #1926, .F. );
#1610=ORIENTED_EDGE( '', *, *, #1943, .F. );
#1611=ORIENTED_EDGE( '', *, *, #1944, .T. );
#1612=ORIENTED_EDGE( '', *, *, #1829, .T. );
#1613=CARTESIAN_POINT( '', ( -1.25000000000000, 0.750000000000000, -0.750000000000000 ) );
#1614=DIRECTION( '', ( 0.000000000000000, 1.00000000000000, 0.000000000000000 ) );
#1615=ORIENTED_EDGE( '', *, *, #1945, .T. );
#1616=ORIENTED_EDGE( '', *, *, #1946, .T. );
#1617=ORIENTED_EDGE( '', *, *, #1947, .F. );
#1618=ORIENTED_EDGE( '', *, *, #1946, .F. );
#1619=ORIENTED_EDGE( '', *, *, #1948, .T. );
#1620=CARTESIAN_POINT( '', ( -1.00000000000000, -1.25000000000000, -0.725000000000000 ) );
#1621=ORIENTED_EDGE( '', *, *, #1923, .F. );
#1622=ORIENTED_EDGE( '', *, *, #1949, .T. );
#1623=CARTESIAN_POINT( '', ( 0.199999999999997, -0.847053717304856, -0.0375000000000026 ) );
#1624=ORIENTED_EDGE( '', *, *, #1907, .F. );
#1625=ORIENTED_EDGE( '', *, *, #1901, .T. );
#1626=ORIENTED_EDGE( '', *, *, #1950, .T. );
#1627=ORIENTED_EDGE( '', *, *, #1874, .F. );
#1628=CARTESIAN_POINT( '', ( 1.45000000000000, -1.10484012260337, -0.750000000000000 ) );
#1629=ORIENTED_EDGE( '', *, *, #1861, .T. );
#1630=ORIENTED_EDGE( '', *, *, #1862, .T. );
#1631=ORIENTED_EDGE( '', *, *, #1951, .T. );
#1632=ORIENTED_EDGE( '', *, *, #1863, .F. );
#1633=ORIENTED_EDGE( '', *, *, #1951, .F. );
#1634=ORIENTED_EDGE( '', *, *, #1921, .F. );
#1635=ORIENTED_EDGE( '', *, *, #1922, .F. );
#1636=ORIENTED_EDGE( '', *, *, #1858, .T. );
#1637=ORIENTED_EDGE( '', *, *, #1947, .T. );
#1638=ORIENTED_EDGE( '', *, *, #1952, .T. );
#1639=ORIENTED_EDGE( '', *, *, #1948, .F. );
#1640=ORIENTED_EDGE( '', *, *, #1952, .F. );
#1641=ORIENTED_EDGE( '', *, *, #1816, .T. );
#1642=ORIENTED_EDGE( '', *, *, #1953, .T. );
#1643=ORIENTED_EDGE( '', *, *, #1807, .F. );
#1644=ORIENTED_EDGE( '', *, *, #1953, .F. );
#1645=ORIENTED_EDGE( '', *, *, #1950, .F. );
#1646=ORIENTED_EDGE( '', *, *, #1919, .T. );
#1647=ORIENTED_EDGE( '', *, *, #1852, .T. );
#1648=ORIENTED_EDGE( '', *, *, #1875, .F. );
#1649=CARTESIAN_POINT( '', ( 1.45000000000000, -0.904840122603370, -0.750000000000000 ) );
#1650=DIRECTION( '', ( 0.707106781186548, -0.707106781186548, 0.000000000000000 ) );
#1651=DIRECTION( '', ( 0.707106781186548, 0.707106781186548, 0.000000000000000 ) );
#1652=ORIENTED_EDGE( '', *, *, #1853, .T. );
#1653=ORIENTED_EDGE( '', *, *, #1918, .F. );
#1654=ORIENTED_EDGE( '', *, *, #1897, .T. );
#1655=ORIENTED_EDGE( '', *, *, #1954, .F. );
#1656=ORIENTED_EDGE( '', *, *, #1842, .F. );
#1657=ORIENTED_EDGE( '', *, *, #1955, .T. );
#1658=ORIENTED_EDGE( '', *, *, #1883, .T. );
#1659=ORIENTED_EDGE( '', *, *, #1912, .T. );
#1660=ORIENTED_EDGE( '', *, *, #1956, .T. );
#1661=ORIENTED_EDGE( '', *, *, #1943, .T. );
#1662=ORIENTED_EDGE( '', *, *, #1925, .F. );
#1663=ORIENTED_EDGE( '', *, *, #1957, .T. );
#1664=CARTESIAN_POINT( '', ( 0.000000000000000, 0.000000000000000, -0.750000000000000 ) );
#1665=ORIENTED_EDGE( '', *, *, #1906, .T. );
#1666=ORIENTED_EDGE( '', *, *, #1881, .T. );
#1667=ORIENTED_EDGE( '', *, *, #1958, .F. );
#1668=ORIENTED_EDGE( '', *, *, #1959, .F. );
#1669=ORIENTED_EDGE( '', *, *, #1949, .F. );
#1670=ORIENTED_EDGE( '', *, *, #1960, .T. );
#1671=ORIENTED_EDGE( '', *, *, #1961, .F. );
#1672=ORIENTED_EDGE( '', *, *, #1960, .F. );
#1673=ORIENTED_EDGE( '', *, *, #1962, .F. );
#1674=ORIENTED_EDGE( '', *, *, #1937, .F. );
#1675=ORIENTED_EDGE( '', *, *, #1932, .T. );
#1676=ORIENTED_EDGE( '', *, *, #1963, .T. );
#1677=CARTESIAN_POINT( '', ( -1.25000000000000, 1.20000000000000, 0.750000000000000 ) );
#1678=DIRECTION( '', ( -0.500000000000000, 0.866025403784439, 0.000000000000000 ) );
#1679=DIRECTION( '', ( -0.866025403784439, -0.500000000000000, 0.000000000000000 ) );
#1680=ORIENTED_EDGE( '', *, *, #1964, .T. );
#1681=ORIENTED_EDGE( '', *, *, #1891, .T. );
#1682=ORIENTED_EDGE( '', *, *, #1802, .T. );
#1683=ORIENTED_EDGE( '', *, *, #1941, .T. );
#1684=ORIENTED_EDGE( '', *, *, #1935, .T. );
#1685=ORIENTED_EDGE( '', *, *, #1962, .T. );
#1686=ORIENTED_EDGE( '', *, *, #1965, .T. );
#1687=ORIENTED_EDGE( '', *, *, #1902, .T. );
#1688=ORIENTED_EDGE( '', *, *, #1966, .T. );
#1689=ORIENTED_EDGE( '', *, *, #1915, .T. );
#1690=ORIENTED_EDGE( '', *, *, #1810, .T. );
#1691=ORIENTED_EDGE( '', *, *, #1825, .T. );
#1692=ORIENTED_EDGE( '', *, *, #1942, .T. );
#1693=CARTESIAN_POINT( '', ( 0.000000000000000, 0.000000000000000, 0.350000000000000 ) );
#1694=ORIENTED_EDGE( '', *, *, #1865, .T. );
#1695=ORIENTED_EDGE( '', *, *, #1967, .T. );
#1696=ORIENTED_EDGE( '', *, *, #1945, .F. );
#1697=ORIENTED_EDGE( '', *, *, #1967, .F. );
#1698=ORIENTED_EDGE( '', *, *, #1965, .F. );
#1699=ORIENTED_EDGE( '', *, *, #1963, .F. );
#1700=ORIENTED_EDGE( '', *, *, #1931, .T. );
#1701=ORIENTED_EDGE( '', *, *, #1903, .T. );
#1702=CARTESIAN_POINT( '', ( -1.25000000000000, 1.50000000000000, 0.750000000000000 ) );
#1703=DIRECTION( '', ( -1.00000000000000, 1.44560289664734E-015, 0.000000000000000 ) );
#1704=DIRECTION( '', ( -1.44560289664734E-015, -1.00000000000000, 0.000000000000000 ) );
#1705=ORIENTED_EDGE( '', *, *, #1909, .F. );
#1706=ORIENTED_EDGE( '', *, *, #1869, .T. );
#1707=ORIENTED_EDGE( '', *, *, #1849, .T. );
#1708=ORIENTED_EDGE( '', *, *, #1877, .F. );
#1709=CARTESIAN_POINT( '', ( 1.45000000000000, 0.895159877396630, -0.750000000000000 ) );
#1710=ORIENTED_EDGE( '', *, *, #1896, .T. );
#1711=ORIENTED_EDGE( '', *, *, #1857, .F. );
#1712=ORIENTED_EDGE( '', *, *, #1843, .F. );
#1713=ORIENTED_EDGE( '', *, *, #1954, .T. );
#1714=CARTESIAN_POINT( '', ( -1.25000000000000, -0.750000000000000, -0.750000000000000 ) );
#1715=ORIENTED_EDGE( '', *, *, #1911, .F. );
#1716=ORIENTED_EDGE( '', *, *, #1968, .F. );
#1717=ORIENTED_EDGE( '', *, *, #1830, .F. );
#1718=ORIENTED_EDGE( '', *, *, #1944, .F. );
#1719=ORIENTED_EDGE( '', *, *, #1956, .F. );
#1720=ORIENTED_EDGE( '', *, *, #1969, .T. );
#1721=ORIENTED_EDGE( '', *, *, #1970, .F. );
#1722=ORIENTED_EDGE( '', *, *, #1888, .F. );
#1723=ORIENTED_EDGE( '', *, *, #1971, .T. );
#1724=CARTESIAN_POINT( '', ( 1.22239610209443, -1.25000000000000, 0.000123905467733221 ) );
#1725=ORIENTED_EDGE( '', *, *, #1846, .T. );
#1726=ORIENTED_EDGE( '', *, *, #1871, .F. );
#1727=ORIENTED_EDGE( '', *, *, #1928, .F. );
#1728=ORIENTED_EDGE( '', *, *, #1913, .T. );
#1729=ORIENTED_EDGE( '', *, *, #1809, .T. );
#1730=ORIENTED_EDGE( '', *, *, #1972, .T. );
#1731=ORIENTED_EDGE( '', *, *, #1973, .F. );
#1732=ORIENTED_EDGE( '', *, *, #1972, .F. );
#1733=ORIENTED_EDGE( '', *, *, #1957, .F. );
#1734=ORIENTED_EDGE( '', *, *, #1924, .T. );
#1735=ORIENTED_EDGE( '', *, *, #1866, .T. );
#1736=ORIENTED_EDGE( '', *, *, #1908, .F. );
#1737=CARTESIAN_POINT( '', ( 1.25000000000002, 0.845159877396630, -0.750000000000000 ) );
#1738=DIRECTION( '', ( -9.01937303931400E-017, 0.707106781186550, -0.707106781186545 ) );
#1739=DIRECTION( '', ( 0.000000000000000, 0.707106781186545, 0.707106781186550 ) );
#1740=ORIENTED_EDGE( '', *, *, #1973, .T. );
#1741=ORIENTED_EDGE( '', *, *, #1974, .T. );
#1742=ORIENTED_EDGE( '', *, *, #1975, .F. );
#1743=ORIENTED_EDGE( '', *, *, #1974, .F. );
#1744=ORIENTED_EDGE( '', *, *, #1964, .F. );
#1745=ORIENTED_EDGE( '', *, *, #1872, .F. );
#1746=DIRECTION( '', ( -0.000000000000000, -0.000000000000000, 1.00000000000000 ) );
#1747=ORIENTED_EDGE( '', *, *, #1976, .T. );
#1748=ORIENTED_EDGE( '', *, *, #1940, .F. );
#1749=ORIENTED_EDGE( '', *, *, #1890, .F. );
#1750=ORIENTED_EDGE( '', *, *, #1977, .T. );
#1751=CARTESIAN_POINT( '', ( 0.410795436930400, -1.25000000000000, 0.621531882279772 ) );
#1752=DIRECTION( '', ( -0.000000000000000, -1.00000000000000, -0.000000000000000 ) );
#1753=ORIENTED_EDGE( '', *, *, #1975, .T. );
#1754=ORIENTED_EDGE( '', *, *, #1978, .T. );
#1755=ORIENTED_EDGE( '', *, *, #1920, .F. );
#1756=ORIENTED_EDGE( '', *, *, #1978, .F. );
#1757=ORIENTED_EDGE( '', *, *, #1894, .T. );
#1758=ORIENTED_EDGE( '', *, *, #1821, .T. );
#1759=ORIENTED_EDGE( '', *, *, #1959, .T. );
#1760=ORIENTED_EDGE( '', *, *, #1979, .T. );
#1761=ORIENTED_EDGE( '', *, *, #1841, .F. );
#1762=ORIENTED_EDGE( '', *, *, #1818, .T. );
#1763=ORIENTED_EDGE( '', *, *, #1895, .T. );
#1764=ORIENTED_EDGE( '', *, *, #1979, .F. );
#1765=ORIENTED_EDGE( '', *, *, #1958, .T. );
#1766=ORIENTED_EDGE( '', *, *, #1880, .T. );
#1767=ORIENTED_EDGE( '', *, *, #1884, .F. );
#1768=ORIENTED_EDGE( '', *, *, #1955, .F. );
#1769=CARTESIAN_POINT( '', ( 1.50000000000000, -1.50000000000000, -0.750000000000000 ) );
#1770=ORIENTED_EDGE( '', *, *, #1966, .F. );
#1771=ORIENTED_EDGE( '', *, *, #1905, .F. );
#1772=ORIENTED_EDGE( '', *, *, #1930, .T. );
#1773=ORIENTED_EDGE( '', *, *, #1916, .T. );
#1774=DIRECTION( '', ( 1.00000000000000, 1.44560289664734E-015, 0.000000000000000 ) );
#1775=DIRECTION( '', ( -1.44560289664734E-015, 1.00000000000000, 0.000000000000000 ) );
#1776=ORIENTED_EDGE( '', *, *, #1927, .F. );
#1777=ORIENTED_EDGE( '', *, *, #1831, .F. );
#1778=ORIENTED_EDGE( '', *, *, #1968, .T. );
#1779=ORIENTED_EDGE( '', *, *, #1910, .T. );
#1780=CARTESIAN_POINT( '', ( -1.25000000000000, 1.56576723263018, -0.124610493565499 ) );
#1781=ORIENTED_EDGE( '', *, *, #1980, .T. );
#1782=ORIENTED_EDGE( '', *, *, #1977, .F. );
#1783=ORIENTED_EDGE( '', *, *, #1889, .F. );
#1784=ORIENTED_EDGE( '', *, *, #1970, .T. );
#1785=ORIENTED_EDGE( '', *, *, #1981, .T. );
#1786=ORIENTED_EDGE( '', *, *, #1971, .F. );
#1787=ORIENTED_EDGE( '', *, *, #1887, .F. );
#1788=ORIENTED_EDGE( '', *, *, #1939, .T. );
#1789=CARTESIAN_POINT( '', ( 0.472396102094430, -1.25000000000000, 0.000123905467733221 ) );
#1790=ORIENTED_EDGE( '', *, *, #1961, .T. );
#1791=ORIENTED_EDGE( '', *, *, #1982, .T. );
#1792=ORIENTED_EDGE( '', *, *, #1814, .F. );
#1793=ORIENTED_EDGE( '', *, *, #1982, .F. );
#1794=ORIENTED_EDGE( '', *, *, #1938, .F. );
#1795=ORIENTED_EDGE( '', *, *, #1976, .F. );
#1796=ORIENTED_EDGE( '', *, *, #1980, .F. );
#1797=ORIENTED_EDGE( '', *, *, #1969, .F. );
#1798=ORIENTED_EDGE( '', *, *, #1981, .F. );
#1799=CARTESIAN_POINT( '', ( 0.928771006362197, 1.25000000000000, -0.0898760945322735 ) );
#1800=ORIENTED_EDGE( '', *, *, #1837, .T. );
#1801=FILL_AREA_STYLE( '', ( #1983 ) );
#1802=EDGE_CURVE( '', #1984, #1985, #1986, .T. );
#1803=EDGE_CURVE( '', #1987, #1984, #1988, .T. );
#1804=EDGE_CURVE( '', #1987, #1989, #1990, .T. );
#1805=EDGE_CURVE( '', #1989, #1985, #1991, .T. );
#1806=FILL_AREA_STYLE( '', ( #1992 ) );
#1807=EDGE_CURVE( '', #1993, #1993, #1994, .T. );
#1808=EDGE_CURVE( '', #1993, #1995, #1996, .T. );
#1809=EDGE_CURVE( '', #1995, #1995, #1997, .T. );
#1810=EDGE_CURVE( '', #1998, #1999, #2000, .T. );
#1811=EDGE_CURVE( '', #2001, #1998, #2002, .T. );
#1812=EDGE_CURVE( '', #2001, #2003, #2004, .T. );
#1813=EDGE_CURVE( '', #2003, #1999, #2005, .T. );
#1814=EDGE_CURVE( '', #2006, #2006, #2007, .T. );
#1815=EDGE_CURVE( '', #2006, #2008, #2009, .T. );
#1816=EDGE_CURVE( '', #2008, #2008, #2010, .T. );
#1817=EDGE_CURVE( '', #2011, #2012, #2013, .T. );
#1818=EDGE_CURVE( '', #2014, #2012, #2015, .T. );
#1819=EDGE_CURVE( '', #2016, #2014, #2017, .T. );
#1820=EDGE_CURVE( '', #2016, #2011, #2018, .T. );
#1821=EDGE_CURVE( '', #2019, #2020, #2021, .T. );
#1822=EDGE_CURVE( '', #2019, #2022, #2023, .T. );
#1823=EDGE_CURVE( '', #2022, #2024, #2025, .T. );
#1824=EDGE_CURVE( '', #2020, #2024, #2026, .T. );
#1825=EDGE_CURVE( '', #1999, #2027, #2028, .T. );
#1826=EDGE_CURVE( '', #2003, #2029, #2030, .T. );
#1827=EDGE_CURVE( '', #2029, #2027, #2031, .T. );
#1828=EDGE_CURVE( '', #2032, #2033, #2034, .T. );
#1829=EDGE_CURVE( '', #2035, #2032, #2036, .T. );
#1830=EDGE_CURVE( '', #2035, #2037, #2038, .T. );
#1831=EDGE_CURVE( '', #2037, #2033, #2039, .T. );
#1832=EDGE_CURVE( '', #2040, #2041, #2042, .T. );
#1833=EDGE_CURVE( '', #2041, #2041, #2043, .T. );
#1834=EDGE_CURVE( '', #2040, #2040, #2044, .T. );
#1835=EDGE_CURVE( '', #2045, #2046, #2047, .T. );
#1836=EDGE_CURVE( '', #2045, #2045, #2048, .T. );
#1837=EDGE_CURVE( '', #2046, #2046, #2049, .T. );
#1838=EDGE_CURVE( '', #2050, #2050, #2051, .T. );
#1839=EDGE_CURVE( '', #2050, #2052, #2053, .T. );
#1840=EDGE_CURVE( '', #2052, #2052, #2054, .T. );
#1841=EDGE_CURVE( '', #2014, #2055, #2056, .T. );
#1842=EDGE_CURVE( '', #2055, #2057, #2058, .T. );
#1843=EDGE_CURVE( '', #2057, #2059, #2060, .T. );
#1844=EDGE_CURVE( '', #2059, #2016, #2061, .T. );
#1845=EDGE_CURVE( '', #2062, #2063, #2064, .T. );
#1846=EDGE_CURVE( '', #2065, #2062, #2066, .T. );
#1847=EDGE_CURVE( '', #2065, #2067, #2068, .T. );
#1848=EDGE_CURVE( '', #2067, #2063, #2069, .T. );
#1849=EDGE_CURVE( '', #2070, #2071, #2072, .T. );
#1850=EDGE_CURVE( '', #2070, #2062, #2073, .T. );
#1851=EDGE_CURVE( '', #2071, #2063, #2074, .T. );
#1852=EDGE_CURVE( '', #2075, #2076, #2077, .T. );
#1853=EDGE_CURVE( '', #2078, #2075, #2066, .T. );
#1854=EDGE_CURVE( '', #2078, #2079, #2080, .T. );
#1855=EDGE_CURVE( '', #2079, #2076, #2069, .T. );
#1856=EDGE_CURVE( '', #2081, #2011, #2082, .T. );
#1857=EDGE_CURVE( '', #2059, #2081, #2083, .T. );
#1858=EDGE_CURVE( '', #2084, #2084, #2085, .T. );
#1859=EDGE_CURVE( '', #2084, #2050, #2086, .T. );
#1860=EDGE_CURVE( '', #2052, #2087, #2088, .T. );
#1861=EDGE_CURVE( '', #2089, #2087, #2090, .T. );
#1862=EDGE_CURVE( '', #2087, #2089, #2091, .T. );
#1863=EDGE_CURVE( '', #2092, #2092, #2093, .T. );
#1864=EDGE_CURVE( '', #2092, #2094, #2095, .T. );
#1865=EDGE_CURVE( '', #2094, #2094, #2096, .T. );
#1866=EDGE_CURVE( '', #2097, #2098, #2099, .T. );
#1867=EDGE_CURVE( '', #2097, #2100, #2101, .T. );
#1868=EDGE_CURVE( '', #2100, #2070, #2102, .T. );
#1869=EDGE_CURVE( '', #2098, #2070, #2103, .T. );
#1870=EDGE_CURVE( '', #2100, #2104, #2105, .T. );
#1871=EDGE_CURVE( '', #2104, #2062, #2106, .T. );
#1872=EDGE_CURVE( '', #2107, #2107, #2108, .T. );
#1873=EDGE_CURVE( '', #2109, #2110, #2111, .T. );
#1874=EDGE_CURVE( '', #2110, #2112, #2113, .T. );
#1875=EDGE_CURVE( '', #2112, #2076, #2114, .T. );
#1876=EDGE_CURVE( '', #2079, #2115, #2116, .T. );
#1877=EDGE_CURVE( '', #2115, #2071, #2117, .T. );
#1878=EDGE_CURVE( '', #2118, #2067, #2119, .T. );
#1879=EDGE_CURVE( '', #2120, #2118, #2121, .T. );
#1880=EDGE_CURVE( '', #2122, #2120, #2123, .T. );
#1881=EDGE_CURVE( '', #2109, #2122, #2069, .T. );
#1882=EDGE_CURVE( '', #2124, #2118, #2125, .T. );
#1883=EDGE_CURVE( '', #2126, #2124, #2127, .T. );
#1884=EDGE_CURVE( '', #2126, #2120, #2128, .T. );
#1885=FILL_AREA_STYLE( '', ( #2129 ) );
#1886=EDGE_CURVE( '', #2130, #2131, #2132, .T. );
#1887=EDGE_CURVE( '', #2131, #2133, #2134, .T. );
#1888=EDGE_CURVE( '', #2133, #2135, #2136, .T. );
#1889=EDGE_CURVE( '', #2135, #2137, #2138, .T. );
#1890=EDGE_CURVE( '', #2137, #2130, #2139, .T. );
#1891=EDGE_CURVE( '', #2140, #1984, #2141, .T. );
#1892=EDGE_CURVE( '', #2142, #2140, #2143, .T. );
#1893=EDGE_CURVE( '', #2142, #1987, #2144, .T. );
#1894=EDGE_CURVE( '', #2145, #2019, #2146, .T. );
#1895=EDGE_CURVE( '', #2012, #2145, #2147, .T. );
#1896=EDGE_CURVE( '', #2148, #2081, #2149, .T. );
#1897=EDGE_CURVE( '', #2150, #2148, #2146, .T. );
#1898=EDGE_CURVE( '', #2151, #2150, #2152, .T. );
#1899=EDGE_CURVE( '', #2022, #2151, #2153, .T. );
#1900=EDGE_CURVE( '', #2151, #2154, #2155, .T. );
#1901=EDGE_CURVE( '', #2024, #2154, #2156, .T. );
#1902=EDGE_CURVE( '', #2157, #2158, #2159, .T. );
#1903=EDGE_CURVE( '', #2160, #2157, #2161, .T. );
#1904=EDGE_CURVE( '', #2160, #2162, #2163, .T. );
#1905=EDGE_CURVE( '', #2162, #2158, #2164, .T. );
#1906=EDGE_CURVE( '', #2020, #2109, #2165, .T. );
#1907=EDGE_CURVE( '', #2024, #2110, #2166, .T. );
#1908=EDGE_CURVE( '', #2078, #2098, #2167, .T. );
#1909=EDGE_CURVE( '', #2098, #2115, #2168, .T. );
#1910=EDGE_CURVE( '', #2169, #2170, #2171, .T. );
#1911=EDGE_CURVE( '', #2169, #2172, #2173, .T. );
#1912=EDGE_CURVE( '', #2124, #2172, #2174, .T. );
#1913=EDGE_CURVE( '', #2175, #2065, #2174, .T. );
#1914=EDGE_CURVE( '', #2170, #2175, #2176, .T. );
#1915=EDGE_CURVE( '', #2177, #1998, #2178, .T. );
#1916=EDGE_CURVE( '', #2179, #2177, #2180, .T. );
#1917=EDGE_CURVE( '', #2179, #2001, #2181, .T. );
#1918=EDGE_CURVE( '', #2150, #2075, #2182, .T. );
#1919=EDGE_CURVE( '', #2154, #2075, #2183, .T. );
#1920=EDGE_CURVE( '', #2184, #2184, #2185, .T. );
#1921=EDGE_CURVE( '', #2186, #2186, #2187, .T. );
#1922=EDGE_CURVE( '', #2188, #2188, #2189, .T. );
#1923=EDGE_CURVE( '', #2190, #2190, #2191, .F. );
#1924=EDGE_CURVE( '', #2192, #2097, #2193, .T. );
#1925=EDGE_CURVE( '', #2192, #2194, #2195, .T. );
#1926=EDGE_CURVE( '', #2194, #2032, #2196, .T. );
#1927=EDGE_CURVE( '', #2033, #2170, #2197, .T. );
#1928=EDGE_CURVE( '', #2175, #2104, #2195, .T. );
#1929=EDGE_CURVE( '', #2029, #2142, #2198, .T. );
#1930=EDGE_CURVE( '', #2162, #2179, #2199, .T. );
#1931=EDGE_CURVE( '', #2200, #2160, #2201, .T. );
#1932=EDGE_CURVE( '', #2202, #2200, #2203, .T. );
#1933=EDGE_CURVE( '', #2204, #2202, #2205, .T. );
#1934=EDGE_CURVE( '', #1989, #2204, #2206, .T. );
#1935=EDGE_CURVE( '', #2207, #2208, #2209, .T. );
#1936=EDGE_CURVE( '', #2204, #2207, #2210, .T. );
#1937=EDGE_CURVE( '', #2202, #2208, #2211, .T. );
#1938=EDGE_CURVE( '', #2212, #2213, #2214, .T. );
#1939=EDGE_CURVE( '', #2131, #2213, #2215, .T. );
#1940=EDGE_CURVE( '', #2130, #2212, #2216, .T. );
#1941=EDGE_CURVE( '', #1985, #2207, #2217, .T. );
#1942=EDGE_CURVE( '', #2027, #2140, #2218, .T. );
#1943=EDGE_CURVE( '', #2219, #2194, #2220, .T. );
#1944=EDGE_CURVE( '', #2219, #2035, #2221, .T. );
#1945=EDGE_CURVE( '', #2222, #2222, #2223, .T. );
#1946=EDGE_CURVE( '', #2222, #2224, #2225, .T. );
#1947=EDGE_CURVE( '', #2224, #2224, #2226, .T. );
#1948=EDGE_CURVE( '', #2227, #2227, #2228, .T. );
#1949=EDGE_CURVE( '', #2229, #2229, #2230, .T. );
#1950=EDGE_CURVE( '', #2154, #2112, #2231, .T. );
#1951=EDGE_CURVE( '', #2089, #2092, #2232, .T. );
#1952=EDGE_CURVE( '', #2224, #2227, #2233, .T. );
#1953=EDGE_CURVE( '', #2008, #1993, #2234, .T. );
#1954=EDGE_CURVE( '', #2057, #2148, #2235, .T. );
#1955=EDGE_CURVE( '', #2055, #2126, #2236, .T. );
#1956=EDGE_CURVE( '', #2172, #2219, #2237, .T. );
#1957=EDGE_CURVE( '', #2192, #2078, #2238, .T. );
#1958=EDGE_CURVE( '', #2239, #2122, #2240, .T. );
#1959=EDGE_CURVE( '', #2020, #2239, #2066, .T. );
#1960=EDGE_CURVE( '', #2229, #2241, #2242, .T. );
#1961=EDGE_CURVE( '', #2241, #2241, #2243, .T. );
#1962=EDGE_CURVE( '', #2208, #2244, #2245, .T. );
#1963=EDGE_CURVE( '', #2200, #2244, #2246, .T. );
#1964=EDGE_CURVE( '', #2247, #2247, #2248, .F. );
#1965=EDGE_CURVE( '', #2244, #2157, #2249, .T. );
#1966=EDGE_CURVE( '', #2158, #2177, #2250, .T. );
#1967=EDGE_CURVE( '', #2094, #2222, #2251, .T. );
#1968=EDGE_CURVE( '', #2037, #2169, #2252, .T. );
#1969=EDGE_CURVE( '', #2253, #2254, #2255, .T. );
#1970=EDGE_CURVE( '', #2135, #2254, #2256, .T. );
#1971=EDGE_CURVE( '', #2133, #2253, #2257, .T. );
#1972=EDGE_CURVE( '', #1995, #2258, #2259, .T. );
#1973=EDGE_CURVE( '', #2258, #2258, #2260, .T. );
#1974=EDGE_CURVE( '', #2258, #2261, #2262, .T. );
#1975=EDGE_CURVE( '', #2261, #2261, #2263, .T. );
#1976=EDGE_CURVE( '', #2264, #2212, #2265, .T. );
#1977=EDGE_CURVE( '', #2137, #2264, #2266, .T. );
#1978=EDGE_CURVE( '', #2261, #2184, #2267, .T. );
#1979=EDGE_CURVE( '', #2239, #2145, #2236, .T. );
#1980=EDGE_CURVE( '', #2254, #2264, #2268, .T. );
#1981=EDGE_CURVE( '', #2213, #2253, #2269, .T. );
#1982=EDGE_CURVE( '', #2241, #2006, #2270, .T. );
#1983=FILL_AREA_STYLE_COLOUR( '', #2271 );
#1984=VERTEX_POINT( '', #2272 );
#1985=VERTEX_POINT( '', #2273 );
#1986=LINE( '', #2272, #2274 );
#1987=VERTEX_POINT( '', #1350 );
#1988=LINE( '', #1350, #2275 );
#1989=VERTEX_POINT( '', #1599 );
#1990=LINE( '', #1350, #2274 );
#1991=LINE( '', #1599, #2275 );
#1992=FILL_AREA_STYLE_COLOUR( '', #2276 );
#1993=VERTEX_POINT( '', #415 );
#1994=ELLIPSE( '', #2277, 0.0750000000000000, 0.0250000000000000 );
#1995=VERTEX_POINT( '', #420 );
#1996=B_SPLINE_CURVE_WITH_KNOTS( '', 3, ( #415, #416, #417, #418, #419, #420 ), .UNSPECIFIED., .F., .F., ( 4, 2, 4 ), ( 0.128921850033664, 0.179549342152785, 0.230176834271905 ), .UNSPECIFIED. );
#1997=ELLIPSE( '', #2278, 0.0750000000000000, 0.0250000000000000 );
#1998=VERTEX_POINT( '', #2279 );
#1999=VERTEX_POINT( '', #2280 );
#2000=LINE( '', #2280, #2281 );
#2001=VERTEX_POINT( '', #2282 );
#2002=LINE( '', #2282, #2275 );
#2003=VERTEX_POINT( '', #1362 );
#2004=LINE( '', #1362, #2281 );
#2005=LINE( '', #1362, #2275 );
#2006=VERTEX_POINT( '', #2283 );
#2007=B_SPLINE_CURVE_WITH_KNOTS( '', 3, ( #2283, #452, #456, #460, #464, #468, #472, #476, #448, #2283 ), .UNSPECIFIED., .T., .F., ( 4, 2, 2, 2, 4 ), ( 0.000000000000000, 0.250000000000000, 0.500000000000000, 0.750000000000000, 1.00000000000000 ), .UNSPECIFIED. );
#2008=VERTEX_POINT( '', #1141 );
#2009=B_SPLINE_CURVE_WITH_KNOTS( '', 3, ( #2283, #2284, #2285, #1141 ), .UNSPECIFIED., .F., .F., ( 4, 4 ), ( 0.347660687308118, 1.00000000000000 ), .UNSPECIFIED. );
#2010=( BOUNDED_CURVE(  )B_SPLINE_CURVE( 3, ( #1141, #1144, #1147, #1150, #1153, #1156, #1141 ), .UNSPECIFIED., .T., .F. )B_SPLINE_CURVE_WITH_KNOTS( ( 4, 3, 4 ), ( 0.000000000000000, 0.500000000000000, 1.00000000000000 ), .UNSPECIFIED. )CURVE(  )GEOMETRIC_REPRESENTATION_ITEM(  )RATIONAL_B_SPLINE_CURVE( ( 1.00000000000000, 0.333333333333334, 0.333333333333334, 1.00000000000000, 0.333333333333334, 0.333333333333334, 1.00000000000000 ) )REPRESENTATION_ITEM( '' ) );
#2011=VERTEX_POINT( '', #2286 );
#2012=VERTEX_POINT( '', #2287 );
#2013=CIRCLE( '', #2288, 0.533890939751609 );
#2014=VERTEX_POINT( '', #2289 );
#2015=LINE( '', #2289, #2290 );
#2016=VERTEX_POINT( '', #2291 );
#2017=CIRCLE( '', #2292, 0.533890939751609 );
#2018=LINE( '', #2291, #2290 );
#2019=VERTEX_POINT( '', #1378 );
#2020=VERTEX_POINT( '', #1519 );
#2021=LINE( '', #1378, #2293 );
#2022=VERTEX_POINT( '', #1507 );
#2023=LINE( '', #1378, #2294 );
#2024=VERTEX_POINT( '', #2295 );
#2025=LINE( '', #1507, #2293 );
#2026=LINE( '', #1519, #2296 );
#2027=VERTEX_POINT( '', #2297 );
#2028=LINE( '', #2297, #2298 );
#2029=VERTEX_POINT( '', #1385 );
#2030=LINE( '', #1385, #2298 );
#2031=LINE( '', #1385, #2275 );
#2032=VERTEX_POINT( '', #2299 );
#2033=VERTEX_POINT( '', #2300 );
#2034=CIRCLE( '', #2301, 0.354048197075277 );
#2035=VERTEX_POINT( '', #2302 );
#2036=LINE( '', #2302, #2290 );
#2037=VERTEX_POINT( '', #2303 );
#2038=CIRCLE( '', #2304, 0.354048197075277 );
#2039=LINE( '', #2303, #2290 );
#2040=VERTEX_POINT( '', #2305 );
#2041=VERTEX_POINT( '', #2306 );
#2042=B_SPLINE_CURVE_WITH_KNOTS( '', 3, ( #2305, #2307, #2308, #2309 ), .UNSPECIFIED., .F., .F., ( 4, 4 ), ( 0.000000000000000, 0.833931944651757 ), .UNSPECIFIED. );
#2043=B_SPLINE_CURVE_WITH_KNOTS( '', 3, ( #2310, #2311, #2312, #2313, #2314, #2315, #2316, #2317, #2318, #2319, #2320, #2321, #2322, #2323, #2324, #2325, #2326, #2327, #2328, #2329, #2330, #2331, #2332, #2333, #2334, #2335, #2336, #2337, #2338, #2339, #2340, #2341, #2342, #2343, #2344, #2345, #2346, #2347, #2348, #2349, #2350, #2351, #2352, #2353, #2354, #2355, #2356, #2357, #2358, #2359, #2360, #2361, #2362, #2363, #2364, #2365, #2366, #2367, #2368, #2369, #2370, #2371, #2372, #2373, #2374, #2375, #2376, #2377, #2378, #2379, #2380, #2381, #2382, #2383, #2384, #2385, #2386, #2387, #2388, #2389, #2390, #2391, #2392, #2393, #2394, #2395, #2396, #2397, #2398, #2399, #2400, #2401, #2402, #2403, #2404, #2405, #2406, #2407, #2408, #2409, #2410, #2411, #2412, #2413, #2414, #2415, #2416, #2417, #2418, #2419, #2420, #2421, #2422, #2423, #2424, #2425, #2426, #2427, #2428, #2429, #2430, #2431, #2432, #2433, #2434, #2435, #2436, #2437, #2438, #2439, #2440, #2441, #2442, #2443, #2444, #2445, #2446, #2447, #2448, #2449, #2450, #2451, #2452, #2453, #2454, #2455, #2456, #2457, #2458, #2459, #2460, #2461, #2462, #2463, #2464, #2465, #2466, #2467, #2468, #2469, #2310, #2311 ), .UNSPECIFIED., .T., .F., ( 2, 2, 1, 2, 2, 2, 2, 1, 2, 2, 2, 1, 1, 1, 2, 2, 1, 2, 1, 2, 2, 2, 1, 1, 1, 2, 2, 1, 2, 1, 2, 2, 2, 1, 2, 1, 2, 2, 1, 1, 2, 2, 1, 2, 1, 2, 1, 2, 2, 2, 2, 2, 1, 1, 2, 2, 2, 1, 1, 2, 1, 2, 2, 2, 1, 2, 2, 2, 2, 1, 2, 2, 2, 1, 1, 1, 2, 1, 1, 2, 1, 2, 2, 2, 1, 1, 1, 2, 2, 1, 1, 1, 2, 2, 2, 2, 1, 2, 1, 2, 2, 2, 2 ), ( -0.000102418807515013, 1.09587101756852E-023, 0.000102418807515010, 0.000204837615030020, 0.000230442316908773, 0.000256047018787525, 0.000307256422545030, 0.000409675230060041, 0.000512094037575051, 0.000563303441332557, 0.000588908143211309, 0.000614512845090062, 0.000716931652605073, 0.000819350460120084, 0.000921769267635095, 0.000947373969513848, 0.000972978671392600, 0.00102418807515011, 0.00112660688266512, 0.00122902569018013, 0.00128023509393763, 0.00130583979581639, 0.00133144449769514, 0.00143386330521015, 0.00153628211272516, 0.00163870092024017, 0.00166430562211892, 0.00168991032399768, 0.00174111972775518, 0.00184353853527019, 0.00194595734278520, 0.00199716674654271, 0.00204837615030021, 0.00215079495781522, 0.00225321376533023, 0.00230442316908774, 0.00233002787096649, 0.00235563257284524, 0.00245805138036026, 0.00256047018787527, 0.00266288899539028, 0.00268849369726903, 0.00271409839914778, 0.00276530780290529, 0.00286772661042030, 0.00297014541793531, 0.00302135482169282, 0.00304695952357157, 0.00307256422545032, 0.00317498303296533, 0.00322619243672284, 0.00327740184048035, 0.00337982064799536, 0.00348223945551037, 0.00358465826302538, 0.00361026296490414, 0.00363586766678289, 0.00368707707054040, 0.00378949587805541, 0.00389191468557042, 0.00394312408932793, 0.00396872879120668, 0.00399433349308543, 0.00409675230060045, 0.00419917110811546, 0.00430158991563047, 0.00432719461750923, 0.00435279931938798, 0.00440400872314549, 0.00450642753066050, 0.00460884633817551, 0.00466005574193302, 0.00468566044381177, 0.00471126514569053, 0.00481368395320554, 0.00491610276072055, 0.00501852156823557, 0.00504412627011432, 0.00506973097199307, 0.00512094037575058, 0.00522335918326559, 0.00532577799078060, 0.00537698739453811, 0.00540259209641686, 0.00542819679829562, 0.00553061560581063, 0.00563303441332564, 0.00573545322084066, 0.00576105792271941, 0.00578666262459816, 0.00583787202835567, 0.00594029083587068, 0.00604270964338570, 0.00606831434526445, 0.00609391904714320, 0.00614512845090071, 0.00624754725841572, 0.00634996606593074, 0.00640117546968824, 0.00642678017156700, 0.00645238487344575, 0.00655480368096076, 0.00665722248847577 ), .UNSPECIFIED. );
#2044=B_SPLINE_CURVE_WITH_KNOTS( '', 3, ( #2305, #493, #497, #501, #505, #509, #513, #517, #521, #525, #529, #533, #537, #541, #545, #549, #489, #2305 ), .UNSPECIFIED., .T., .F., ( 4, 2, 2, 2, 2, 2, 2, 2, 4 ), ( 0.000000000000000, 0.125000000000000, 0.250000000000000, 0.375000000000000, 0.500000000000000, 0.625000000000000, 0.750000000000000, 0.875000000000000, 1.00000000000000 ), .UNSPECIFIED. );
#2045=VERTEX_POINT( '', #2470 );
#2046=VERTEX_POINT( '', #2471 );
#2047=B_SPLINE_CURVE_WITH_KNOTS( '', 3, ( #2472, #2473, #2474, #2471 ), .UNSPECIFIED., .F., .F., ( 4, 4 ), ( 0.166068055348290, 1.00000000000000 ), .UNSPECIFIED. );
#2048=B_SPLINE_CURVE_WITH_KNOTS( '', 3, ( #2475, #2476, #2477, #2478, #2479, #2480, #2481, #2482, #2483, #2484, #2485, #2486, #2487, #2488, #2489, #2490, #2491, #2492, #2493, #2494, #2495, #2496, #2497, #2498, #2499, #2500, #2501, #2502, #2503, #2504, #2505, #2506, #2507, #2508, #2509, #2510, #2511, #2512, #2513, #2514, #2515, #2516, #2517, #2518, #2519, #2520, #2521, #2522, #2523, #2524, #2525, #2526, #2527, #2528, #2529, #2530, #2531, #2532, #2533, #2534, #2535, #2536, #2537, #2538, #2539, #2540, #2541, #2542, #2543, #2544, #2545, #2546, #2547, #2548, #2549, #2550, #2551, #2552, #2553, #2554, #2555, #2556, #2557, #2558, #2559, #2560, #2561, #2562, #2563, #2564, #2565, #2566, #2567, #2568, #2569, #2570, #2571, #2572, #2573, #2574, #2575, #2576, #2577, #2578, #2579, #2580, #2581, #2582, #2583, #2584, #2585, #2586, #2587, #2588, #2589, #2590, #2591, #2592, #2593, #2594, #2595, #2596, #2597, #2598, #2599, #2600, #2601, #2602, #2603, #2604, #2605, #2606, #2607, #2608, #2609, #2610, #2611, #2612, #2613, #2614, #2615, #2616, #2617, #2618, #2619, #2620, #2621, #2622, #2623, #2624, #2625, #2626, #2627, #2628, #2629, #2630, #2631, #2632, #2633, #2634, #2635, #2475, #2476 ), .UNSPECIFIED., .T., .F., ( 2, 2, 2, 2, 1, 2, 1, 2, 2, 2, 1, 1, 2, 1, 2, 2, 1, 1, 2, 2, 2, 2, 1, 2, 1, 1, 2, 1, 1, 2, 2, 2, 2, 1, 2, 2, 2, 1, 1, 2, 2, 2, 1, 2, 1, 2, 2, 2, 1, 1, 1, 2, 2, 2, 2, 2, 1, 2, 1, 2, 2, 2, 1, 1, 1, 2, 2, 1, 1, 1, 2, 2, 2, 1, 2, 1, 2, 1, 1, 1, 2, 2, 2, 2, 1, 2, 1, 2, 2, 1, 1, 2, 2, 2, 2, 1, 2, 2, 2, 1, 2, 2, 2 ), ( -0.000102954621828174, 7.65186752286860E-023, 0.000102954621828175, 0.000128693277285219, 0.000154431932742262, 0.000205909243656350, 0.000308863865484524, 0.000411818487312699, 0.000463295798226787, 0.000489034453683830, 0.000514773109140874, 0.000617727730969049, 0.000720682352797224, 0.000772159663711311, 0.000797898319168355, 0.000823636974625398, 0.000926591596453573, 0.00102954621828175, 0.00113250084010992, 0.00115823949556697, 0.00118397815102401, 0.00123545546193810, 0.00133841008376627, 0.00144136470559444, 0.00149284201650853, 0.00151858067196558, 0.00154431932742262, 0.00164727394925079, 0.00175022857107897, 0.00185318319290714, 0.00187892184836419, 0.00190466050382123, 0.00195613781473532, 0.00205909243656349, 0.00216204705839167, 0.00221352436930576, 0.00223926302476280, 0.00226500168021984, 0.00236795630204802, 0.00247091092387619, 0.00257386554570436, 0.00259960420116141, 0.00262534285661845, 0.00267682016753254, 0.00277977478936071, 0.00288272941118889, 0.00293420672210297, 0.00295994537756002, 0.00298568403301706, 0.00308863865484524, 0.00319159327667341, 0.00329454789850158, 0.00334602520941567, 0.00339750252032976, 0.00350045714215793, 0.00352619579761498, 0.00355193445307202, 0.00360341176398611, 0.00370636638581428, 0.00380932100764246, 0.00386079831855654, 0.00388653697401359, 0.00391227562947063, 0.00401523025129880, 0.00411818487312698, 0.00422113949495515, 0.00424687815041220, 0.00427261680586924, 0.00432409411678333, 0.00442704873861150, 0.00453000336043968, 0.00458148067135376, 0.00463295798226785, 0.00473591260409603, 0.00483886722592420, 0.00489034453683829, 0.00491608319229533, 0.00494182184775237, 0.00504477646958055, 0.00514773109140872, 0.00525068571323690, 0.00527642436869394, 0.00530216302415098, 0.00535364033506507, 0.00545659495689325, 0.00555954957872142, 0.00561102688963551, 0.00563676554509255, 0.00566250420054960, 0.00576545882237777, 0.00586841344420595, 0.00597136806603413, 0.00599710672149117, 0.00602284537694821, 0.00607432268786230, 0.00617727730969048, 0.00628023193151865, 0.00633170924243274, 0.00635744789788978, 0.00638318655334682, 0.00648614117517500, 0.00658909579700317, 0.00669205041883135 ), .UNSPECIFIED. );
#2049=B_SPLINE_CURVE_WITH_KNOTS( '', 3, ( #2636, #2637, #2638, #2639, #2640, #2641, #2642, #2643, #2644, #2645, #2646, #2647, #2648, #2649, #2650, #2651, #2636, #2637, #2638 ), .UNSPECIFIED., .T., .F., ( 2, 1, 1, 1, 1, 1, 1, 1, 1, 1, 1, 1, 1, 1, 1, 1, 1, 1, 1, 1, 2 ), ( -0.125000000000000, -0.0624999999999999, 0.000000000000000, 0.0625000000000001, 0.125000000000000, 0.187500000000000, 0.250000000000000, 0.312500000000000, 0.375000000000000, 0.437500000000000, 0.500000000000000, 0.562500000000000, 0.625000000000000, 0.687500000000000, 0.750000000000000, 0.812500000000000, 0.875000000000000, 0.937500000000000, 1.00000000000000, 1.06250000000000, 1.12500000000000 ), .UNSPECIFIED. );
#2050=VERTEX_POINT( '', #2652 );
#2051=B_SPLINE_CURVE_WITH_KNOTS( '', 3, ( #2653, #607, #611, #615, #619, #623, #627, #631, #603, #2653 ), .UNSPECIFIED., .T., .F., ( 4, 2, 2, 2, 4 ), ( 0.000000000000000, 0.250000000000000, 0.500000000000000, 0.750000000000000, 1.00000000000000 ), .UNSPECIFIED. );
#2052=VERTEX_POINT( '', #2654 );
#2053=B_SPLINE_CURVE_WITH_KNOTS( '', 3, ( #2655, #2656, #2657, #2654 ), .UNSPECIFIED., .F., .F., ( 4, 4 ), ( 0.221008119136661, 0.663024357409988 ), .UNSPECIFIED. );
#2054=B_SPLINE_CURVE_WITH_KNOTS( '', 3, ( #2658, #610, #614, #618, #622, #626, #630, #634, #606, #2658 ), .UNSPECIFIED., .T., .F., ( 4, 2, 2, 2, 4 ), ( 0.000000000000000, 0.250000000000000, 0.500000000000000, 0.750000000000000, 1.00000000000000 ), .UNSPECIFIED. );
#2055=VERTEX_POINT( '', #2659 );
#2056=LINE( '', #2289, #2275 );
#2057=VERTEX_POINT( '', #1714 );
#2058=LINE( '', #2659, #2660 );
#2059=VERTEX_POINT( '', #2661 );
#2060=LINE( '', #1714, #2662 );
#2061=CIRCLE( '', #2663, 0.354048197075277 );
#2062=VERTEX_POINT( '', #2664 );
#2063=VERTEX_POINT( '', #2665 );
#2064=LINE( '', #2664, #2662 );
#2065=VERTEX_POINT( '', #1415 );
#2066=LINE( '', #1415, #2666 );
#2067=VERTEX_POINT( '', #2667 );
#2068=LINE( '', #1415, #2662 );
#2069=LINE( '', #2667, #2666 );
#2070=VERTEX_POINT( '', #2668 );
#2071=VERTEX_POINT( '', #2669 );
#2072=LINE( '', #1422, #2662 );
#2073=LINE( '', #2670, #2671 );
#2074=LINE( '', #2669, #2672 );
#2075=VERTEX_POINT( '', #2673 );
#2076=VERTEX_POINT( '', #2674 );
#2077=LINE( '', #2673, #2662 );
#2078=VERTEX_POINT( '', #1526 );
#2079=VERTEX_POINT( '', #2675 );
#2080=LINE( '', #1526, #2662 );
#2081=VERTEX_POINT( '', #2676 );
#2082=CIRCLE( '', #2677, 0.354048197075277 );
#2083=LINE( '', #2661, #2290 );
#2084=VERTEX_POINT( '', #905 );
#2085=( BOUNDED_CURVE(  )B_SPLINE_CURVE( 3, ( #2678, #2679, #2680, #2681, #2682, #2683, #2678 ), .UNSPECIFIED., .T., .F. )B_SPLINE_CURVE_WITH_KNOTS( ( 4, 3, 4 ), ( 0.000000000000000, 0.500000000000000, 1.00000000000000 ), .UNSPECIFIED. )CURVE(  )GEOMETRIC_REPRESENTATION_ITEM(  )RATIONAL_B_SPLINE_CURVE( ( 1.00000000000013, 0.333333333333377, 0.333333333333377, 1.00000000000013, 0.333333333333377, 0.333333333333377, 1.00000000000013 ) )REPRESENTATION_ITEM( '' ) );
#2086=B_SPLINE_CURVE_WITH_KNOTS( '', 3, ( #905, #2684, #2685, #2686 ), .UNSPECIFIED., .F., .F., ( 4, 4 ), ( 0.000000000000000, 0.221008119136661 ), .UNSPECIFIED. );
#2087=VERTEX_POINT( '', #2687 );
#2088=B_SPLINE_CURVE_WITH_KNOTS( '', 3, ( #2654, #2688, #2689, #2687 ), .UNSPECIFIED., .F., .F., ( 4, 4 ), ( 0.663024357409988, 1.00000000000000 ), .UNSPECIFIED. );
#2089=VERTEX_POINT( '', #2690 );
#2090=B_SPLINE_CURVE_WITH_KNOTS( '', 3, ( #2691, #2692, #2693, #2694 ), .UNSPECIFIED., .F., .F., ( 4, 4 ), ( 0.000000000000000, 0.500000000000000 ), .UNSPECIFIED. );
#2091=B_SPLINE_CURVE_WITH_KNOTS( '', 3, ( #2694, #2695, #2696, #2697 ), .UNSPECIFIED., .F., .F., ( 4, 4 ), ( 0.500000000000000, 1.00000000000000 ), .UNSPECIFIED. );
#2092=VERTEX_POINT( '', #2698 );
#2093=B_SPLINE_CURVE_WITH_KNOTS( '', 3, ( #2699, #709, #713, #717, #705, #2699 ), .UNSPECIFIED., .T., .F., ( 4, 2, 4 ), ( 0.000000000000000, 0.500000000000000, 1.00000000000000 ), .UNSPECIFIED. );
#2094=VERTEX_POINT( '', #2700 );
#2095=B_SPLINE_CURVE_WITH_KNOTS( '', 3, ( #2698, #2701, #2702, #2700 ), .UNSPECIFIED., .F., .F., ( 4, 4 ), ( 0.128921850033664, 0.230176834271905 ), .UNSPECIFIED. );
#2096=B_SPLINE_CURVE_WITH_KNOTS( '', 3, ( #2703, #712, #716, #720, #708, #2703 ), .UNSPECIFIED., .T., .F., ( 4, 2, 4 ), ( 0.000000000000000, 0.500000000000000, 1.00000000000000 ), .UNSPECIFIED. );
#2097=VERTEX_POINT( '', #1453 );
#2098=VERTEX_POINT( '', #2704 );
#2099=LINE( '', #1453, #2293 );
#2100=VERTEX_POINT( '', #1458 );
#2101=LINE( '', #1453, #2705 );
#2102=LINE( '', #1458, #2293 );
#2103=LINE( '', #2704, #2706 );
#2104=VERTEX_POINT( '', #2707 );
#2105=LINE( '', #1458, #2708 );
#2106=LINE( '', #2707, #2293 );
#2107=VERTEX_POINT( '', #2709 );
#2108=CIRCLE( '', #2710, 0.500000000000000 );
#2109=VERTEX_POINT( '', #2711 );
#2110=VERTEX_POINT( '', #2712 );
#2111=LINE( '', #2711, #2713 );
#2112=VERTEX_POINT( '', #2714 );
#2113=LINE( '', #2712, #2706 );
#2114=LINE( '', #2714, #2715 );
#2115=VERTEX_POINT( '', #2716 );
#2116=LINE( '', #2675, #2717 );
#2117=LINE( '', #2716, #2706 );
#2118=VERTEX_POINT( '', #2718 );
#2119=LINE( '', #2718, #2719 );
#2120=VERTEX_POINT( '', #2720 );
#2121=LINE( '', #2720, #2721 );
#2122=VERTEX_POINT( '', #2722 );
#2123=LINE( '', #2722, #2723 );
#2124=VERTEX_POINT( '', #1537 );
#2125=LINE( '', #1537, #2662 );
#2126=VERTEX_POINT( '', #1478 );
#2127=LINE( '', #1478, #2721 );
#2128=LINE( '', #1478, #2662 );
#2129=FILL_AREA_STYLE_COLOUR( '', #2724 );
#2130=VERTEX_POINT( '', #2725 );
#2131=VERTEX_POINT( '', #1789 );
#2132=LINE( '', #1594, #2275 );
#2133=VERTEX_POINT( '', #1724 );
#2134=LINE( '', #1789, #2290 );
#2135=VERTEX_POINT( '', #2726 );
#2136=LINE( '', #1724, #2662 );
#2137=VERTEX_POINT( '', #2727 );
#2138=CIRCLE( '', #2728, 0.350000000000000 );
#2139=CIRCLE( '', #2729, 0.530000000000000 );
#2140=VERTEX_POINT( '', #2730 );
#2141=LINE( '', #2272, #2731 );
#2142=VERTEX_POINT( '', #1606 );
#2143=LINE( '', #1606, #2275 );
#2144=LINE( '', #1350, #2731 );
#2145=VERTEX_POINT( '', #2732 );
#2146=LINE( '', #2732, #2660 );
#2147=LINE( '', #2287, #2275 );
#2148=VERTEX_POINT( '', #2733 );
#2149=LINE( '', #2733, #2662 );
#2150=VERTEX_POINT( '', #2734 );
#2151=VERTEX_POINT( '', #1549 );
#2152=LINE( '', #1549, #2735 );
#2153=LINE( '', #1507, #2705 );
#2154=VERTEX_POINT( '', #2736 );
#2155=LINE( '', #1549, #2293 );
#2156=LINE( '', #2295, #2706 );
#2157=VERTEX_POINT( '', #2737 );
#2158=VERTEX_POINT( '', #2738 );
#2159=LINE( '', #2738, #2739 );
#2160=VERTEX_POINT( '', #1702 );
#2161=LINE( '', #1702, #2275 );
#2162=VERTEX_POINT( '', #1512 );
#2163=LINE( '', #1512, #2739 );
#2164=LINE( '', #1512, #2275 );
#2165=LINE( '', #1519, #2662 );
#2166=LINE( '', #1628, #2662 );
#2167=LINE( '', #1526, #2740 );
#2168=LINE( '', #1709, #2662 );
#2169=VERTEX_POINT( '', #2741 );
#2170=VERTEX_POINT( '', #2742 );
#2171=LINE( '', #2741, #2290 );
#2172=VERTEX_POINT( '', #2743 );
#2173=LINE( '', #2741, #2275 );
#2174=LINE( '', #1537, #2719 );
#2175=VERTEX_POINT( '', #2744 );
#2176=LINE( '', #2742, #2275 );
#2177=VERTEX_POINT( '', #2745 );
#2178=LINE( '', #2745, #2746 );
#2179=VERTEX_POINT( '', #1542 );
#2180=LINE( '', #1542, #2275 );
#2181=LINE( '', #1542, #2746 );
#2182=LINE( '', #2734, #2293 );
#2183=LINE( '', #2747, #2748 );
#2184=VERTEX_POINT( '', #1282 );
#2185=ELLIPSE( '', #2749, 0.0750000000000000, 0.0250000000000000 );
#2186=VERTEX_POINT( '', #2750 );
#2187=B_SPLINE_CURVE_WITH_KNOTS( '', 3, ( #2750, #2751, #2752, #2753, #2754, #2755, #2756, #2757, #2758, #2759, #2760, #2761, #2762, #2763, #2764, #2765, #2766, #2767, #2768, #2769, #2770, #2771, #2772, #2773, #2774, #2775, #2776, #2777, #2778, #2779, #2780, #2781, #2782, #2783, #2784, #2785, #2786, #2787, #2788, #2789, #2790, #2791, #2792, #2793, #2794, #2795, #2796, #2797, #2798, #2799, #2800, #2801, #2802, #2803, #2804, #2805, #2806, #2807, #2808, #2809, #2810, #2811, #2812, #2813, #2814, #2815, #2816, #2817, #2818, #2819, #2820, #2821, #2822, #2823, #2824, #2825, #2826, #2827, #2828, #2829, #2830, #2831, #2832, #2833, #2834, #2835, #2836, #2750 ), .UNSPECIFIED., .T., .F., ( 4, 3, 3, 3, 3, 3, 3, 3, 3, 3, 3, 3, 3, 3, 3, 3, 3, 3, 3, 3, 3, 3, 3, 3, 3, 3, 3, 3, 3, 4 ), ( 0.000000000000000, 2.67422190168742E-007, 6.89280535550977E-007, 2.05346277389767E-006, 8.35111031448632E-006, 2.08251722279761E-005, 2.70405130467190E-005, 3.01480934180101E-005, 3.17036345368836E-005, 3.24854869082367E-005, 3.27424521306796E-005, 3.28931998970585E-005, 3.30165293357449E-005, 3.31402634000123E-005, 3.32990426606880E-005, 3.35812520080371E-005, 3.45028668793673E-005, 3.88169594762774E-005, 5.60559337394758E-005, 5.94735752094957E-005, 6.17375281539810E-005, 6.32553227009325E-005, 6.42868147044342E-005, 6.49990056745604E-005, 6.56939983719841E-005, 6.61037105728220E-005, 6.63546258464431E-005, 6.65418174402060E-005, 6.67309016521858E-005, 6.67623537759871E-005 ), .UNSPECIFIED. );
#2188=VERTEX_POINT( '', #2837 );
#2189=CIRCLE( '', #2838, 0.0500000000000000 );
#2190=VERTEX_POINT( '', #2839 );
#2191=CIRCLE( '', #2840, 0.0500000000000000 );
#2192=VERTEX_POINT( '', #1737 );
#2193=LINE( '', #1737, #2841 );
#2194=VERTEX_POINT( '', #2842 );
#2195=LINE( '', #2744, #2843 );
#2196=LINE( '', #2842, #2662 );
#2197=CIRCLE( '', #2844, 0.533890939751609 );
#2198=LINE( '', #1606, #2845 );
#2199=LINE( '', #1512, #2846 );
#2200=VERTEX_POINT( '', #1677 );
#2201=LINE( '', #1702, #2847 );
#2202=VERTEX_POINT( '', #1587 );
#2203=LINE( '', #1677, #2848 );
#2204=VERTEX_POINT( '', #2849 );
#2205=LINE( '', #1587, #2850 );
#2206=LINE( '', #1599, #2851 );
#2207=VERTEX_POINT( '', #2852 );
#2208=VERTEX_POINT( '', #2853 );
#2209=LINE( '', #2853, #2850 );
#2210=LINE( '', #2849, #2275 );
#2211=LINE( '', #1587, #2275 );
#2212=VERTEX_POINT( '', #2854 );
#2213=VERTEX_POINT( '', #2855 );
#2214=LINE( '', #2856, #2275 );
#2215=LINE( '', #1789, #2706 );
#2216=LINE( '', #2725, #2706 );
#2217=LINE( '', #2273, #2851 );
#2218=LINE( '', #2730, #2845 );
#2219=VERTEX_POINT( '', #1613 );
#2220=LINE( '', #1613, #2290 );
#2221=LINE( '', #1613, #2662 );
#2222=VERTEX_POINT( '', #2857 );
#2223=B_SPLINE_CURVE_WITH_KNOTS( '', 3, ( #2858, #870, #874, #878, #866, #2858 ), .UNSPECIFIED., .T., .F., ( 4, 2, 4 ), ( 0.000000000000000, 0.500000000000000, 1.00000000000000 ), .UNSPECIFIED. );
#2224=VERTEX_POINT( '', #2859 );
#2225=B_SPLINE_CURVE_WITH_KNOTS( '', 3, ( #2857, #2860, #2861, #2859 ), .UNSPECIFIED., .F., .F., ( 4, 4 ), ( 0.687849401891411, 0.748602392434355 ), .UNSPECIFIED. );
#2226=B_SPLINE_CURVE_WITH_KNOTS( '', 3, ( #2862, #873, #877, #881, #869, #2862 ), .UNSPECIFIED., .T., .F., ( 4, 2, 4 ), ( 0.000000000000000, 0.500000000000000, 1.00000000000000 ), .UNSPECIFIED. );
#2227=VERTEX_POINT( '', #2863 );
#2228=B_SPLINE_CURVE_WITH_KNOTS( '', 3, ( #2864, #2865, #2866, #2867, #2868, #2869, #2870, #2871, #2872, #2873, #2874, #2875, #2876, #2877, #2864, #2865, #2866 ), .UNSPECIFIED., .T., .F., ( 2, 1, 1, 1, 1, 1, 1, 1, 1, 1, 1, 1, 1, 1, 1, 1, 1, 1, 2 ), ( -0.0791963788016992, -0.0324589399799233, 0.000000000000000, 0.0466193754166803, 0.125060428707446, 0.247989086677431, 0.370835399629698, 0.449276452920463, 0.496392558586703, 0.528390598752679, 0.575062029556992, 0.647272450413158, 0.747931488036074, 0.848610019346416, 0.920803621198301, 0.967541060020077, 1.00000000000000, 1.04661937541668, 1.12506042870745 ), .UNSPECIFIED. );
#2229=VERTEX_POINT( '', #2878 );
#2230=B_SPLINE_CURVE_WITH_KNOTS( '', 3, ( #2879, #2880, #1193, #1189, #2881, #1181, #2882, #1173, #2879, #2880 ), .UNSPECIFIED., .T., .F., ( 2, 2, 2, 2, 2, 2, 2 ), ( -0.250000000000000, 0.000000000000000, 0.250000000000000, 0.500000000000000, 0.750000000000000, 1.00000000000000, 1.25000000000000 ), .UNSPECIFIED. );
#2231=LINE( '', #1649, #2662 );
#2232=B_SPLINE_CURVE_WITH_KNOTS( '', 3, ( #2690, #2883, #2884, #2698 ), .UNSPECIFIED., .F., .F., ( 4, 4 ), ( 0.000000000000000, 0.128921850033664 ), .UNSPECIFIED. );
#2233=B_SPLINE_CURVE_WITH_KNOTS( '', 3, ( #2859, #2885, #2886, #2863 ), .UNSPECIFIED., .F., .F., ( 4, 4 ), ( 0.748602392434355, 1.00000000000000 ), .UNSPECIFIED. );
#2234=B_SPLINE_CURVE_WITH_KNOTS( '', 3, ( #1141, #1142, #1143, #415 ), .UNSPECIFIED., .F., .F., ( 4, 4 ), ( 0.000000000000000, 0.128921850033664 ), .UNSPECIFIED. );
#2235=LINE( '', #1714, #2290 );
#2236=LINE( '', #1769, #2723 );
#2237=LINE( '', #2743, #2843 );
#2238=LINE( '', #1737, #2293 );
#2239=VERTEX_POINT( '', #1769 );
#2240=LINE( '', #1769, #2662 );
#2241=VERTEX_POINT( '', #2887 );
#2242=B_SPLINE_CURVE_WITH_KNOTS( '', 3, ( #2878, #2888, #2889, #2887 ), .UNSPECIFIED., .F., .F., ( 4, 4 ), ( 0.000000000000000, 0.0496011014992455 ), .UNSPECIFIED. );
#2243=B_SPLINE_CURVE_WITH_KNOTS( '', 3, ( #2887, #1313, #1176, #1180, #1320, #1323, #1326, #1330, #1310, #2887 ), .UNSPECIFIED., .T., .F., ( 4, 2, 2, 2, 4 ), ( 0.000000000000000, 0.250000000000000, 0.500000000000000, 0.750000000000000, 1.00000000000000 ), .UNSPECIFIED. );
#2244=VERTEX_POINT( '', #2890 );
#2245=LINE( '', #2890, #2848 );
#2246=LINE( '', #1677, #2275 );
#2247=VERTEX_POINT( '', #2891 );
#2248=CIRCLE( '', #1201, 0.500000000000000 );
#2249=LINE( '', #2737, #2847 );
#2250=LINE( '', #2738, #2846 );
#2251=B_SPLINE_CURVE_WITH_KNOTS( '', 3, ( #2700, #2892, #2893, #2857 ), .UNSPECIFIED., .F., .F., ( 4, 4 ), ( 0.230176834271905, 0.687849401891411 ), .UNSPECIFIED. );
#2252=CIRCLE( '', #2894, 0.533890939751609 );
#2253=VERTEX_POINT( '', #2895 );
#2254=VERTEX_POINT( '', #2896 );
#2255=LINE( '', #2895, #2662 );
#2256=LINE( '', #2726, #2706 );
#2257=LINE( '', #1724, #2706 );
#2258=VERTEX_POINT( '', #1227 );
#2259=B_SPLINE_CURVE_WITH_KNOTS( '', 3, ( #420, #1223, #1224, #1225, #1226, #1227 ), .UNSPECIFIED., .F., .F., ( 4, 2, 4 ), ( 0.230176834271905, 0.459013118081658, 0.687849401891411 ), .UNSPECIFIED. );
#2260=ELLIPSE( '', #2897, 0.0750000000000000, 0.0250000000000000 );
#2261=VERTEX_POINT( '', #1258 );
#2262=B_SPLINE_CURVE_WITH_KNOTS( '', 3, ( #1227, #1256, #1257, #1258 ), .UNSPECIFIED., .F., .F., ( 4, 4 ), ( 0.687849401891411, 0.748602392434355 ), .UNSPECIFIED. );
#2263=ELLIPSE( '', #2898, 0.0750000000000000, 0.0250000000000000 );
#2264=VERTEX_POINT( '', #2899 );
#2265=CIRCLE( '', #2900, 0.530000000000000 );
#2266=LINE( '', #2727, #2706 );
#2267=B_SPLINE_CURVE_WITH_KNOTS( '', 3, ( #1258, #1280, #1281, #1282 ), .UNSPECIFIED., .F., .F., ( 4, 4 ), ( 0.748602392434355, 1.00000000000000 ), .UNSPECIFIED. );
#2268=CIRCLE( '', #2901, 0.350000000000000 );
#2269=LINE( '', #2855, #2290 );
#2270=B_SPLINE_CURVE_WITH_KNOTS( '', 3, ( #2887, #2902, #2903, #2283 ), .UNSPECIFIED., .F., .F., ( 4, 4 ), ( 0.0496011014992455, 0.347660687308118 ), .UNSPECIFIED. );
#2271=COLOUR_RGB( '', 0.119999997317791, 0.119999997317791, 0.119999997317791 );
#2272=CARTESIAN_POINT( '', ( -1.25000000000000, -1.50000000000000, 0.350000000000000 ) );
#2273=CARTESIAN_POINT( '', ( -1.25000000000000, -1.20000000000000, 0.350000000000000 ) );
#2274=VECTOR( '', #1775, 1000.00000000000 );
#2275=VECTOR( '', #1363, 1000.00000000000 );
#2276=COLOUR_RGB( '', 0.699999988079071, 0.452941179275513, 0.324836611747742 );
#2277=AXIS2_PLACEMENT_3D( '', #2904, #1488, #1431 );
#2278=AXIS2_PLACEMENT_3D( '', #2905, #2906, #2907 );
#2279=CARTESIAN_POINT( '', ( 1.50000000000000, 1.05566243270259, 0.350000000000000 ) );
#2280=CARTESIAN_POINT( '', ( 1.50000000000000, -1.05566243270259, 0.350000000000000 ) );
#2281=VECTOR( '', #1488, 1000.00000000000 );
#2282=CARTESIAN_POINT( '', ( 1.50000000000000, 1.05566243270259, 0.750000000000000 ) );
#2283=CARTESIAN_POINT( '', ( 0.941308482817294, -1.01625453274113, -0.116687850002212 ) );
#2284=CARTESIAN_POINT( '', ( 0.935798171731221, -1.08137347203439, -0.222902321349821 ) );
#2285=CARTESIAN_POINT( '', ( 0.930496949267970, -1.19931022489312, -0.289998547350765 ) );
#2286=CARTESIAN_POINT( '', ( 1.25000000000000, -1.25317380367140, -0.557420941360659 ) );
#2287=CARTESIAN_POINT( '', ( 1.25000000000000, -1.50000000000000, -0.654435187838070 ) );
#2288=AXIS2_PLACEMENT_3D( '', #2908, #1431, #1614 );
#2289=CARTESIAN_POINT( '', ( -1.25000000000000, -1.50000000000000, -0.654435187838070 ) );
#2290=VECTOR( '', #400, 1000.00000000000 );
#2291=CARTESIAN_POINT( '', ( -1.25000000000000, -1.25317380367140, -0.557420941360659 ) );
#2292=AXIS2_PLACEMENT_3D( '', #1372, #1431, #1614 );
#2293=VECTOR( '', #2909, 1000.00000000000 );
#2294=VECTOR( '', #2910, 1000.00000000000 );
#2295=CARTESIAN_POINT( '', ( 1.45000000000000, -1.10484012260337, -0.700000000000000 ) );
#2296=VECTOR( '', #2911, 1000.00000000000 );
#2297=CARTESIAN_POINT( '', ( 1.25000000000000, -1.20000000000000, 0.350000000000000 ) );
#2298=VECTOR( '', #2912, 1000.00000000000 );
#2299=CARTESIAN_POINT( '', ( 1.25000000000000, 0.750000000000000, -0.650000000000000 ) );
#2300=CARTESIAN_POINT( '', ( 1.25000000000000, 1.25317380367140, -0.557420941360659 ) );
#2301=AXIS2_PLACEMENT_3D( '', #1569, #1431, #1614 );
#2302=CARTESIAN_POINT( '', ( -1.25000000000000, 0.750000000000000, -0.650000000000000 ) );
#2303=CARTESIAN_POINT( '', ( -1.25000000000000, 1.25317380367140, -0.557420941360659 ) );
#2304=AXIS2_PLACEMENT_3D( '', #1392, #1431, #1614 );
#2305=CARTESIAN_POINT( '', ( 1.25000000000000, 0.000000000000000, -0.350000000000000 ) );
#2306=CARTESIAN_POINT( '', ( 1.04151701383707, 0.000000000000000, -0.0581238193718828 ) );
#2307=CARTESIAN_POINT( '', ( 1.18050567127901, 0.000000000000000, -0.252707939790633 ) );
#2308=CARTESIAN_POINT( '', ( 1.11101134255805, 0.000000000000000, -0.155415879581253 ) );
#2309=CARTESIAN_POINT( '', ( 1.04151701383706, 0.000000000000000, -0.0581238193718829 ) );
#2310=CARTESIAN_POINT( '', ( 1.04151701383707, 0.0343804834577184, -0.0581238193718829 ) );
#2311=CARTESIAN_POINT( '', ( 1.04151701383707, -0.0343804834577174, -0.0581238193718829 ) );
#2312=CARTESIAN_POINT( '', ( 1.03795525336441, -0.102717595729151, -0.0581175726621885 ) );
#2313=CARTESIAN_POINT( '', ( 1.02761994834450, -0.170248647258305, -0.0581072067687342 ) );
#2314=CARTESIAN_POINT( '', ( 1.01907341154688, -0.212207202339832, -0.0581012761204627 ) );
#2315=CARTESIAN_POINT( '', ( 1.01725945377047, -0.220586459828035, -0.0581001145759467 ) );
#2316=CARTESIAN_POINT( '', ( 1.01342177011512, -0.237320012146493, -0.0580978756391642 ) );
#2317=CARTESIAN_POINT( '', ( 1.01139726749180, -0.245676202968468, -0.0580967981626779 ) );
#2318=CARTESIAN_POINT( '', ( 1.00503825516039, -0.270594165880958, -0.0580937511287244 ) );
#2319=CARTESIAN_POINT( '', ( 1.00041019236408, -0.287043380161670, -0.0580919640754832 ) );
#2320=CARTESIAN_POINT( '', ( 0.985387891901590, -0.335914485493103, -0.0580875894368069 ) );
#2321=CARTESIAN_POINT( '', ( 0.962330351540587, -0.399808190158611, -0.0580844523372223 ) );
#2322=CARTESIAN_POINT( '', ( 0.933335211793469, -0.461215769861979, -0.0580877242669573 ) );
#2323=CARTESIAN_POINT( '', ( 0.909321099549692, -0.506321924705279, -0.0580921782844993 ) );
#2324=CARTESIAN_POINT( '', ( 0.900937554062180, -0.521198685432399, -0.0580939882085324 ) );
#2325=CARTESIAN_POINT( '', ( 0.887780387935675, -0.543270201704837, -0.0580970616110032 ) );
#2326=CARTESIAN_POINT( '', ( 0.883293478761857, -0.550593305266818, -0.0580981462739643 ) );
#2327=CARTESIAN_POINT( '', ( 0.874141503776954, -0.565127552453434, -0.0581004028220085 ) );
#2328=CARTESIAN_POINT( '', ( 0.850863393891694, -0.601104612524334, -0.0581062289001306 ) );
#2329=CARTESIAN_POINT( '', ( 0.805429975977003, -0.662681983965827, -0.0581178327594830 ) );
#2330=CARTESIAN_POINT( '', ( 0.737348337752291, -0.738027953278109, -0.0581268642989398 ) );
#2331=CARTESIAN_POINT( '', ( 0.686806092047758, -0.783616937881757, -0.0581207044465556 ) );
#2332=CARTESIAN_POINT( '', ( 0.653603450612151, -0.810656867717662, -0.0581154976290725 ) );
#2333=CARTESIAN_POINT( '', ( 0.646876884134312, -0.815995956132840, -0.0581143853137470 ) );
#2334=CARTESIAN_POINT( '', ( 0.633283422536118, -0.826510319375962, -0.0581120773148829 ) );
#2335=CARTESIAN_POINT( '', ( 0.612737212006271, -0.841994168270043, -0.0581084960337921 ) );
#2336=CARTESIAN_POINT( '', ( 0.591731787038979, -0.856631230092331, -0.0581047942720838 ) );
#2337=CARTESIAN_POINT( '', ( 0.549125310923520, -0.884807024778966, -0.0580977177589312 ) );
#2338=CARTESIAN_POINT( '', ( 0.490732200591256, -0.919452993414697, -0.0580892484643975 ) );
#2339=CARTESIAN_POINT( '', ( 0.429253279980854, -0.948408758092616, -0.0580860396045367 ) );
#2340=CARTESIAN_POINT( '', ( 0.381974029462380, -0.967968002366871, -0.0580860614203341 ) );
#2341=CARTESIAN_POINT( '', ( 0.366018815581913, -0.974127317304073, -0.0580864654728489 ) );
#2342=CARTESIAN_POINT( '', ( 0.341786869940750, -0.982814706478751, -0.0580876500744901 ) );
#2343=CARTESIAN_POINT( '', ( 0.333656349298963, -0.985619280970057, -0.0580881413406472 ) );
#2344=CARTESIAN_POINT( '', ( 0.317382141630846, -0.991014389291974, -0.0580893015447504 ) );
#2345=CARTESIAN_POINT( '', ( 0.276610243216005, -1.00398373534831, -0.0580926300495735 ) );
#2346=CARTESIAN_POINT( '', ( 0.202455423713066, -1.02273482141775, -0.0581022865968894 ) );
#2347=CARTESIAN_POINT( '', ( 0.101962137060262, -1.03801230900724, -0.0581176556119466 ) );
#2348=CARTESIAN_POINT( '', ( 0.0338563724883209, -1.04153394709248, -0.0581238495002308 ) );
#2349=CARTESIAN_POINT( '', ( -0.00908001485441290, -1.04151262760550, -0.0581238115675657 ) );
#2350=CARTESIAN_POINT( '', ( -0.0176857896374116, -1.04139647553440, -0.0581236054424664 ) );
#2351=CARTESIAN_POINT( '', ( -0.0348316020726674, -1.04094447491073, -0.0581228714829345 ) );
#2352=CARTESIAN_POINT( '', ( -0.0604905165109831, -1.03993684013730, -0.0581212843208917 ) );
#2353=CARTESIAN_POINT( '', ( -0.0859735732857988, -1.03795989830893, -0.0581185669526701 ) );
#2354=CARTESIAN_POINT( '', ( -0.136712098830275, -1.03275157555169, -0.0581123475789809 ) );
#2355=CARTESIAN_POINT( '', ( -0.203758035296005, -1.02247007899912, -0.0581020747916870 ) );
#2356=CARTESIAN_POINT( '', ( -0.269631233635539, -1.00572458037768, -0.0580935501363420 ) );
#2357=CARTESIAN_POINT( '', ( -0.318594262887503, -0.990729920104476, -0.0580891267964634 ) );
#2358=CARTESIAN_POINT( '', ( -0.334841459180527, -0.985324848323966, -0.0580879724904951 ) );
#2359=CARTESIAN_POINT( '', ( -0.367185745105886, -0.973687333233143, -0.0580864268040060 ) );
#2360=CARTESIAN_POINT( '', ( -0.383156422666943, -0.967500277479694, -0.0580860417663918 ) );
#2361=CARTESIAN_POINT( '', ( -0.430459378522703, -0.947864417932303, -0.0580860831700926 ) );
#2362=CARTESIAN_POINT( '', ( -0.491925455214399, -0.918818410999730, -0.0580893698328137 ) );
#2363=CARTESIAN_POINT( '', ( -0.550228673227487, -0.884125177734625, -0.0580978917003506 ) );
#2364=CARTESIAN_POINT( '', ( -0.592742180590700, -0.855937845336978, -0.0581049689823657 ) );
#2365=CARTESIAN_POINT( '', ( -0.613694822923455, -0.841301193828241, -0.0581086674305183 ) );
#2366=CARTESIAN_POINT( '', ( -0.634179120580750, -0.825828321313071, -0.0581122312434622 ) );
#2367=CARTESIAN_POINT( '', ( -0.647729478872457, -0.815324097280689, -0.0581145273148785 ) );
#2368=CARTESIAN_POINT( '', ( -0.654461054848274, -0.809969804274167, -0.0581156368788871 ) );
#2369=CARTESIAN_POINT( '', ( -0.687724689076798, -0.782820705583107, -0.0581208735842568 ) );
#2370=CARTESIAN_POINT( '', ( -0.738304268557266, -0.737076831702360, -0.0581268466783746 ) );
#2371=CARTESIAN_POINT( '', ( -0.806309935319788, -0.661600043383028, -0.0581176135564830 ) );
#2372=CARTESIAN_POINT( '', ( -0.846583196282848, -0.606864040917906, -0.0581073175541485 ) );
#2373=CARTESIAN_POINT( '', ( -0.870170540661481, -0.571272505152420, -0.0581013954835840 ) );
#2374=CARTESIAN_POINT( '', ( -0.874808613434583, -0.564084925924044, -0.0581002341563774 ) );
#2375=CARTESIAN_POINT( '', ( -0.883925524820950, -0.549570459048992, -0.0580979932161554 ) );
#2376=CARTESIAN_POINT( '', ( -0.897376928899904, -0.527558829804369, -0.0580947478770951 ) );
#2377=CARTESIAN_POINT( '', ( -0.909945595398214, -0.505192020407024, -0.0580920499488036 ) );
#2378=CARTESIAN_POINT( '', ( -0.933935509234024, -0.459996723623756, -0.0580876391303434 ) );
#2379=CARTESIAN_POINT( '', ( -0.962869750165056, -0.398508193695377, -0.0580844516161694 ) );
#2380=CARTESIAN_POINT( '', ( -0.985830730615337, -0.334616250118862, -0.0580876739742755 ) );
#2381=CARTESIAN_POINT( '', ( -1.00077494376052, -0.285781306175993, -0.0580920938535470 ) );
#2382=CARTESIAN_POINT( '', ( -1.00767671594376, -0.261134353259243, -0.0580947936165766 ) );
#2383=CARTESIAN_POINT( '', ( -1.01370301200785, -0.236135141926677, -0.0580980306613122 ) );
#2384=CARTESIAN_POINT( '', ( -1.01752300278531, -0.219389518454821, -0.0581002787781942 ) );
#2385=CARTESIAN_POINT( '', ( -1.01933130351081, -0.210988908240538, -0.0581014463057746 ) );
#2386=CARTESIAN_POINT( '', ( -1.02783929361701, -0.168961658178150, -0.0581073975411093 ) );
#2387=CARTESIAN_POINT( '', ( -1.03296877640140, -0.135152584905015, -0.0581125816320230 ) );
#2388=CARTESIAN_POINT( '', ( -1.03811587125135, -0.0841545174387487, -0.0581187697878141 ) );
#2389=CARTESIAN_POINT( '', ( -1.03940608872546, -0.0671076448956344, -0.0581205589357823 ) );
#2390=CARTESIAN_POINT( '', ( -1.04111845057817, -0.0329169553456962, -0.0581231047622254 ) );
#2391=CARTESIAN_POINT( '', ( -1.04154059232202, -0.0157664864202757, -0.0581238611884863 ) );
#2392=CARTESIAN_POINT( '', ( -1.04146680794312, 0.0357938221929538, -0.0581237303222421 ) );
#2393=CARTESIAN_POINT( '', ( -1.03781158210843, 0.103934714655466, -0.0581173788583922 ) );
#2394=CARTESIAN_POINT( '', ( -1.02233065244514, 0.204442101545062, -0.0581019704724152 ) );
#2395=CARTESIAN_POINT( '', ( -1.00553237991444, 0.270343055162354, -0.0580934671461373 ) );
#2396=CARTESIAN_POINT( '', ( -0.992992656137517, 0.311183342004361, -0.0580898012411070 ) );
#2397=CARTESIAN_POINT( '', ( -0.990382372207427, 0.319333957955769, -0.0580891479632035 ) );
#2398=CARTESIAN_POINT( '', ( -0.984955486989448, 0.335600027694087, -0.0580880186017953 ) );
#2399=CARTESIAN_POINT( '', ( -0.982136070479792, 0.343722612768483, -0.0580875423921467 ) );
#2400=CARTESIAN_POINT( '', ( -0.973411864932075, 0.367914235980232, -0.0580864121721450 ) );
#2401=CARTESIAN_POINT( '', ( -0.954859232011591, 0.415697386250649, -0.0580852769035555 ) );
#2402=CARTESIAN_POINT( '', ( -0.918557161143816, 0.492411623693575, -0.0580894223550205 ) );
#2403=CARTESIAN_POINT( '', ( -0.883836815775402, 0.550696895354043, -0.0580979636402331 ) );
#2404=CARTESIAN_POINT( '', ( -0.855608551683828, 0.593221764400619, -0.0581050518985637 ) );
#2405=CARTESIAN_POINT( '', ( -0.840946271042993, 0.614186304227455, -0.0581087548318578 ) );
#2406=CARTESIAN_POINT( '', ( -0.825438089099926, 0.634691133866329, -0.0581123195555125 ) );
#2407=CARTESIAN_POINT( '', ( -0.814907934928919, 0.648257021170769, -0.0581146150294439 ) );
#2408=CARTESIAN_POINT( '', ( -0.809556459739237, 0.654975574089684, -0.0581157199879266 ) );
#2409=CARTESIAN_POINT( '', ( -0.782464136552650, 0.688125990656298, -0.0581208786167242 ) );
#2410=CARTESIAN_POINT( '', ( -0.759630544713251, 0.713352228254020, -0.0581238887681700 ) );
#2411=CARTESIAN_POINT( '', ( -0.711648562860042, 0.761221721151637, -0.0581237437609193 ) );
#2412=CARTESIAN_POINT( '', ( -0.661353607975961, 0.806510268358077, -0.0581175700193670 ) );
#2413=CARTESIAN_POINT( '', ( -0.606572059612047, 0.846792422141379, -0.0581072646309468 ) );
#2414=CARTESIAN_POINT( '', ( -0.570924893599656, 0.870396863573552, -0.0581013387618244 ) );
#2415=CARTESIAN_POINT( '', ( -0.563724825938933, 0.875038933963297, -0.0581001768263363 ) );
#2416=CARTESIAN_POINT( '', ( -0.549182436993021, 0.884164340159203, -0.0580979347134305 ) );
#2417=CARTESIAN_POINT( '', ( -0.541856036624646, 0.888637456364621, -0.0580968571462539 ) );
#2418=CARTESIAN_POINT( '', ( -0.519774380703181, 0.901753979497931, -0.0580938073767846 ) );
#2419=CARTESIAN_POINT( '', ( -0.504891575405818, 0.910110687097793, -0.0580920165140253 ) );
#2420=CARTESIAN_POINT( '', ( -0.459769330008369, 0.934044914512768, -0.0580876256975788 ) );
#2421=CARTESIAN_POINT( '', ( -0.398345687798963, 0.962935108257482, -0.0580844532220969 ) );
#2422=CARTESIAN_POINT( '', ( -0.334446027850571, 0.985889628754845, -0.0580876844650472 ) );
#2423=CARTESIAN_POINT( '', ( -0.285574117653102, 1.00083491206786, -0.0580921150853058 ) );
#2424=CARTESIAN_POINT( '', ( -0.269125251499154, 1.00543735515272, -0.0580939183975626 ) );
#2425=CARTESIAN_POINT( '', ( -0.244208735029829, 1.01175796335195, -0.0580969846444714 ) );
#2426=CARTESIAN_POINT( '', ( -0.235851235753713, 1.01377007226547, -0.0580980679373391 ) );
#2427=CARTESIAN_POINT( '', ( -0.219129120313130, 1.01758033376749, -0.0581003171312846 ) );
#2428=CARTESIAN_POINT( '', ( -0.177292381821181, 1.02657330821831, -0.0581061270975848 ) );
#2429=CARTESIAN_POINT( '', ( -0.101706942214769, 1.03802987269984, -0.0581176517692437 ) );
#2430=CARTESIAN_POINT( '', ( -0.000332607373857320, 1.04324874175134, -0.0581268820833309 ) );
#2431=CARTESIAN_POINT( '', ( 0.0676592609411334, 1.03980096917063, -0.0581207845897429 ) );
#2432=CARTESIAN_POINT( '', ( 0.110282845825259, 1.03547392735072, -0.0581155961436805 ) );
#2433=CARTESIAN_POINT( '', ( 0.127368738652088, 1.03352117831121, -0.0581133760210754 ) );
#2434=CARTESIAN_POINT( '', ( 0.161298465759465, 1.02878055475380, -0.0581086142117265 ) );
#2435=CARTESIAN_POINT( '', ( 0.186478386274979, 1.02430261795863, -0.0581049151724322 ) );
#2436=CARTESIAN_POINT( '', ( 0.236491150689891, 1.01414929613544, -0.0580978351633760 ) );
#2437=CARTESIAN_POINT( '', ( 0.302251488984094, 0.997425894278723, -0.0580893360261683 ) );
#2438=CARTESIAN_POINT( '', ( 0.366210917372533, 0.974489176294960, -0.0580860686625828 ) );
#2439=CARTESIAN_POINT( '', ( 0.413496616551008, 0.954927211697290, -0.0580860468906630 ) );
#2440=CARTESIAN_POINT( '', ( 0.429144272522406, 0.948012404633812, -0.0580864364848879 ) );
#2441=CARTESIAN_POINT( '', ( 0.452440792226084, 0.937036550152484, -0.0580876009651336 ) );
#2442=CARTESIAN_POINT( '', ( 0.460163678791883, 0.933283338337454, -0.0580880848051662 ) );
#2443=CARTESIAN_POINT( '', ( 0.475473944702132, 0.925613896720018, -0.0580892304207839 ) );
#2444=CARTESIAN_POINT( '', ( 0.513447974109588, 0.906012151969593, -0.0580925231098773 ) );
#2445=CARTESIAN_POINT( '', ( 0.579127100047193, 0.866933360279518, -0.0581021262525870 ) );
#2446=CARTESIAN_POINT( '', ( 0.661030032888846, 0.806781401498524, -0.0581175018652950 ) );
#2447=CARTESIAN_POINT( '', ( 0.711741359358283, 0.761157742387151, -0.0581237836703962 ) );
#2448=CARTESIAN_POINT( '', ( 0.742136191864789, 0.730798096489796, -0.0581238279269647 ) );
#2449=CARTESIAN_POINT( '', ( 0.748133124383748, 0.724650116197840, -0.0581236370597119 ) );
#2450=CARTESIAN_POINT( '', ( 0.759935124438416, 0.712236200985439, -0.0581229316839246 ) );
#2451=CARTESIAN_POINT( '', ( 0.777366025538727, 0.693424196003196, -0.0581213981851232 ) );
#2452=CARTESIAN_POINT( '', ( 0.816156760551169, 0.648207977041555, -0.0581150837849846 ) );
#2453=CARTESIAN_POINT( '', ( 0.866378193689382, 0.579964992862760, -0.0581022639864663 ) );
#2454=CARTESIAN_POINT( '', ( 0.901181971590085, 0.521596155699775, -0.0580936918318764 ) );
#2455=CARTESIAN_POINT( '', ( 0.921244774596317, 0.483928825128664, -0.0580899657695152 ) );
#2456=CARTESIAN_POINT( '', ( 0.925172610456632, 0.476335845263885, -0.0580892995950152 ) );
#2457=CARTESIAN_POINT( '', ( 0.932857563435752, 0.461029966456813, -0.0580881429299471 ) );
#2458=CARTESIAN_POINT( '', ( 0.936618631554028, 0.453308634684201, -0.0580876520384149 ) );
#2459=CARTESIAN_POINT( '', ( 0.947614870864906, 0.430023386160455, -0.0580864662666386 ) );
#2460=CARTESIAN_POINT( '', ( 0.954543067628334, 0.414383593464540, -0.0580860618250164 ) );
#2461=CARTESIAN_POINT( '', ( 0.974145010618609, 0.367122624847634, -0.0580860425926450 ) );
#2462=CARTESIAN_POINT( '', ( 0.997134402281261, 0.303199169778696, -0.0580892420127278 ) );
#2463=CARTESIAN_POINT( '', ( 1.01391336642278, 0.237481922663017, -0.0580977061704169 ) );
#2464=CARTESIAN_POINT( '', ( 1.02411090491579, 0.187504627933459, -0.0581047664774571 ) );
#2465=CARTESIAN_POINT( '', ( 1.02861175420654, 0.162343280020928, -0.0581084630046244 ) );
#2466=CARTESIAN_POINT( '', ( 1.03219115034503, 0.136915783636232, -0.0581120371942502 ) );
#2467=CARTESIAN_POINT( '', ( 1.03436910333046, 0.119903951712627, -0.0581143431454948 ) );
#2468=CARTESIAN_POINT( '', ( 1.03535444280664, 0.111361492012500, -0.0581154584128218 ) );
#2469=CARTESIAN_POINT( '', ( 1.03973623461777, 0.0686460051526728, -0.0581206873418244 ) );
#2470=CARTESIAN_POINT( '', ( 1.04151701383705, 0.000000000000000, 0.0581238193719176 ) );
#2471=CARTESIAN_POINT( '', ( 1.25000000000000, 0.000000000000000, 0.350000000000000 ) );
#2472=CARTESIAN_POINT( '', ( 1.04151701383705, 0.000000000000000, 0.0581238193719175 ) );
#2473=CARTESIAN_POINT( '', ( 1.11101134255800, 0.000000000000000, 0.155415879581301 ) );
#2474=CARTESIAN_POINT( '', ( 1.18050567127902, 0.000000000000000, 0.252707939790637 ) );
#2475=CARTESIAN_POINT( '', ( 1.04151701383705, -0.0343750797320161, 0.0581238193719166 ) );
#2476=CARTESIAN_POINT( '', ( 1.04151701383705, 0.0343750797320164, 0.0581238193719166 ) );
#2477=CARTESIAN_POINT( '', ( 1.03973615246774, 0.0686475908955767, 0.0581206871992737 ) );
#2478=CARTESIAN_POINT( '', ( 1.03535415922695, 0.111364060200548, 0.0581154580855909 ) );
#2479=CARTESIAN_POINT( '', ( 1.03436876723105, 0.119906761264132, 0.0581143427740289 ) );
#2480=CARTESIAN_POINT( '', ( 1.03219083720688, 0.136918567178446, 0.0581120374624732 ) );
#2481=CARTESIAN_POINT( '', ( 1.02861126640185, 0.162345324939684, 0.0581084613912186 ) );
#2482=CARTESIAN_POINT( '', ( 1.02411093511722, 0.187504251962257, 0.0581047665405385 ) );
#2483=CARTESIAN_POINT( '', ( 1.01391495876989, 0.237474413264757, 0.0580977033879447 ) );
#2484=CARTESIAN_POINT( '', ( 0.997140349172536, 0.303176304379402, 0.0580892488169995 ) );
#2485=CARTESIAN_POINT( '', ( 0.974162805684841, 0.367073887040153, 0.0580860409425003 ) );
#2486=CARTESIAN_POINT( '', ( 0.954574011606106, 0.414311866899360, 0.0580860607246766 ) );
#2487=CARTESIAN_POINT( '', ( 0.947650895536926, 0.429943393723206, 0.0580864636812482 ) );
#2488=CARTESIAN_POINT( '', ( 0.936663540047221, 0.453215376095861, 0.0580876465516821 ) );
#2489=CARTESIAN_POINT( '', ( 0.932899856859977, 0.460944104172318, 0.0580881370940045 ) );
#2490=CARTESIAN_POINT( '', ( 0.925211658205986, 0.476260352330915, 0.0580892957700014 ) );
#2491=CARTESIAN_POINT( '', ( 0.905562479573657, 0.514248625933764, 0.0580926205668448 ) );
#2492=CARTESIAN_POINT( '', ( 0.866392138131821, 0.579946118087527, 0.0581022542842513 ) );
#2493=CARTESIAN_POINT( '', ( 0.826203770672406, 0.634556259329314, 0.0581125253017794 ) );
#2494=CARTESIAN_POINT( '', ( 0.793987119395824, 0.674050115934567, 0.0581186964716458 ) );
#2495=CARTESIAN_POINT( '', ( 0.777358888799669, 0.693430358564259, 0.0581213864241955 ) );
#2496=CARTESIAN_POINT( '', ( 0.759927572087657, 0.712244189712870, 0.0581229315914794 ) );
#2497=CARTESIAN_POINT( '', ( 0.748124957014966, 0.724658565694427, 0.0581236373997490 ) );
#2498=CARTESIAN_POINT( '', ( 0.742127839585805, 0.730806584270319, 0.0581238280970441 ) );
#2499=CARTESIAN_POINT( '', ( 0.711732341582008, 0.761165134423379, 0.0581237737421884 ) );
#2500=CARTESIAN_POINT( '', ( 0.661021466250799, 0.806789192062075, 0.0581174978138816 ) );
#2501=CARTESIAN_POINT( '', ( 0.579116856856684, 0.866938408417286, 0.0581021120079880 ) );
#2502=CARTESIAN_POINT( '', ( 0.520735824969678, 0.901675457090439, 0.0580935810180271 ) );
#2503=CARTESIAN_POINT( '', ( 0.483058853064419, 0.921698693599862, 0.0580898866084073 ) );
#2504=CARTESIAN_POINT( '', ( 0.475463843681830, 0.925618723473292, 0.0580892270704376 ) );
#2505=CARTESIAN_POINT( '', ( 0.460153678629453, 0.933288247794057, 0.0580880841387743 ) );
#2506=CARTESIAN_POINT( '', ( 0.452430741844871, 0.937041384031252, 0.0580876003786976 ) );
#2507=CARTESIAN_POINT( '', ( 0.429134194428522, 0.948016955062710, 0.0580864361494901 ) );
#2508=CARTESIAN_POINT( '', ( 0.413486521108594, 0.954931577046432, 0.0580860467268776 ) );
#2509=CARTESIAN_POINT( '', ( 0.366200781728979, 0.974493027268246, 0.0580860728734531 ) );
#2510=CARTESIAN_POINT( '', ( 0.302241275619842, 0.997428976207694, 0.0580893331478478 ) );
#2511=CARTESIAN_POINT( '', ( 0.236480902864039, 1.01415175826386, 0.0580978404111825 ) );
#2512=CARTESIAN_POINT( '', ( 0.186468089173833, 1.02430453440678, 0.0581049166653219 ) );
#2513=CARTESIAN_POINT( '', ( 0.161287082500232, 1.02878121651827, 0.0581086163969948 ) );
#2514=CARTESIAN_POINT( '', ( 0.127358724253963, 1.03352273832107, 0.0581133763294695 ) );
#2515=CARTESIAN_POINT( '', ( 0.110272118998455, 1.03547469119050, 0.0581155972520949 ) );
#2516=CARTESIAN_POINT( '', ( 0.0676490189387039, 1.03980209855671, 0.0581208076243983 ) );
#2517=CARTESIAN_POINT( '', ( -0.000342614587733373, 1.04324825534177, 0.0581268523670228 ) );
#2518=CARTESIAN_POINT( '', ( -0.101716762028929, 1.03802975347116, 0.0581176975200601 ) );
#2519=CARTESIAN_POINT( '', ( -0.168903596167490, 1.02784471956433, 0.0581074070421935 ) );
#2520=CARTESIAN_POINT( '', ( -0.210771254687548, 1.01937692542056, 0.0581014768110863 ) );
#2521=CARTESIAN_POINT( '', ( -0.219138563204375, 1.01757796200662, 0.0581003133052204 ) );
#2522=CARTESIAN_POINT( '', ( -0.235860652376769, 1.01376784580511, 0.0580980667017285 ) );
#2523=CARTESIAN_POINT( '', ( -0.244218107035062, 1.01175566639584, 0.0580969834504596 ) );
#2524=CARTESIAN_POINT( '', ( -0.269134481171721, 1.00543485280533, 0.0580939173432598 ) );
#2525=CARTESIAN_POINT( '', ( -0.285583253993570, 1.00083227652393, 0.0580921141427287 ) );
#2526=CARTESIAN_POINT( '', ( -0.334454880949367, 0.985886585841241, 0.0580876837761459 ) );
#2527=CARTESIAN_POINT( '', ( -0.398354195977324, 0.962931600659132, 0.0580844533396001 ) );
#2528=CARTESIAN_POINT( '', ( -0.459777475943147, 0.934040900701474, 0.0580876261357465 ) );
#2529=CARTESIAN_POINT( '', ( -0.504899467761112, 0.910106337024982, 0.0580920174021578 ) );
#2530=CARTESIAN_POINT( '', ( -0.519782186353295, 0.901749512115064, 0.0580938083634846 ) );
#2531=CARTESIAN_POINT( '', ( -0.541863712010610, 0.888632812521915, 0.0580968582520632 ) );
#2532=CARTESIAN_POINT( '', ( -0.549190081623329, 0.884159629276074, 0.0580979358561734 ) );
#2533=CARTESIAN_POINT( '', ( -0.563732541321148, 0.875034354159964, 0.0581001805326597 ) );
#2534=CARTESIAN_POINT( '', ( -0.599731551853220, 0.851822650935324, 0.0581059824823515 ) );
#2535=CARTESIAN_POINT( '', ( -0.661360256938846, 0.806504863498431, 0.0581175674168958 ) );
#2536=CARTESIAN_POINT( '', ( -0.711654714183773, 0.761215969521417, 0.0581237480672901 ) );
#2537=CARTESIAN_POINT( '', ( -0.759636224264811, 0.713346158716280, 0.0581238882806542 ) );
#2538=CARTESIAN_POINT( '', ( -0.782469581895493, 0.688119764036636, 0.0581208778004590 ) );
#2539=CARTESIAN_POINT( '', ( -0.809561616198823, 0.654969155444523, 0.0581157189509247 ) );
#2540=CARTESIAN_POINT( '', ( -0.814913040904346, 0.648250554888510, 0.0581146139556559 ) );
#2541=CARTESIAN_POINT( '', ( -0.825443111143264, 0.634684661632227, 0.0581123190954210 ) );
#2542=CARTESIAN_POINT( '', ( -0.840950901302625, 0.614179678568713, 0.0581087523438277 ) );
#2543=CARTESIAN_POINT( '', ( -0.855613096660490, 0.593215151886633, 0.0581050507543078 ) );
#2544=CARTESIAN_POINT( '', ( -0.883840896299069, 0.550690149415438, 0.0580979584978113 ) );
#2545=CARTESIAN_POINT( '', ( -0.918560856098113, 0.492404826860673, 0.0580894257489580 ) );
#2546=CARTESIAN_POINT( '', ( -0.947601900403014, 0.431033262746755, 0.0580861016421397 ) );
#2547=CARTESIAN_POINT( '', ( -0.967230408227963, 0.383834922314955, 0.0580860318011682 ) );
#2548=CARTESIAN_POINT( '', ( -0.973413698636038, 0.367906744933386, 0.0580864044532217 ) );
#2549=CARTESIAN_POINT( '', ( -0.982138558462900, 0.343715536785339, 0.0580875427797104 ) );
#2550=CARTESIAN_POINT( '', ( -0.984957912478096, 0.335592947188580, 0.0580880190428719 ) );
#2551=CARTESIAN_POINT( '', ( -0.990384965876596, 0.319326941461624, 0.0580891510350987 ) );
#2552=CARTESIAN_POINT( '', ( -1.00343459476690, 0.278573644880153, 0.0580924121301977 ) );
#2553=CARTESIAN_POINT( '', ( -1.02233346254067, 0.204435369376358, 0.0581019839354584 ) );
#2554=CARTESIAN_POINT( '', ( -1.03781162819640, 0.103927723513190, 0.0581173821644233 ) );
#2555=CARTESIAN_POINT( '', ( -1.04146705262088, 0.0357870062894500, 0.0581237307542294 ) );
#2556=CARTESIAN_POINT( '', ( -1.04154048451319, -0.0157732563518935, 0.0581238609983089 ) );
#2557=CARTESIAN_POINT( '', ( -1.04111822860121, -0.0329236467653183, 0.0581231043995543 ) );
#2558=CARTESIAN_POINT( '', ( -1.03940564518967, -0.0671142408751187, 0.0581205583090860 ) );
#2559=CARTESIAN_POINT( '', ( -1.03811532009179, -0.0841610660505836, 0.0581187690652935 ) );
#2560=CARTESIAN_POINT( '', ( -1.03296791011208, -0.135158992278467, 0.0581125807104022 ) );
#2561=CARTESIAN_POINT( '', ( -1.02783822753483, -0.168967972542263, 0.0581073966039599 ) );
#2562=CARTESIAN_POINT( '', ( -1.01932999551714, -0.210995107217376, 0.0581014454387628 ) );
#2563=CARTESIAN_POINT( '', ( -1.01752164511294, -0.219395701364179, 0.0581002779288392 ) );
#2564=CARTESIAN_POINT( '', ( -1.01370162660684, -0.236141276085876, 0.0580980304383724 ) );
#2565=CARTESIAN_POINT( '', ( -1.00767501634641, -0.261140304607908, 0.0580947917435917 ) );
#2566=CARTESIAN_POINT( '', ( -1.00077324202821, -0.285787200275816, 0.0580920932464662 ) );
#2567=CARTESIAN_POINT( '', ( -0.985828787245509, -0.334621934213263, 0.0580876736071844 ) );
#2568=CARTESIAN_POINT( '', ( -0.962867449265846, -0.398513583560645, 0.0580844513193259 ) );
#2569=CARTESIAN_POINT( '', ( -0.933933036706612, -0.460001894059487, 0.0580876397832326 ) );
#2570=CARTESIAN_POINT( '', ( -0.909942863066622, -0.505196973527753, 0.0580920505077691 ) );
#2571=CARTESIAN_POINT( '', ( -0.901563684205066, -0.520108114894063, 0.0580938491871459 ) );
#2572=CARTESIAN_POINT( '', ( -0.888406424659980, -0.542238040363223, 0.0580969121281322 ) );
#2573=CARTESIAN_POINT( '', ( -0.883922099873930, -0.549575149128001, 0.0580979935203553 ) );
#2574=CARTESIAN_POINT( '', ( -0.874805859817347, -0.564089776863610, 0.0581002374570773 ) );
#2575=CARTESIAN_POINT( '', ( -0.851614253031273, -0.600026473073689, 0.0581060313520947 ) );
#2576=CARTESIAN_POINT( '', ( -0.806306577761154, -0.661604043990447, 0.0581176099578894 ) );
#2577=CARTESIAN_POINT( '', ( -0.738301578199468, -0.737081137228414, 0.0581269011088376 ) );
#2578=CARTESIAN_POINT( '', ( -0.687720224043496, -0.782823277933959, 0.0581208271913667 ) );
#2579=CARTESIAN_POINT( '', ( -0.654457261766401, -0.809972847390156, 0.0581156362645991 ) );
#2580=CARTESIAN_POINT( '', ( -0.647725681502941, -0.815327091707594, 0.0581145266830988 ) );
#2581=CARTESIAN_POINT( '', ( -0.634175343968217, -0.825831281454134, 0.0581122312348856 ) );
#2582=CARTESIAN_POINT( '', ( -0.613691632151691, -0.841305092958543, 0.0581086784135931 ) );
#2583=CARTESIAN_POINT( '', ( -0.564800626695087, -0.875454339941365, 0.0581000160400588 ) );
#2584=CARTESIAN_POINT( '', ( -0.491921569471515, -0.918820462819387, 0.0580893730884761 ) );
#2585=CARTESIAN_POINT( '', ( -0.430455492798628, -0.947866184395682, 0.0580860793797657 ) );
#2586=CARTESIAN_POINT( '', ( -0.383152531366451, -0.967501819945628, 0.0580860418282696 ) );
#2587=CARTESIAN_POINT( '', ( -0.367181833232791, -0.973688811460939, 0.0580864269307978 ) );
#2588=CARTESIAN_POINT( '', ( -0.334837589719469, -0.985326169813026, 0.0580879727356189 ) );
#2589=CARTESIAN_POINT( '', ( -0.318590415070422, -0.990731165638152, 0.0580891270955329 ) );
#2590=CARTESIAN_POINT( '', ( -0.269627451863339, -1.00572560417969, 0.0580935505751623 ) );
#2591=CARTESIAN_POINT( '', ( -0.203754328212037, -1.02247073345973, 0.0581020692322416 ) );
#2592=CARTESIAN_POINT( '', ( -0.136708519615635, -1.03275215378839, 0.0581123542208817 ) );
#2593=CARTESIAN_POINT( '', ( -0.0859700502317485, -1.03796020033661, 0.0581185673460088 ) );
#2594=CARTESIAN_POINT( '', ( -0.0604870542522283, -1.03993718437927, 0.0581212860277146 ) );
#2595=CARTESIAN_POINT( '', ( -0.0348281402035866, -1.04094452842006, 0.0581228709758059 ) );
#2596=CARTESIAN_POINT( '', ( -0.0176823711165669, -1.04139730766903, 0.0581236086383770 ) );
#2597=CARTESIAN_POINT( '', ( 0.0253464739903027, -1.04197406246961, 0.0581246235600305 ) );
#2598=CARTESIAN_POINT( '', ( 0.101965371752848, -1.03801264888252, 0.0581176526559359 ) );
#2599=CARTESIAN_POINT( '', ( 0.202458063548473, -1.02273286272034, 0.0581022742795495 ) );
#2600=CARTESIAN_POINT( '', ( 0.268373493941530, -1.00606629012000, 0.0580936951012931 ) );
#2601=CARTESIAN_POINT( '', ( 0.309230362091942, -0.993607439139462, 0.0580899656152319 ) );
#2602=CARTESIAN_POINT( '', ( 0.317384672115544, -0.991013257818407, 0.0580892988179458 ) );
#2603=CARTESIAN_POINT( '', ( 0.333658888917568, -0.985618416245910, 0.0580881411781742 ) );
#2604=CARTESIAN_POINT( '', ( 0.341789388123508, -0.982813826279540, 0.0580876499322322 ) );
#2605=CARTESIAN_POINT( '', ( 0.366021253158701, -0.974126398210700, 0.0580864653920654 ) );
#2606=CARTESIAN_POINT( '', ( 0.381976414376829, -0.967967059326299, 0.0580860613803803 ) );
#2607=CARTESIAN_POINT( '', ( 0.429255509752968, -0.948407748456008, 0.0580860396812807 ) );
#2608=CARTESIAN_POINT( '', ( 0.490734200040232, -0.919451851710392, 0.0580892446548908 ) );
#2609=CARTESIAN_POINT( '', ( 0.549127185194486, -0.884805944895473, 0.0580977220677502 ) );
#2610=CARTESIAN_POINT( '', ( 0.591733493659960, -0.856630060548165, 0.0581047945668858 ) );
#2611=CARTESIAN_POINT( '', ( 0.612738916157610, -0.841993103914557, 0.0581084976468402 ) );
#2612=CARTESIAN_POINT( '', ( 0.633284963261807, -0.826509063407288, 0.0581120769257517 ) );
#2613=CARTESIAN_POINT( '', ( 0.646878413545658, -0.815994752462374, 0.0581143855689120 ) );
#2614=CARTESIAN_POINT( '', ( 0.653604950922156, -0.810655666421187, 0.0581154978728793 ) );
#2615=CARTESIAN_POINT( '', ( 0.686807464185211, -0.783615738244523, 0.0581207046276711 ) );
#2616=CARTESIAN_POINT( '', ( 0.737349842799786, -0.738027060654425, 0.0581268789150252 ) );
#2617=CARTESIAN_POINT( '', ( 0.805430225976498, -0.662680242153765, 0.0581178067846573 ) );
#2618=CARTESIAN_POINT( '', ( 0.845815949403656, -0.607945405187465, 0.0581075112091435 ) );
#2619=CARTESIAN_POINT( '', ( 0.869486568918985, -0.572321920691763, 0.0581015669772657 ) );
#2620=CARTESIAN_POINT( '', ( 0.874141947469284, -0.565126312885625, 0.0581004001449763 ) );
#2621=CARTESIAN_POINT( '', ( 0.883294111104375, -0.550592282411992, 0.0580981461201487 ) );
#2622=CARTESIAN_POINT( '', ( 0.887781000924174, -0.543269191805686, 0.0580970614645491 ) );
#2623=CARTESIAN_POINT( '', ( 0.900938113652871, -0.521197709886887, 0.0580939880843998 ) );
#2624=CARTESIAN_POINT( '', ( 0.909321625385806, -0.506320972834276, 0.0580921781766323 ) );
#2625=CARTESIAN_POINT( '', ( 0.933335641471722, -0.461214891152376, 0.0580877242079927 ) );
#2626=CARTESIAN_POINT( '', ( 0.962330652468180, -0.399807408771359, 0.0580844523040054 ) );
#2627=CARTESIAN_POINT( '', ( 0.985388130656362, -0.335913829304936, 0.0580875895198146 ) );
#2628=CARTESIAN_POINT( '', ( 1.00041035803371, -0.287042806795654, 0.0580919641345195 ) );
#2629=CARTESIAN_POINT( '', ( 1.00503840263277, -0.270593622703436, 0.0580937511906249 ) );
#2630=CARTESIAN_POINT( '', ( 1.01139738988872, -0.245675706003404, 0.0580967982257500 ) );
#2631=CARTESIAN_POINT( '', ( 1.01342188447365, -0.237319530897456, 0.0580978757020947 ) );
#2632=CARTESIAN_POINT( '', ( 1.01725985432881, -0.220586047984432, 0.0581001174539723 ) );
#2633=CARTESIAN_POINT( '', ( 1.02632809697668, -0.178689664905552, 0.0581059110874245 ) );
#2634=CARTESIAN_POINT( '', ( 1.03278763641471, -0.136482842949547, 0.0581123897540838 ) );
#2635=CARTESIAN_POINT( '', ( 1.03973594367462, -0.0685488756036880, 0.0581206926534372 ) );
#2636=CARTESIAN_POINT( '', ( 1.18491483947756, -0.490807796768743, 0.350000000000000 ) );
#2637=CARTESIAN_POINT( '', ( 1.28254258026122, 7.31836466427715E-016, 0.350000000000000 ) );
#2638=CARTESIAN_POINT( '', ( 1.18491483947756, 0.490807796768743, 0.350000000000000 ) );
#2639=CARTESIAN_POINT( '', ( 0.906894555663201, 0.906894555663202, 0.350000000000000 ) );
#2640=CARTESIAN_POINT( '', ( 0.490807796768743, 1.18491483947756, 0.350000000000000 ) );
#2641=CARTESIAN_POINT( '', ( 1.44842633980485E-016, 1.28254258026122, 0.350000000000000 ) );
#2642=CARTESIAN_POINT( '', ( -0.490807796768744, 1.18491483947756, 0.350000000000000 ) );
#2643=CARTESIAN_POINT( '', ( -0.906894555663202, 0.906894555663202, 0.350000000000000 ) );
#2644=CARTESIAN_POINT( '', ( -1.18491483947756, 0.490807796768743, 0.350000000000000 ) );
#2645=CARTESIAN_POINT( '', ( -1.28254258026122, 6.05123977113167E-017, 0.350000000000000 ) );
#2646=CARTESIAN_POINT( '', ( -1.18491483947756, -0.490807796768743, 0.350000000000000 ) );
#2647=CARTESIAN_POINT( '', ( -0.906894555663200, -0.906894555663202, 0.350000000000000 ) );
#2648=CARTESIAN_POINT( '', ( -0.490807796768743, -1.18491483947756, 0.350000000000000 ) );
#2649=CARTESIAN_POINT( '', ( -5.64123942871364E-016, -1.28254258026122, 0.350000000000000 ) );
#2650=CARTESIAN_POINT( '', ( 0.490807796768744, -1.18491483947756, 0.350000000000000 ) );
#2651=CARTESIAN_POINT( '', ( 0.906894555663201, -0.906894555663201, 0.350000000000000 ) );
#2652=CARTESIAN_POINT( '', ( -0.727336314556953, -0.321545263757429, -0.290000000000000 ) );
#2653=CARTESIAN_POINT( '', ( -0.727336314556954, -0.321545263757428, -0.290000000000002 ) );
#2654=CARTESIAN_POINT( '', ( -0.933424391064741, -0.847053717304856, -0.290000000000000 ) );
#2655=CARTESIAN_POINT( '', ( -0.727336314556954, -0.321545263757428, -0.290000000000000 ) );
#2656=CARTESIAN_POINT( '', ( -0.863004344582784, -0.462404182877417, -0.290000000000000 ) );
#2657=CARTESIAN_POINT( '', ( -0.936962256159070, -0.654689529997755, -0.290000000000000 ) );
#2658=CARTESIAN_POINT( '', ( -0.933424391064741, -0.847053717304856, -0.290000000000002 ) );
#2659=CARTESIAN_POINT( '', ( -1.25000000000000, -1.50000000000000, -0.750000000000000 ) );
#2660=VECTOR( '', #2913, 1000.00000000000 );
#2661=CARTESIAN_POINT( '', ( -1.25000000000000, -0.750000000000000, -0.650000000000000 ) );
#2662=VECTOR( '', #399, 1000.00000000000 );
#2663=AXIS2_PLACEMENT_3D( '', #1410, #400, #1614 );
#2664=CARTESIAN_POINT( '', ( 1.50000000000000, 1.14515987739663, -0.750000000000000 ) );
#2665=CARTESIAN_POINT( '', ( 1.50000000000000, 1.14515987739663, -0.350000000000000 ) );
#2666=VECTOR( '', #1417, 1000.00000000000 );
#2667=CARTESIAN_POINT( '', ( 1.50000000000000, 1.50000000000000, -0.350000000000000 ) );
#2668=CARTESIAN_POINT( '', ( 1.45000000000000, 1.09515987739663, -0.700000000000000 ) );
#2669=CARTESIAN_POINT( '', ( 1.45000000000000, 1.09515987739663, -0.350000000000000 ) );
#2670=CARTESIAN_POINT( '', ( 1.46666666666667, 1.11182654406330, -0.716666666666667 ) );
#2671=VECTOR( '', #2914, 1000.00000000000 );
#2672=VECTOR( '', #1424, 1000.00000000000 );
#2673=CARTESIAN_POINT( '', ( 1.50000000000000, -0.854840122603370, -0.750000000000000 ) );
#2674=CARTESIAN_POINT( '', ( 1.50000000000000, -0.854840122603369, -0.350000000000000 ) );
#2675=CARTESIAN_POINT( '', ( 1.50000000000000, 0.845159877396630, -0.350000000000000 ) );
#2676=CARTESIAN_POINT( '', ( 1.25000000000000, -0.750000000000000, -0.650000000000000 ) );
#2677=AXIS2_PLACEMENT_3D( '', #1502, #400, #1614 );
#2678=CARTESIAN_POINT( '', ( -0.600000000000007, -2.93152556321415E-013, -0.290000000000007 ) );
#2679=CARTESIAN_POINT( '', ( -0.600000000000000, -2.93152556321411E-013, -0.390000000000007 ) );
#2680=CARTESIAN_POINT( '', ( -0.700000000000006, -3.42011315708316E-013, -0.390000000000007 ) );
#2681=CARTESIAN_POINT( '', ( -0.700000000000000, -3.42011315708313E-013, -0.290000000000007 ) );
#2682=CARTESIAN_POINT( '', ( -0.700000000000006, -3.42011315708316E-013, -0.190000000000010 ) );
#2683=CARTESIAN_POINT( '', ( -0.600000000000000, -2.93152556321411E-013, -0.190000000000010 ) );
#2684=CARTESIAN_POINT( '', ( -0.598147651387785, -0.118556811544583, -0.289999999999995 ) );
#2685=CARTESIAN_POINT( '', ( -0.644319583815694, -0.235352171996147, -0.290000000000000 ) );
#2686=CARTESIAN_POINT( '', ( -0.727336314556953, -0.321545263757430, -0.290000000000000 ) );
#2687=CARTESIAN_POINT( '', ( -0.924999999999990, -1.32500000000000, -0.290000000000000 ) );
#2688=CARTESIAN_POINT( '', ( -0.930494397436593, -1.00636613540612, -0.290000000000000 ) );
#2689=CARTESIAN_POINT( '', ( -0.927808126747731, -1.16568477708333, -0.290000000000027 ) );
#2690=CARTESIAN_POINT( '', ( -1.07500000000000, -1.32500000000000, -0.290000000000000 ) );
#2691=CARTESIAN_POINT( '', ( -1.07500000000000, -1.32500000000000, -0.290000000000002 ) );
#2692=CARTESIAN_POINT( '', ( -1.07500000000000, -1.32500000000000, -0.316179938780338 ) );
#2693=CARTESIAN_POINT( '', ( -0.924999999995174, -1.32500000000000, -0.316179938779918 ) );
#2694=CARTESIAN_POINT( '', ( -0.924999999999990, -1.32500000000000, -0.289999999999162 ) );
#2695=CARTESIAN_POINT( '', ( -0.925000000004807, -1.32500000000000, -0.263820061220088 ) );
#2696=CARTESIAN_POINT( '', ( -1.07500000000000, -1.32500000000000, -0.263820061220508 ) );
#2697=CARTESIAN_POINT( '', ( -1.07500000000000, -1.32500000000000, -0.290000000000213 ) );
#2698=CARTESIAN_POINT( '', ( -1.07500000000000, -1.42500000000000, -0.290000000000000 ) );
#2699=CARTESIAN_POINT( '', ( -1.07500000000000, -1.42500000000000, -0.290000000000002 ) );
#2700=CARTESIAN_POINT( '', ( -1.07500000000000, -1.47500000000000, -0.340000000000000 ) );
#2701=CARTESIAN_POINT( '', ( -1.07500000000000, -1.45209330583549, -0.290022706710481 ) );
#2702=CARTESIAN_POINT( '', ( -1.07500000000000, -1.47502236624689, -0.312872167124826 ) );
#2703=CARTESIAN_POINT( '', ( -1.07500000000000, -1.47500000000001, -0.340000000000000 ) );
#2704=CARTESIAN_POINT( '', ( 1.45000000000000, 0.895159877396630, -0.700000000000000 ) );
#2705=VECTOR( '', #2915, 1000.00000000000 );
#2706=VECTOR( '', #1614, 1000.00000000000 );
#2707=CARTESIAN_POINT( '', ( 1.25000000000002, 1.14515987739663, -0.750000000000000 ) );
#2708=VECTOR( '', #2916, 1000.00000000000 );
#2709=CARTESIAN_POINT( '', ( 0.500000000000000, 0.000000000000000, -0.350000000000000 ) );
#2710=AXIS2_PLACEMENT_3D( '', #1430, #1363, #400 );
#2711=CARTESIAN_POINT( '', ( 1.50000000000000, -1.15484012260337, -0.350000000000000 ) );
#2712=CARTESIAN_POINT( '', ( 1.45000000000000, -1.10484012260337, -0.350000000000000 ) );
#2713=VECTOR( '', #1521, 1000.00000000000 );
#2714=CARTESIAN_POINT( '', ( 1.45000000000000, -0.904840122603370, -0.350000000000000 ) );
#2715=VECTOR( '', #1651, 1000.00000000000 );
#2716=CARTESIAN_POINT( '', ( 1.45000000000000, 0.895159877396630, -0.350000000000000 ) );
#2717=VECTOR( '', #1528, 1000.00000000000 );
#2718=CARTESIAN_POINT( '', ( -1.50000000000000, 1.50000000000000, -0.350000000000000 ) );
#2719=VECTOR( '', #1479, 1000.00000000000 );
#2720=CARTESIAN_POINT( '', ( -1.50000000000000, -1.50000000000000, -0.350000000000000 ) );
#2721=VECTOR( '', #1480, 1000.00000000000 );
#2722=CARTESIAN_POINT( '', ( 1.50000000000000, -1.50000000000000, -0.350000000000000 ) );
#2723=VECTOR( '', #1416, 1000.00000000000 );
#2724=COLOUR_RGB( '', 0.699999988079071, 0.699999988079071, 0.699999988079071 );
#2725=CARTESIAN_POINT( '', ( 0.472396102094430, -1.25000000000000, 0.0951239054677279 ) );
#2726=CARTESIAN_POINT( '', ( 1.22239610209443, -1.25000000000000, 0.100608296314419 ) );
#2727=CARTESIAN_POINT( '', ( 0.722757995792730, -1.25000000000000, 0.193070259881606 ) );
#2728=AXIS2_PLACEMENT_3D( '', #1487, #1488, #400 );
#2729=AXIS2_PLACEMENT_3D( '', #1751, #2917, #400 );
#2730=CARTESIAN_POINT( '', ( 1.25000000000000, -1.50000000000000, 0.350000000000000 ) );
#2731=VECTOR( '', #1431, 1000.00000000000 );
#2732=CARTESIAN_POINT( '', ( 1.25000000000000, -1.50000000000000, -0.750000000000000 ) );
#2733=CARTESIAN_POINT( '', ( 1.25000000000000, -0.750000000000000, -0.750000000000000 ) );
#2734=CARTESIAN_POINT( '', ( 1.25000000000002, -0.854840122603370, -0.750000000000000 ) );
#2735=VECTOR( '', #2918, 1000.00000000000 );
#2736=CARTESIAN_POINT( '', ( 1.45000000000000, -0.904840122603370, -0.700000000000000 ) );
#2737=CARTESIAN_POINT( '', ( -1.25000000000000, 1.50000000000000, 0.350000000000000 ) );
#2738=CARTESIAN_POINT( '', ( 1.25000000000000, 1.50000000000000, 0.350000000000000 ) );
#2739=VECTOR( '', #2919, 1000.00000000000 );
#2740=VECTOR( '', #2920, 1000.00000000000 );
#2741=CARTESIAN_POINT( '', ( -1.25000000000000, 1.50000000000000, -0.654435187838070 ) );
#2742=CARTESIAN_POINT( '', ( 1.25000000000000, 1.50000000000000, -0.654435187838070 ) );
#2743=CARTESIAN_POINT( '', ( -1.25000000000000, 1.50000000000000, -0.750000000000000 ) );
#2744=CARTESIAN_POINT( '', ( 1.25000000000000, 1.50000000000000, -0.750000000000000 ) );
#2745=CARTESIAN_POINT( '', ( 1.25000000000000, 1.20000000000000, 0.350000000000000 ) );
#2746=VECTOR( '', #2921, 1000.00000000000 );
#2747=CARTESIAN_POINT( '', ( 1.46666666666667, -0.888173455936703, -0.716666666666667 ) );
#2748=VECTOR( '', #2922, 1000.00000000000 );
#2749=AXIS2_PLACEMENT_3D( '', #1553, #2923, #2924 );
#2750=CARTESIAN_POINT( '', ( 0.651591541992346, -0.0805879143004407, -0.0870786841738072 ) );
#2751=CARTESIAN_POINT( '', ( 0.651675571065653, -0.0805604625469105, -0.0870901552601673 ) );
#2752=CARTESIAN_POINT( '', ( 0.651753215993787, -0.0805113049880244, -0.0871011234395165 ) );
#2753=CARTESIAN_POINT( '', ( 0.651820713538589, -0.0804538986935953, -0.0871108532165202 ) );
#2754=CARTESIAN_POINT( '', ( 0.651927340105950, -0.0803632133784805, -0.0871262234455578 ) );
#2755=CARTESIAN_POINT( '', ( 0.652015102665938, -0.0802498286856418, -0.0871393873420847 ) );
#2756=CARTESIAN_POINT( '', ( 0.652091320363783, -0.0801319951883780, -0.0871510245515033 ) );
#2757=CARTESIAN_POINT( '', ( 0.652335808129763, -0.0797540140984443, -0.0871883538780699 ) );
#2758=CARTESIAN_POINT( '', ( 0.652486063858268, -0.0793172660557832, -0.0872134288779496 ) );
#2759=CARTESIAN_POINT( '', ( 0.652614253124176, -0.0788846760148522, -0.0872351272483092 ) );
#2760=CARTESIAN_POINT( '', ( 0.653202599155167, -0.0768992318216531, -0.0873347155405861 ) );
#2761=CARTESIAN_POINT( '', ( 0.653346137599004, -0.0747946919856298, -0.0873697401040959 ) );
#2762=CARTESIAN_POINT( '', ( 0.653456821289881, -0.0727246978216639, -0.0874002492202770 ) );
#2763=CARTESIAN_POINT( '', ( 0.653676201950802, -0.0686218649273409, -0.0874607198281770 ) );
#2764=CARTESIAN_POINT( '', ( 0.653539319398545, -0.0644950298967847, -0.0874734839357008 ) );
#2765=CARTESIAN_POINT( '', ( 0.653195356148488, -0.0604003194215854, -0.0874810822544801 ) );
#2766=CARTESIAN_POINT( '', ( 0.653023746716248, -0.0583573949529954, -0.0874848731919465 ) );
#2767=CARTESIAN_POINT( '', ( 0.652796521377288, -0.0563163570235086, -0.0874863290605254 ) );
#2768=CARTESIAN_POINT( '', ( 0.652459398178654, -0.0542941428186446, -0.0874848419851457 ) );
#2769=CARTESIAN_POINT( '', ( 0.652290807782856, -0.0532828629821706, -0.0874840983204325 ) );
#2770=CARTESIAN_POINT( '', ( 0.652097197980932, -0.0522733799944503, -0.0874827503486845 ) );
#2771=CARTESIAN_POINT( '', ( 0.651830927559015, -0.0512833324574256, -0.0874787354893954 ) );
#2772=CARTESIAN_POINT( '', ( 0.651697664106347, -0.0507878318601752, -0.0874767261261060 ) );
#2773=CARTESIAN_POINT( '', ( 0.651548301590224, -0.0502936391353486, -0.0874741884855646 ) );
#2774=CARTESIAN_POINT( '', ( 0.651343119146716, -0.0498233646820365, -0.0874690766686990 ) );
#2775=CARTESIAN_POINT( '', ( 0.651240146909412, -0.0495873541746234, -0.0874665112678278 ) );
#2776=CARTESIAN_POINT( '', ( 0.651123922606259, -0.0493516294851764, -0.0874634053551124 ) );
#2777=CARTESIAN_POINT( '', ( 0.650961960515911, -0.0491515102329415, -0.0874578027912739 ) );
#2778=CARTESIAN_POINT( '', ( 0.650908350412514, -0.0490852699554734, -0.0874559483201071 ) );
#2779=CARTESIAN_POINT( '', ( 0.650848488130817, -0.0490225197553747, -0.0874537651041536 ) );
#2780=CARTESIAN_POINT( '', ( 0.650779639115075, -0.0489723453585815, -0.0874510083766752 ) );
#2781=CARTESIAN_POINT( '', ( 0.650739165552304, -0.0489428498519832, -0.0874493878076455 ) );
#2782=CARTESIAN_POINT( '', ( 0.650694789844495, -0.0489174619898310, -0.0874475330906028 ) );
#2783=CARTESIAN_POINT( '', ( 0.650647632584270, -0.0489006532769989, -0.0874454401458317 ) );
#2784=CARTESIAN_POINT( '', ( 0.650609086732485, -0.0488869140107559, -0.0874437293946440 ) );
#2785=CARTESIAN_POINT( '', ( 0.650567815398660, -0.0488788789112314, -0.0874418173544816 ) );
#2786=CARTESIAN_POINT( '', ( 0.650526908750138, -0.0488784828729395, -0.0874398258583728 ) );
#2787=CARTESIAN_POINT( '', ( 0.650485896875357, -0.0488780858158981, -0.0874378292394369 ) );
#2788=CARTESIAN_POINT( '', ( 0.650444319204562, -0.0488854083830246, -0.0874357062992133 ) );
#2789=CARTESIAN_POINT( '', ( 0.650405574976530, -0.0488988518940159, -0.0874336387351959 ) );
#2790=CARTESIAN_POINT( '', ( 0.650355899443028, -0.0489160883603119, -0.0874309878281877 ) );
#2791=CARTESIAN_POINT( '', ( 0.650309396780286, -0.0489434296718909, -0.0874283544804774 ) );
#2792=CARTESIAN_POINT( '', ( 0.650267635378554, -0.0489753930777722, -0.0874258831009120 ) );
#2793=CARTESIAN_POINT( '', ( 0.650193618534484, -0.0490320442037151, -0.0874215028907575 ) );
#2794=CARTESIAN_POINT( '', ( 0.650131227051998, -0.0491040514886679, -0.0874174608108980 ) );
#2795=CARTESIAN_POINT( '', ( 0.650076406377115, -0.0491794684617870, -0.0874137187140909 ) );
#2796=CARTESIAN_POINT( '', ( 0.649898840671716, -0.0494237461555473, -0.0874015979574486 ) );
#2797=CARTESIAN_POINT( '', ( 0.649783231082442, -0.0497106709732967, -0.0873916868853039 ) );
#2798=CARTESIAN_POINT( '', ( 0.649681938647690, -0.0499952774752242, -0.0873823559760919 ) );
#2799=CARTESIAN_POINT( '', ( 0.649210030336525, -0.0513212222409868, -0.0873388844807269 ) );
#2800=CARTESIAN_POINT( '', ( 0.649027628772847, -0.0527395105228197, -0.0873052098151188 ) );
#2801=CARTESIAN_POINT( '', ( 0.648858126729102, -0.0541369456506532, -0.0872711383083644 ) );
#2802=CARTESIAN_POINT( '', ( 0.648183088684092, -0.0597021993542450, -0.0871354493054369 ) );
#2803=CARTESIAN_POINT( '', ( 0.648203322645451, -0.0653711502231084, -0.0870040607520401 ) );
#2804=CARTESIAN_POINT( '', ( 0.648705038727753, -0.0709558724594096, -0.0869312928388457 ) );
#2805=CARTESIAN_POINT( '', ( 0.648804956189045, -0.0720680777236123, -0.0869168010068986 ) );
#2806=CARTESIAN_POINT( '', ( 0.648930576740583, -0.0731786860797885, -0.0869052269164500 ) );
#2807=CARTESIAN_POINT( '', ( 0.649094923653696, -0.0742832881220054, -0.0868990234928095 ) );
#2808=CARTESIAN_POINT( '', ( 0.649203802834136, -0.0750150826095984, -0.0868949137491635 ) );
#2809=CARTESIAN_POINT( '', ( 0.649329612122507, -0.0757448755380231, -0.0868931378533286 ) );
#2810=CARTESIAN_POINT( '', ( 0.649482380565987, -0.0764687895564617, -0.0868953816408497 ) );
#2811=CARTESIAN_POINT( '', ( 0.649584806482298, -0.0769541486723881, -0.0868968860221710 ) );
#2812=CARTESIAN_POINT( '', ( 0.649699326117072, -0.0774373715342703, -0.0869001825943221 ) );
#2813=CARTESIAN_POINT( '', ( 0.649833635699422, -0.0779148523604907, -0.0869064912858603 ) );
#2814=CARTESIAN_POINT( '', ( 0.649924916859415, -0.0782393638579520, -0.0869107788777921 ) );
#2815=CARTESIAN_POINT( '', ( 0.650025355839758, -0.0785616672880662, -0.0869164501880618 ) );
#2816=CARTESIAN_POINT( '', ( 0.650140930841562, -0.0788782697768303, -0.0869244269458691 ) );
#2817=CARTESIAN_POINT( '', ( 0.650220730798244, -0.0790968712433611, -0.0869299345808901 ) );
#2818=CARTESIAN_POINT( '', ( 0.650307810020793, -0.0793131738183333, -0.0869365407192536 ) );
#2819=CARTESIAN_POINT( '', ( 0.650406858441211, -0.0795236576078306, -0.0869449640838303 ) );
#2820=CARTESIAN_POINT( '', ( 0.650503356415110, -0.0797287215466517, -0.0869531705510473 ) );
#2821=CARTESIAN_POINT( '', ( 0.650611085150596, -0.0799301332070871, -0.0869630472435060 ) );
#2822=CARTESIAN_POINT( '', ( 0.650741524153601, -0.0801151683382949, -0.0869763923096209 ) );
#2823=CARTESIAN_POINT( '', ( 0.650818412086035, -0.0802242382356304, -0.0869842586265824 ) );
#2824=CARTESIAN_POINT( '', ( 0.650904080171145, -0.0803288736608903, -0.0869934237067799 ) );
#2825=CARTESIAN_POINT( '', ( 0.651003625688172, -0.0804173697849257, -0.0870047815970687 ) );
#2826=CARTESIAN_POINT( '', ( 0.651064625414013, -0.0804715986388746, -0.0870117415106282 ) );
#2827=CARTESIAN_POINT( '', ( 0.651131972729799, -0.0805203591710462, -0.0870196633596653 ) );
#2828=CARTESIAN_POINT( '', ( 0.651205300902257, -0.0805557523814697, -0.0870286341639713 ) );
#2829=CARTESIAN_POINT( '', ( 0.651259992335952, -0.0805821502222481, -0.0870353249914179 ) );
#2830=CARTESIAN_POINT( '', ( 0.651319239239729, -0.0806012710450968, -0.0870427573795203 ) );
#2831=CARTESIAN_POINT( '', ( 0.651379369075699, -0.0806088234371029, -0.0870505117518619 ) );
#2832=CARTESIAN_POINT( '', ( 0.651439884818421, -0.0806164242995400, -0.0870583158909224 ) );
#2833=CARTESIAN_POINT( '', ( 0.651502864920661, -0.0806120956936054, -0.0870666543345946 ) );
#2834=CARTESIAN_POINT( '', ( 0.651561843556000, -0.0805966522461631, -0.0870746451617132 ) );
#2835=CARTESIAN_POINT( '', ( 0.651571825309533, -0.0805940385423162, -0.0870759975576506 ) );
#2836=CARTESIAN_POINT( '', ( 0.651581732212818, -0.0805911190918206, -0.0870773450084003 ) );
#2837=CARTESIAN_POINT( '', ( 0.600000000000000, 3.67394039744210E-016, -0.0375000000000026 ) );
#2838=AXIS2_PLACEMENT_3D( '', #2925, #2926, #2927 );
#2839=CARTESIAN_POINT( '', ( 0.731250000000008, -0.317645143989322, -0.0375000000000026 ) );
#2840=AXIS2_PLACEMENT_3D( '', #2928, #2929, #2930 );
#2841=VECTOR( '', #2931, 1000.00000000000 );
#2842=CARTESIAN_POINT( '', ( 1.25000000000000, 0.750000000000000, -0.750000000000000 ) );
#2843=VECTOR( '', #2932, 1000.00000000000 );
#2844=AXIS2_PLACEMENT_3D( '', #2933, #400, #1614 );
#2845=VECTOR( '', #2934, 1000.00000000000 );
#2846=VECTOR( '', #1352, 1000.00000000000 );
#2847=VECTOR( '', #2935, 1000.00000000000 );
#2848=VECTOR( '', #2936, 1000.00000000000 );
#2849=CARTESIAN_POINT( '', ( -1.50000000000000, -1.05566243270259, 0.750000000000000 ) );
#2850=VECTOR( '', #2937, 1000.00000000000 );
#2851=VECTOR( '', #2938, 1000.00000000000 );
#2852=CARTESIAN_POINT( '', ( -1.50000000000000, -1.05566243270259, 0.350000000000000 ) );
#2853=CARTESIAN_POINT( '', ( -1.50000000000000, 1.05566243270259, 0.350000000000000 ) );
#2854=CARTESIAN_POINT( '', ( 0.472396102094430, 1.25000000000000, 0.0951239054677279 ) );
#2855=CARTESIAN_POINT( '', ( 0.472396102094430, 1.25000000000000, 0.000123905467733221 ) );
#2856=CARTESIAN_POINT( '', ( 0.472396102094430, 1.25000000000000, 0.0951239054677311 ) );
#2857=CARTESIAN_POINT( '', ( -1.07500000000000, -1.47500000000000, -0.695000000000000 ) );
#2858=CARTESIAN_POINT( '', ( -1.07500000000000, -1.47500000000001, -0.695000000000000 ) );
#2859=CARTESIAN_POINT( '', ( -1.07500000000000, -1.44500000000000, -0.725000000000000 ) );
#2860=CARTESIAN_POINT( '', ( -1.07500000000000, -1.47497581488382, -0.711248013530598 ) );
#2861=CARTESIAN_POINT( '', ( -1.07500000000000, -1.46128480969939, -0.725023850233278 ) );
#2862=CARTESIAN_POINT( '', ( -1.07500000000000, -1.44500000000000, -0.725000000000001 ) );
#2863=CARTESIAN_POINT( '', ( -1.07500000000000, -1.25000000000000, -0.725000000000000 ) );
#2864=CARTESIAN_POINT( '', ( -1.07101029539927, -1.25000000000000, -0.737763305839360 ) );
#2865=CARTESIAN_POINT( '', ( -1.07767350142726, -1.25000000000000, -0.723055051774010 ) );
#2866=CARTESIAN_POINT( '', ( -1.06327369145312, -1.25000000000000, -0.708063846727819 ) );
#2867=CARTESIAN_POINT( '', ( -1.03599734711678, -1.25000000000000, -0.703799527352317 ) );
#2868=CARTESIAN_POINT( '', ( -1.00001183601946, -1.25000000000000, -0.701338246881980 ) );
#2869=CARTESIAN_POINT( '', ( -0.964012106808282, -1.25000000000000, -0.703591349983081 ) );
#2870=CARTESIAN_POINT( '', ( -0.936675827017517, -1.25000000000000, -0.707852511630070 ) );
#2871=CARTESIAN_POINT( '', ( -0.922317657040491, -1.25000000000000, -0.722980142663458 ) );
#2872=CARTESIAN_POINT( '', ( -0.929055027148959, -1.25000000000000, -0.737604973319964 ) );
#2873=CARTESIAN_POINT( '', ( -0.945692558106358, -1.25000000000000, -0.743285182570701 ) );
#2874=CARTESIAN_POINT( '', ( -0.969499556922604, -1.25000000000000, -0.747219952587935 ) );
#2875=CARTESIAN_POINT( '', ( -1.00000230861507, -1.25000000000000, -0.748039693392765 ) );
#2876=CARTESIAN_POINT( '', ( -1.03050245154494, -1.25000000000000, -0.747384772209690 ) );
#2877=CARTESIAN_POINT( '', ( -1.05434569700235, -1.25000000000000, -0.743541403861327 ) );
#2878=CARTESIAN_POINT( '', ( 0.950000000000000, -0.847053717304861, -0.0375000000000026 ) );
#2879=CARTESIAN_POINT( '', ( 0.949999999999997, -0.847053717304861, -0.0636799387799177 ) );
#2880=CARTESIAN_POINT( '', ( 0.949999999999997, -0.847053717304861, -0.0113200612200877 ) );
#2881=CARTESIAN_POINT( '', ( 1.05000000000000, -0.847053717304862, -0.0113200612200876 ) );
#2882=CARTESIAN_POINT( '', ( 1.02617993877991, -0.847053717304862, -0.0875000000000026 ) );
#2883=CARTESIAN_POINT( '', ( -1.07500000000000, -1.35833329054309, -0.290000000062540 ) );
#2884=CARTESIAN_POINT( '', ( -1.07500000000000, -1.39166674535864, -0.290027854968461 ) );
#2885=CARTESIAN_POINT( '', ( -1.07500000000000, -1.38000049317627, -0.725095585242685 ) );
#2886=CARTESIAN_POINT( '', ( -1.07500000000000, -1.31499971766758, -0.725000000594208 ) );
#2887=CARTESIAN_POINT( '', ( 0.948759972462516, -0.875186005517462, -0.0375000000000026 ) );
#2888=CARTESIAN_POINT( '', ( 0.949586668144350, -0.856430904938978, -0.0375000008548673 ) );
#2889=CARTESIAN_POINT( '', ( 0.949175769686636, -0.865809036682095, -0.0375167755399233 ) );
#2890=CARTESIAN_POINT( '', ( -1.25000000000000, 1.20000000000000, 0.350000000000000 ) );
#2891=CARTESIAN_POINT( '', ( -0.500000000000000, 0.000000000000000, 0.350000000000000 ) );
#2892=CARTESIAN_POINT( '', ( -1.07500000000000, -1.47509785281591, -0.458333020267809 ) );
#2893=CARTESIAN_POINT( '', ( -1.07500000000000, -1.47482456688340, -0.576667244795869 ) );
#2894=AXIS2_PLACEMENT_3D( '', #1780, #400, #1614 );
#2895=CARTESIAN_POINT( '', ( 1.22239610209443, 1.25000000000000, 0.000123905467733221 ) );
#2896=CARTESIAN_POINT( '', ( 1.22239610209443, 1.25000000000000, 0.100608296314419 ) );
#2897=AXIS2_PLACEMENT_3D( '', #2939, #2940, #2941 );
#2898=AXIS2_PLACEMENT_3D( '', #2942, #2923, #2924 );
#2899=CARTESIAN_POINT( '', ( 0.722757995792730, 1.25000000000000, 0.193070259881606 ) );
#2900=AXIS2_PLACEMENT_3D( '', #2943, #2917, #400 );
#2901=AXIS2_PLACEMENT_3D( '', #1799, #1488, #400 );
#2902=CARTESIAN_POINT( '', ( 0.946265279493836, -0.932127438619982, -0.0376030039708943 ) );
#2903=CARTESIAN_POINT( '', ( 0.943814567570205, -0.986651405697130, -0.0679229213578531 ) );
#2904=CARTESIAN_POINT( '', ( 1.00000000000000, -1.42500000000000, -0.290000000000000 ) );
#2905=CARTESIAN_POINT( '', ( 1.00000000000000, -1.47500000000000, -0.340000000000000 ) );
#2906=DIRECTION( '', ( 6.12303176911189E-017, -3.74915180455535E-033, -1.00000000000000 ) );
#2907=DIRECTION( '', ( -1.00000000000000, 6.12303176911189E-017, -6.12303176911189E-017 ) );
#2908=CARTESIAN_POINT( '', ( 1.25000000000000, -1.56576723263018, -0.124610493565499 ) );
#2909=DIRECTION( '', ( 1.00000000000000, 1.27553196763000E-016, 0.000000000000000 ) );
#2910=DIRECTION( '', ( -9.01937303931397E-017, 0.707106781186548, 0.707106781186547 ) );
#2911=DIRECTION( '', ( -0.577350269189625, 0.577350269189627, 0.577350269189626 ) );
#2912=DIRECTION( '', ( -0.866025403784439, -0.499999999999999, 0.000000000000000 ) );
#2913=DIRECTION( '', ( 0.000000000000000, 1.00000000000000, 1.44560289664734E-016 ) );
#2914=DIRECTION( '', ( 0.577350269189623, 0.577350269189625, -0.577350269189629 ) );
#2915=DIRECTION( '', ( -1.27553196763000E-016, 1.00000000000000, 0.000000000000000 ) );
#2916=DIRECTION( '', ( -9.01937303931394E-017, 0.707106781186545, -0.707106781186550 ) );
#2917=DIRECTION( '', ( -0.000000000000000, 1.00000000000000, 0.000000000000000 ) );
#2918=DIRECTION( '', ( -9.01937303931392E-017, 0.707106781186545, -0.707106781186550 ) );
#2919=DIRECTION( '', ( 1.00000000000000, 1.73472347597681E-016, 0.000000000000000 ) );
#2920=DIRECTION( '', ( -0.577350269189624, 0.577350269189625, 0.577350269189629 ) );
#2921=DIRECTION( '', ( 0.866025403784439, -0.499999999999999, 0.000000000000000 ) );
#2922=DIRECTION( '', ( 0.577350269189624, 0.577350269189624, -0.577350269189629 ) );
#2923=DIRECTION( '', ( 1.22460635382238E-016, 1.00000000000000, 0.000000000000000 ) );
#2924=DIRECTION( '', ( -1.00000000000000, 1.22460635382238E-016, 0.000000000000000 ) );
#2925=CARTESIAN_POINT( '', ( 0.650000000000000, 3.98010209722894E-016, -0.0375000000000026 ) );
#2926=DIRECTION( '', ( 6.12323399573677E-016, -1.00000000000000, 0.000000000000000 ) );
#2927=DIRECTION( '', ( -1.00000000000000, -6.12323399573677E-016, 0.000000000000000 ) );
#2928=CARTESIAN_POINT( '', ( 0.766666666666675, -0.282351239101620, -0.0375000000000026 ) );
#2929=DIRECTION( '', ( 0.705878097754050, -0.708333333333343, 0.000000000000000 ) );
#2930=DIRECTION( '', ( -0.708333333333343, -0.705878097754050, 0.000000000000000 ) );
#2931=DIRECTION( '', ( -9.01937303931394E-017, 0.707106781186545, 0.707106781186550 ) );
#2932=DIRECTION( '', ( 0.000000000000000, -1.00000000000000, 1.44560289664734E-016 ) );
#2933=CARTESIAN_POINT( '', ( 1.25000000000000, 1.56576723263018, -0.124610493565499 ) );
#2934=DIRECTION( '', ( -7.22801448323669E-016, -1.00000000000000, 0.000000000000000 ) );
#2935=DIRECTION( '', ( 1.44560289664734E-015, 1.00000000000000, 0.000000000000000 ) );
#2936=DIRECTION( '', ( 0.866025403784439, 0.500000000000000, 0.000000000000000 ) );
#2937=DIRECTION( '', ( 1.02703491087567E-016, 1.00000000000000, 0.000000000000000 ) );
#2938=DIRECTION( '', ( -0.866025403784439, 0.500000000000000, 0.000000000000000 ) );
#2939=CARTESIAN_POINT( '', ( 1.00000000000000, -1.47500000000000, -0.695000000000000 ) );
#2940=DIRECTION( '', ( 6.12303176911188E-017, -1.22163625068790E-015, -1.00000000000000 ) );
#2941=DIRECTION( '', ( -1.00000000000000, 6.12303176911188E-017, -6.12303176911189E-017 ) );
#2942=CARTESIAN_POINT( '', ( 1.00000000000000, -1.44500000000000, -0.725000000000000 ) );
#2943=CARTESIAN_POINT( '', ( 0.410795436930400, 1.25000000000000, 0.621531882279772 ) );
ENDSEC;
END-ISO-10303-21;
