ISO-10303-21;
HEADER;
/* Generated by software containing ST-Developer
 * from STEP Tools, Inc. (www.steptools.com) 
 */
/* OPTION: strings as raw bytes, not using required /X/ escapes */
FILE_DESCRIPTION(
/* description */ ('Unknown'),
/* implementation_level */ '2;1');
FILE_NAME(
/* name */ 'JST - XH - Thru - 2Pin',
/* time_stamp */ '2018-10-25T13:30:25-04:00',
/* author */ ('Unknown'),
/* organization */ ('Unknown'),
/* preprocessor_version */ 'ST-DEVELOPER v16.7',
/* originating_system */ 'DEX',
/* authorisation */ $);
FILE_SCHEMA (('AUTOMOTIVE_DESIGN {1 0 10303 214 3 1 1}'));
ENDSEC;
DATA;
#1=PROPERTY_DEFINITION_REPRESENTATION(#5,#3);
#2=PROPERTY_DEFINITION_REPRESENTATION(#5,#4);
#3=REPRESENTATION('',(#6),#6277);
#4=REPRESENTATION('',(#7),#6277);
#5=PROPERTY_DEFINITION('pmi validation property','',#6282);
#6=VALUE_REPRESENTATION_ITEM('number of annotations',COUNT_MEASURE(0.));
#7=VALUE_REPRESENTATION_ITEM('number of views',COUNT_MEASURE(0.));
#8=SHAPE_REPRESENTATION_RELATIONSHIP('','',#4013,#9);
#9=ADVANCED_BREP_SHAPE_REPRESENTATION('',(#4011),#6277);
#10=ORIENTED_CLOSED_SHELL('',*,#3991,.F.);
#11=ORIENTED_CLOSED_SHELL('',*,#3992,.F.);
#12=ORIENTED_CLOSED_SHELL('',*,#3993,.F.);
#13=ORIENTED_CLOSED_SHELL('',*,#3994,.F.);
#14=ORIENTED_CLOSED_SHELL('',*,#3995,.F.);
#15=ORIENTED_CLOSED_SHELL('',*,#3996,.F.);
#16=ORIENTED_CLOSED_SHELL('',*,#3997,.F.);
#17=ORIENTED_CLOSED_SHELL('',*,#3998,.F.);
#18=ORIENTED_CLOSED_SHELL('',*,#3999,.F.);
#19=ORIENTED_CLOSED_SHELL('',*,#4000,.F.);
#20=ORIENTED_CLOSED_SHELL('',*,#4001,.F.);
#21=ORIENTED_CLOSED_SHELL('',*,#4002,.F.);
#22=ORIENTED_CLOSED_SHELL('',*,#4003,.F.);
#23=ORIENTED_CLOSED_SHELL('',*,#4004,.F.);
#24=ORIENTED_CLOSED_SHELL('',*,#4005,.F.);
#25=ORIENTED_CLOSED_SHELL('',*,#4006,.F.);
#26=ORIENTED_CLOSED_SHELL('',*,#4007,.F.);
#27=ORIENTED_CLOSED_SHELL('',*,#4008,.F.);
#28=ORIENTED_CLOSED_SHELL('',*,#4009,.F.);
#29=ORIENTED_CLOSED_SHELL('',*,#4010,.F.);
#30=B_SPLINE_SURFACE_WITH_KNOTS('',3,1,((#4471,#4470),(#4474,#4475),(#4476,#4477),(#4478,#4479)),.SURF_OF_LINEAR_EXTRUSION.,.F.,.F.,.F.,(4,4),(2,2),(0.,0.17176240148329),(0.,1.),.PIECEWISE_BEZIER_KNOTS.);
#31=B_SPLINE_SURFACE_WITH_KNOTS('',3,1,((#4499,#4498),(#4502,#4503),(#4504,#4505),(#4506,#4507),(#4508,#4509),(#4510,#4511)),.SURF_OF_LINEAR_EXTRUSION.,.F.,.F.,.F.,(4,1,1,4),(2,2),(0.198564885445805,0.311102759185899,0.423640632925993,0.648716380406182),(0.,1.),.UNSPECIFIED.);
#32=B_SPLINE_SURFACE_WITH_KNOTS('',3,1,((#4534,#4535),(#4536,#4537),(#4538,#4539),(#4540,#4541),(#4542,#4543),(#4544,#4545),(#4546,#4547),(#4548,#4549),(#4534,#4535),(#4536,#4537),(#4538,#4539)),.SURF_OF_LINEAR_EXTRUSION.,.T.,.F.,.F.,(1,1,1,1,1,1,1,1,1,1,1,1,1,1,1),(2,2),(-0.322186764963963,-0.227943125663441,-0.0842688316540503,0.,0.176874608638498,0.259005496786648,0.401887888396797,0.495206495015867,0.677813235036037,0.772056874336559,0.91573116834595,1.,1.1768746086385,1.25900549678665,1.4018878883968),(0.,1.),.UNSPECIFIED.);
#33=B_SPLINE_SURFACE_WITH_KNOTS('',3,1,((#4606,#4607),(#4608,#4609),(#4610,#4611),(#4612,#4613),(#4614,#4615),(#4616,#4617),(#4618,#4619),(#4620,#4621),(#4606,#4607),(#4608,#4609),(#4610,#4611)),.SURF_OF_LINEAR_EXTRUSION.,.T.,.F.,.F.,(1,1,1,1,1,1,1,1,1,1,1,1,1,1,1),(2,2),(-0.419377575996613,-0.252314659338377,-0.162385572579684,0.,0.12160680326131,0.243213606522619,0.337093612169708,0.490799042507525,0.580622424003387,0.747685340661623,0.837614427420316,1.,1.12160680326131,1.24321360652262,1.33709361216971),(0.,1.),.UNSPECIFIED.);
#34=B_SPLINE_SURFACE_WITH_KNOTS('',3,1,((#4678,#4679),(#4680,#4681),(#4682,#4683),(#4684,#4685),(#4686,#4687),(#4688,#4689)),.SURF_OF_LINEAR_EXTRUSION.,.F.,.F.,.F.,(4,1,1,4),(2,2),(0.752727155007421,0.814545366255566,0.876363577503711,1.),(0.,1.),.UNSPECIFIED.);
#35=B_SPLINE_SURFACE_WITH_KNOTS('',3,1,((#4711,#4710),(#4714,#4715),(#4716,#4717),(#4718,#4719),(#4720,#4721),(#4722,#4723)),.SURF_OF_LINEAR_EXTRUSION.,.F.,.F.,.F.,(4,1,1,4),(2,2),(0.018125920064569,0.126456756994512,0.180622175459484,0.234787593924456),(0.,1.),.UNSPECIFIED.);
#36=B_SPLINE_SURFACE_WITH_KNOTS('',3,1,((#4772,#4773),(#4774,#4775),(#4776,#4777),(#4778,#4779),(#4780,#4781),(#4782,#4783)),.SURF_OF_LINEAR_EXTRUSION.,.F.,.F.,.F.,(4,1,1,4),(2,2),(0.692924445471803,0.769693334103852,0.846462222735901,1.),(0.,1.),.UNSPECIFIED.);
#37=B_SPLINE_SURFACE_WITH_KNOTS('',3,1,((#4803,#4802),(#4806,#4807),(#4808,#4809),(#4810,#4811),(#4812,#4813),(#4814,#4815)),.SURF_OF_LINEAR_EXTRUSION.,.F.,.F.,.F.,(4,1,1,4),(2,2),(0.0207845860332522,0.145765645077848,0.208256174600146,0.270746704122444),(0.,1.),.UNSPECIFIED.);
#38=B_SPLINE_SURFACE_WITH_KNOTS('',3,1,((#4909,#4908),(#4912,#4913),(#4914,#4915),(#4916,#4917),(#4918,#4919),(#4920,#4921)),.SURF_OF_LINEAR_EXTRUSION.,.F.,.F.,.F.,(4,1,1,4),(2,2),(0.,0.087092048184125,0.17418409636825,0.3483681927365),(0.,1.),.UNSPECIFIED.);
#39=B_SPLINE_SURFACE_WITH_KNOTS('',3,1,((#4920,#4921),(#4944,#4945),(#4946,#4947),(#4948,#4949)),.SURF_OF_LINEAR_EXTRUSION.,.F.,.F.,.F.,(4,4),(2,2),(0.3483681927365,0.518536109933617),(0.,1.),.PIECEWISE_BEZIER_KNOTS.);
#40=B_SPLINE_SURFACE_WITH_KNOTS('',3,1,((#4975,#4974),(#4978,#4979),(#4980,#4981),(#4982,#4983),(#4984,#4985),(#4986,#4987)),.SURF_OF_LINEAR_EXTRUSION.,.F.,.F.,.F.,(4,1,1,4),(2,2),(0.544246985213222,0.620046858701726,0.69584673219023,0.847446479167239),(0.,1.),.UNSPECIFIED.);
#41=B_SPLINE_SURFACE_WITH_KNOTS('',3,1,((#4986,#4987),(#5004,#5005),(#5006,#5007),(#4904,#4905)),.SURF_OF_LINEAR_EXTRUSION.,.F.,.F.,.F.,(4,4),(2,2),(0.847446479167239,0.972220433605943),(0.,1.),.PIECEWISE_BEZIER_KNOTS.);
#42=B_SPLINE_SURFACE_WITH_KNOTS('',3,1,((#5020,#5021),(#5022,#5023),(#5024,#5025),(#5026,#5027),(#5028,#5029),(#5030,#5031)),.SURF_OF_LINEAR_EXTRUSION.,.F.,.F.,.F.,(4,1,1,4),(2,2),(0.752903653119276,0.814677739839457,0.876451826559638,1.),(0.,1.),.UNSPECIFIED.);
#43=B_SPLINE_SURFACE_WITH_KNOTS('',3,1,((#5051,#5050),(#5054,#5055),(#5056,#5057),(#5058,#5059),(#5060,#5061),(#5062,#5063)),.SURF_OF_LINEAR_EXTRUSION.,.F.,.F.,.F.,(4,1,1,4),(2,2),(0.017934276420548,0.1262392313784,0.180391708857326,0.234544186336252),(0.,1.),.UNSPECIFIED.);
#44=B_SPLINE_SURFACE_WITH_KNOTS('',3,1,((#5115,#5114),(#5118,#5119),(#5120,#5121),(#5122,#5123)),.SURF_OF_LINEAR_EXTRUSION.,.F.,.F.,.F.,(4,4),(2,2),(0.,0.0629682963378987),(0.,1.),.PIECEWISE_BEZIER_KNOTS.);
#45=B_SPLINE_SURFACE_WITH_KNOTS('',3,1,((#5122,#5123),(#5134,#5135),(#5136,#5137),(#5138,#5139),(#5140,#5141),(#5142,#5143),(#5144,#5145)),.SURF_OF_LINEAR_EXTRUSION.,.F.,.F.,.F.,(4,1,1,1,4),(2,2),(0.0629682963378987,0.214287147382616,0.365605998427334,0.516924849472051,0.668243700516769),(0.,1.),.UNSPECIFIED.);
#46=B_SPLINE_SURFACE_WITH_KNOTS('',3,1,((#5185,#5184),(#5188,#5189),(#5190,#5191),(#5192,#5193),(#5194,#5195),(#5196,#5197),(#5180,#5181)),.SURF_OF_LINEAR_EXTRUSION.,.F.,.F.,.F.,(4,1,1,1,4),(2,2),(0.30067118155393,0.475503386165447,0.650335590776965,0.825167795388482,1.),(0.,1.),.UNSPECIFIED.);
#47=B_SPLINE_SURFACE_WITH_KNOTS('',3,1,((#5144,#5145),(#5232,#5233),(#5234,#5235),(#5236,#5237),(#5110,#5111)),.SURF_OF_LINEAR_EXTRUSION.,.F.,.F.,.F.,(4,1,4),(2,2),(0.668243700516769,0.818630457055501,0.969017213594233),(0.,1.),.UNSPECIFIED.);
#48=B_SPLINE_SURFACE_WITH_KNOTS('',3,1,((#5250,#5251),(#5252,#5253),(#5254,#5255),(#5256,#5257),(#5258,#5259),(#5260,#5261),(#5262,#5263),(#5264,#5265),(#5266,#5267)),.SURF_OF_LINEAR_EXTRUSION.,.F.,.F.,.F.,(4,1,1,1,1,1,4),(2,2),(0.364984155370695,0.523738116528021,0.603115097106684,0.682492077685347,0.76186905826401,0.841246038842674,1.),(0.,1.),.UNSPECIFIED.);
#49=B_SPLINE_SURFACE_WITH_KNOTS('',3,1,((#5321,#5320),(#5324,#5325),(#5326,#5327),(#5328,#5329),(#5330,#5331)),.SURF_OF_LINEAR_EXTRUSION.,.F.,.F.,.F.,(4,1,4),(2,2),(0.128948646383063,0.233528293604143,0.338107940825223),(0.,1.),.UNSPECIFIED.);
#50=B_SPLINE_SURFACE_WITH_KNOTS('',3,1,((#5359,#5358),(#5362,#5363),(#5364,#5365),(#5366,#5367),(#5348,#5349)),.SURF_OF_LINEAR_EXTRUSION.,.F.,.F.,.F.,(4,1,4),(2,2),(0.,0.296321979610661,0.592643959221323),(0.,1.),.UNSPECIFIED.);
#51=B_SPLINE_SURFACE_WITH_KNOTS('',3,1,((#5400,#5401),(#5402,#5403),(#5404,#5405),(#5406,#5407),(#5408,#5409)),.SURF_OF_LINEAR_EXTRUSION.,.F.,.F.,.F.,(4,1,4),(2,2),(0.556640892407181,0.778320446203591,1.),(0.,1.),.UNSPECIFIED.);
#52=B_SPLINE_SURFACE_WITH_KNOTS('',3,1,((#5429,#5428),(#5432,#5433),(#5434,#5435),(#5436,#5437),(#5438,#5439)),.SURF_OF_LINEAR_EXTRUSION.,.F.,.F.,.F.,(4,1,4),(2,2),(0.0306370071150834,0.278320446203591,0.526003885292098),(0.,1.),.UNSPECIFIED.);
#53=B_SPLINE_SURFACE_WITH_KNOTS('',3,1,((#5476,#5477),(#5478,#5479),(#5480,#5481),(#5482,#5483),(#5484,#5485),(#5486,#5487),(#5488,#5489),(#5490,#5491),(#5476,#5477),(#5478,#5479),(#5480,#5481)),.SURF_OF_LINEAR_EXTRUSION.,.T.,.F.,.F.,(1,1,1,1,1,1,1,1,1,1,1,1,1,1,1),(2,2),(-0.322190029712075,-0.227946844344476,-0.0842875693767791,0.,0.176873756706115,0.259004249263491,0.401885952667814,0.495204109809462,0.677809970287925,0.772053155655524,0.915712430623221,1.,1.17687375670611,1.25900424926349,1.40188595266781),(0.,1.),.UNSPECIFIED.);
#54=B_SPLINE_SURFACE_WITH_KNOTS('',3,1,((#5548,#5549),(#5550,#5551),(#5552,#5553),(#5554,#5555),(#5556,#5557),(#5558,#5559),(#5560,#5561),(#5562,#5563),(#5548,#5549),(#5550,#5551),(#5552,#5553)),.SURF_OF_LINEAR_EXTRUSION.,.T.,.F.,.F.,(1,1,1,1,1,1,1,1,1,1,1,1,1,1,1),(2,2),(-0.41939933044865,-0.295063770288187,-0.170728210127724,0.,0.121596202733026,0.243192405466052,0.337071492619867,0.490777135160355,0.58060066955135,0.704936229711813,0.829271789872276,1.,1.12159620273303,1.24319240546605,1.33707149261987),(0.,1.),.UNSPECIFIED.);
#55=B_SPLINE_SURFACE_WITH_KNOTS('',3,1,((#5618,#5619),(#5620,#5621),(#5622,#5623),(#5624,#5625),(#5626,#5627),(#5628,#5629),(#5630,#5631),(#5632,#5633),(#5634,#5635)),.SURF_OF_LINEAR_EXTRUSION.,.F.,.F.,.F.,(4,1,1,1,1,1,4),(2,2),(0.365197205355406,0.523897904016555,0.603248253347129,0.682598602677703,0.761948952008277,0.841299301338851,1.),(0.,1.),.UNSPECIFIED.);
#56=B_SPLINE_SURFACE_WITH_KNOTS('',3,1,((#5689,#5688),(#5692,#5693),(#5694,#5695),(#5696,#5697),(#5698,#5699)),.SURF_OF_LINEAR_EXTRUSION.,.F.,.F.,.F.,(4,1,4),(2,2),(0.1292432917038,0.233781233684296,0.338319175664792),(0.,1.),.UNSPECIFIED.);
#57=B_SPLINE_SURFACE_WITH_KNOTS('',3,1,((#5727,#5726),(#5730,#5731),(#5732,#5733),(#5734,#5735),(#5716,#5717)),.SURF_OF_LINEAR_EXTRUSION.,.F.,.F.,.F.,(4,1,4),(2,2),(0.,0.29642683289556,0.59285366579112),(0.,1.),.UNSPECIFIED.);
#58=B_SPLINE_SURFACE_WITH_KNOTS('',3,1,((#5771,#5770),(#5774,#5775),(#5776,#5777),(#5778,#5779)),.SURF_OF_LINEAR_EXTRUSION.,.F.,.F.,.F.,(4,4),(2,2),(0.,0.119245624789164),(0.,1.),.PIECEWISE_BEZIER_KNOTS.);
#59=B_SPLINE_SURFACE_WITH_KNOTS('',3,1,((#5847,#5846),(#5850,#5851),(#5852,#5853),(#5854,#5855),(#5856,#5857)),.SURF_OF_LINEAR_EXTRUSION.,.F.,.F.,.F.,(4,1,4),(2,2),(0.760638301794527,0.854583436414512,0.948528571034497),(0.,1.),.UNSPECIFIED.);
#60=B_SPLINE_SURFACE_WITH_KNOTS('',3,1,((#5885,#5884),(#5888,#5889),(#5890,#5891),(#5892,#5893)),.SURF_OF_LINEAR_EXTRUSION.,.F.,.F.,.F.,(4,4),(2,2),(0.,0.1191276387678),(0.,1.),.PIECEWISE_BEZIER_KNOTS.);
#61=B_SPLINE_SURFACE_WITH_KNOTS('',3,1,((#5961,#5960),(#5964,#5965),(#5966,#5967),(#5968,#5969),(#5970,#5971)),.SURF_OF_LINEAR_EXTRUSION.,.F.,.F.,.F.,(4,1,4),(2,2),(0.760606236856522,0.854563956384369,0.948521675912215),(0.,1.),.UNSPECIFIED.);
#62=B_SPLINE_SURFACE_WITH_KNOTS('',3,1,((#5994,#5995),(#5996,#5997),(#5998,#5999),(#6000,#6001),(#6002,#6003)),.SURF_OF_LINEAR_EXTRUSION.,.F.,.F.,.F.,(4,1,4),(2,2),(0.556268169960333,0.778134084980167,1.),(0.,1.),.UNSPECIFIED.);
#63=B_SPLINE_SURFACE_WITH_KNOTS('',3,1,((#6023,#6022),(#6026,#6027),(#6028,#6029),(#6030,#6031),(#6032,#6033)),.SURF_OF_LINEAR_EXTRUSION.,.F.,.F.,.F.,(4,1,4),(2,2),(0.0306175670482868,0.27829694437936,0.525976321710433),(0.,1.),.UNSPECIFIED.);
#64=B_SPLINE_SURFACE_WITH_KNOTS('',3,1,((#6056,#6057),(#6058,#6059),(#6060,#6061),(#6062,#6063),(#6064,#6065),(#6066,#6067),(#6068,#6069),(#6070,#6071),(#6072,#6073)),.SURF_OF_LINEAR_EXTRUSION.,.F.,.F.,.F.,(4,1,1,1,1,1,4),(2,2),(0.36497952086483,0.523734640648623,0.603112200540519,0.682489760432415,0.761867320324311,0.841244880216208,1.),(0.,1.),.UNSPECIFIED.);
#65=B_SPLINE_SURFACE_WITH_KNOTS('',3,1,((#6127,#6126),(#6130,#6131),(#6132,#6133),(#6134,#6135),(#6136,#6137)),.SURF_OF_LINEAR_EXTRUSION.,.F.,.F.,.F.,(4,1,4),(2,2),(0.128947009015388,0.233525328302142,0.338103647588895),(0.,1.),.UNSPECIFIED.);
#66=B_SPLINE_SURFACE_WITH_KNOTS('',3,1,((#6165,#6164),(#6168,#6169),(#6170,#6171),(#6172,#6173),(#6154,#6155)),.SURF_OF_LINEAR_EXTRUSION.,.F.,.F.,.F.,(4,1,4),(2,2),(0.,0.296321570274973,0.592643140549946),(0.,1.),.UNSPECIFIED.);
#67=B_SPLINE_SURFACE_WITH_KNOTS('',3,1,((#6217,#6216),(#6220,#6221),(#6222,#6223),(#6224,#6225)),.SURF_OF_LINEAR_EXTRUSION.,.F.,.F.,.F.,(4,4),(2,2),(0.0295174571420715,0.152447515255583),(0.,1.),.PIECEWISE_BEZIER_KNOTS.);
#68=B_SPLINE_SURFACE_WITH_KNOTS('',3,1,((#6251,#6250),(#6254,#6255),(#6256,#6257),(#6206,#6207)),.SURF_OF_LINEAR_EXTRUSION.,.F.,.F.,.F.,(4,4),(2,2),(0.794706668933071,0.972178948440806),(0.,1.),.PIECEWISE_BEZIER_KNOTS.);
#69=B_SPLINE_CURVE_WITH_KNOTS('',3,(#4467,#4468,#4469,#4470),.UNSPECIFIED.,.F.,.F.,(4,4),(0.675518864368697,1.),.UNSPECIFIED.);
#70=B_SPLINE_CURVE_WITH_KNOTS('',3,(#4466,#4472,#4473,#4471),.UNSPECIFIED.,.F.,.F.,(4,4),(0.675518864368697,1.),.UNSPECIFIED.);
#71=B_SPLINE_CURVE_WITH_KNOTS('',3,(#4470,#4480,#4481,#4482,#4483,#4484,#4485,#4486,#4487,#4479),.UNSPECIFIED.,.F.,.F.,(4,3,3,4),(0.,0.0349157396237423,0.070568977733045,0.17176240148329),.UNSPECIFIED.);
#72=B_SPLINE_CURVE_WITH_KNOTS('',3,(#4471,#4488,#4489,#4490,#4491,#4492,#4493,#4494,#4495,#4478),.UNSPECIFIED.,.F.,.F.,(4,3,3,4),(0.,0.0349157396237423,0.070568977733045,0.17176240148329),.UNSPECIFIED.);
#73=B_SPLINE_CURVE_WITH_KNOTS('',3,(#4479,#4496,#4497,#4498),.UNSPECIFIED.,.F.,.F.,(4,4),(0.17176240148329,0.198564885445805),.UNSPECIFIED.);
#74=B_SPLINE_CURVE_WITH_KNOTS('',3,(#4478,#4500,#4501,#4499),.UNSPECIFIED.,.F.,.F.,(4,4),(0.17176240148329,0.198564885445805),.UNSPECIFIED.);
#75=B_SPLINE_CURVE_WITH_KNOTS('',3,(#4498,#4512,#4513,#4514,#4515,#4516,#4517,#4518,#4519,#4511),.UNSPECIFIED.,.F.,.F.,(4,3,3,4),(0.198564885445805,0.285815524728036,0.333723677841456,0.648716380406182),.UNSPECIFIED.);
#76=B_SPLINE_CURVE_WITH_KNOTS('',3,(#4499,#4520,#4521,#4522,#4523,#4524,#4525,#4526,#4527,#4510),.UNSPECIFIED.,.F.,.F.,(4,3,3,4),(0.198564885445805,0.285815524728036,0.333723677841456,0.648716380406182),.UNSPECIFIED.);
#77=B_SPLINE_CURVE_WITH_KNOTS('',3,(#4511,#4528,#4529,#4467),.UNSPECIFIED.,.F.,.F.,(4,4),(0.648716380406182,0.675518864368697),.UNSPECIFIED.);
#78=B_SPLINE_CURVE_WITH_KNOTS('',3,(#4510,#4530,#4531,#4466),.UNSPECIFIED.,.F.,.F.,(4,4),(0.648716380406182,0.675518864368697),.UNSPECIFIED.);
#79=B_SPLINE_CURVE_WITH_KNOTS('',3,(#4550,#4551,#4552,#4553,#4554,#4555,#4556,#4557,#4558,#4559,#4560,#4561,#4562,#4563,#4564,#4565,#4566,#4567,#4568,#4569,#4570,#4571,#4572,#4573,#4574,#4575,#4576,#4577,#4550),.UNSPECIFIED.,.T.,.F.,(4,3,3,2,3,3,3,3,2,3,4),(0.,0.18618379856684,0.263328175110235,0.343008087379751,0.409408014271016,0.500118000627397,0.68742411608973,0.777017065878692,0.843226160813957,0.923292973293812,1.),.UNSPECIFIED.);
#80=B_SPLINE_CURVE_WITH_KNOTS('',3,(#4578,#4579,#4580,#4581,#4582,#4583,#4584,#4585,#4586,#4587,#4588,#4589,#4590,#4591,#4592,#4593,#4594,#4595,#4596,#4597,#4598,#4599,#4600,#4601,#4602,#4603,#4604,#4605,#4578),.UNSPECIFIED.,.T.,.F.,(4,3,3,2,3,3,3,3,2,3,4),(0.,0.18618379856684,0.263328175110235,0.343008087379751,0.409408014271016,0.500118000627397,0.68742411608973,0.777017065878692,0.843226160813957,0.923292973293812,1.),.UNSPECIFIED.);
#81=B_SPLINE_CURVE_WITH_KNOTS('',3,(#4622,#4623,#4624,#4625,#4626,#4627,#4628,#4629,#4630,#4631,#4632,#4633,#4634,#4635,#4636,#4637,#4638,#4639,#4640,#4641,#4642,#4643,#4644,#4645,#4646,#4647,#4648,#4622),.UNSPECIFIED.,.T.,.F.,(4,2,2,3,3,3,3,2,3,3,4),(0.,0.0857140463515842,0.171428092703168,0.256014322655388,0.342034665098502,0.498888801998989,0.585349970397906,0.672025269861396,0.756478125748899,0.842347537249721,1.),.UNSPECIFIED.);
#82=B_SPLINE_CURVE_WITH_KNOTS('',3,(#4649,#4650,#4651,#4652,#4653,#4654,#4655,#4656,#4657,#4658,#4659,#4660,#4661,#4662,#4663,#4664,#4665,#4666,#4667,#4668,#4669,#4670,#4671,#4672,#4673,#4674,#4675,#4649),.UNSPECIFIED.,.T.,.F.,(4,2,2,3,3,3,3,2,3,3,4),(0.,0.0857140463515842,0.171428092703168,0.256014322655388,0.342034665098502,0.498888801998989,0.585349970397906,0.672025269861396,0.756478125748899,0.842347537249721,1.),.UNSPECIFIED.);
#83=B_SPLINE_CURVE_WITH_KNOTS('',3,(#4690,#4691,#4692,#4693,#4694,#4695,#4696,#4697,#4698,#4689),.UNSPECIFIED.,.F.,.F.,(4,3,3,4),(0.752727155007421,0.790521626631416,0.855956784167734,1.),.UNSPECIFIED.);
#84=B_SPLINE_CURVE_WITH_KNOTS('',3,(#4699,#4700,#4701,#4702,#4703,#4704,#4705,#4706,#4707,#4688),.UNSPECIFIED.,.F.,.F.,(4,3,3,4),(0.752727155007421,0.790521626631416,0.855956784167734,1.),.UNSPECIFIED.);
#85=B_SPLINE_CURVE_WITH_KNOTS('',3,(#4689,#4708,#4709,#4710),.UNSPECIFIED.,.F.,.F.,(4,4),(0.,0.018125920064569),.UNSPECIFIED.);
#86=B_SPLINE_CURVE_WITH_KNOTS('',3,(#4688,#4712,#4713,#4711),.UNSPECIFIED.,.F.,.F.,(4,4),(0.,0.018125920064569),.UNSPECIFIED.);
#87=B_SPLINE_CURVE_WITH_KNOTS('',3,(#4710,#4724,#4725,#4726,#4727,#4728,#4729,#4730,#4731,#4732),.UNSPECIFIED.,.F.,.F.,(4,3,3,4),(0.018125920064569,0.154648807359408,0.201428187848175,0.234787593924456),.UNSPECIFIED.);
#88=B_SPLINE_CURVE_WITH_KNOTS('',3,(#4711,#4734,#4735,#4736,#4737,#4738,#4739,#4740,#4741,#4733),.UNSPECIFIED.,.F.,.F.,(4,3,3,4),(0.018125920064569,0.154648807359408,0.201428187848175,0.234787593924456),.UNSPECIFIED.);
#89=B_SPLINE_CURVE_WITH_KNOTS('',3,(#4732,#4742,#4743,#4744),.UNSPECIFIED.,.F.,.F.,(4,4),(0.234787593924456,0.399849163874148),.UNSPECIFIED.);
#90=B_SPLINE_CURVE_WITH_KNOTS('',3,(#4733,#4746,#4747,#4745),.UNSPECIFIED.,.F.,.F.,(4,4),(0.234787593924456,0.399849163874148),.UNSPECIFIED.);
#91=B_SPLINE_CURVE_WITH_KNOTS('',3,(#4744,#4748,#4749,#4750),.UNSPECIFIED.,.F.,.F.,(4,4),(0.399849163874148,0.41778225500186),.UNSPECIFIED.);
#92=B_SPLINE_CURVE_WITH_KNOTS('',3,(#4745,#4752,#4753,#4751),.UNSPECIFIED.,.F.,.F.,(4,4),(0.399849163874148,0.41778225500186),.UNSPECIFIED.);
#93=B_SPLINE_CURVE_WITH_KNOTS('',3,(#4750,#4754,#4755,#4756),.UNSPECIFIED.,.F.,.F.,(4,4),(0.41778225500186,0.667110070358112),.UNSPECIFIED.);
#94=B_SPLINE_CURVE_WITH_KNOTS('',3,(#4751,#4758,#4759,#4757),.UNSPECIFIED.,.F.,.F.,(4,4),(0.41778225500186,0.667110070358112),.UNSPECIFIED.);
#95=B_SPLINE_CURVE_WITH_KNOTS('',3,(#4756,#4760,#4761,#4762),.UNSPECIFIED.,.F.,.F.,(4,4),(0.667110070358112,0.685044198170573),.UNSPECIFIED.);
#96=B_SPLINE_CURVE_WITH_KNOTS('',3,(#4757,#4764,#4765,#4763),.UNSPECIFIED.,.F.,.F.,(4,4),(0.667110070358112,0.685044198170573),.UNSPECIFIED.);
#97=B_SPLINE_CURVE_WITH_KNOTS('',3,(#4762,#4766,#4767,#4690),.UNSPECIFIED.,.F.,.F.,(4,4),(0.685044198170573,0.752727155007421),.UNSPECIFIED.);
#98=B_SPLINE_CURVE_WITH_KNOTS('',3,(#4763,#4768,#4769,#4699),.UNSPECIFIED.,.F.,.F.,(4,4),(0.685044198170573,0.752727155007421),.UNSPECIFIED.);
#99=B_SPLINE_CURVE_WITH_KNOTS('',3,(#4773,#4784,#4785,#4786,#4787,#4788,#4789,#4790,#4791,#4783),.UNSPECIFIED.,.F.,.F.,(4,3,3,4),(0.692924445471803,0.756619144605963,0.832829351044379,1.),.UNSPECIFIED.);
#100=B_SPLINE_CURVE_WITH_KNOTS('',3,(#4772,#4792,#4793,#4794,#4795,#4796,#4797,#4798,#4799,#4782),.UNSPECIFIED.,.F.,.F.,(4,3,3,4),(0.692924445471803,0.756619144605963,0.832829351044379,1.),.UNSPECIFIED.);
#101=B_SPLINE_CURVE_WITH_KNOTS('',3,(#4783,#4800,#4801,#4802),.UNSPECIFIED.,.F.,.F.,(4,4),(0.,0.0207845860332522),.UNSPECIFIED.);
#102=B_SPLINE_CURVE_WITH_KNOTS('',3,(#4782,#4804,#4805,#4803),.UNSPECIFIED.,.F.,.F.,(4,4),(0.,0.0207845860332522),.UNSPECIFIED.);
#103=B_SPLINE_CURVE_WITH_KNOTS('',3,(#4802,#4816,#4817,#4818,#4819,#4820,#4821,#4822,#4823,#4824,#4825,#4826,#4815),.UNSPECIFIED.,.F.,.F.,(4,3,3,3,4),(0.0207845860332522,0.175886765679243,0.204243110886752,0.226878891786877,0.270746704122444),.UNSPECIFIED.);
#104=B_SPLINE_CURVE_WITH_KNOTS('',3,(#4803,#4827,#4828,#4829,#4830,#4831,#4832,#4833,#4834,#4835,#4836,#4837,#4814),.UNSPECIFIED.,.F.,.F.,(4,3,3,3,4),(0.0207845860332522,0.175886765679243,0.204243110886752,0.226878891786877,0.270746704122444),.UNSPECIFIED.);
#105=B_SPLINE_CURVE_WITH_KNOTS('',3,(#4815,#4838,#4839,#4840),.UNSPECIFIED.,.F.,.F.,(4,4),(0.270746704122444,0.460489860490522),.UNSPECIFIED.);
#106=B_SPLINE_CURVE_WITH_KNOTS('',3,(#4814,#4842,#4843,#4841),.UNSPECIFIED.,.F.,.F.,(4,4),(0.270746704122444,0.460489860490522),.UNSPECIFIED.);
#107=B_SPLINE_CURVE_WITH_KNOTS('',3,(#4840,#4844,#4845,#4846),.UNSPECIFIED.,.F.,.F.,(4,4),(0.460489860490522,0.48127925220847),.UNSPECIFIED.);
#108=B_SPLINE_CURVE_WITH_KNOTS('',3,(#4841,#4848,#4849,#4847),.UNSPECIFIED.,.F.,.F.,(4,4),(0.460489860490522,0.48127925220847),.UNSPECIFIED.);
#109=B_SPLINE_CURVE_WITH_KNOTS('',3,(#4846,#4850,#4851,#4773),.UNSPECIFIED.,.F.,.F.,(4,4),(0.48127925220847,0.692924445471803),.UNSPECIFIED.);
#110=B_SPLINE_CURVE_WITH_KNOTS('',3,(#4847,#4852,#4853,#4772),.UNSPECIFIED.,.F.,.F.,(4,4),(0.48127925220847,0.692924445471803),.UNSPECIFIED.);
#111=B_SPLINE_CURVE_WITH_KNOTS('',1,(#4857,#4858),.UNSPECIFIED.,.F.,.F.,(2,2),(0.833979053900067,1.),.UNSPECIFIED.);
#112=B_SPLINE_CURVE_WITH_KNOTS('',1,(#4856,#4859),.UNSPECIFIED.,.F.,.F.,(2,2),(0.833979053900067,1.),.UNSPECIFIED.);
#113=B_SPLINE_CURVE_WITH_KNOTS('',1,(#4858,#4860),.UNSPECIFIED.,.F.,.F.,(2,2),(0.,0.011904354654814),.UNSPECIFIED.);
#114=B_SPLINE_CURVE_WITH_KNOTS('',1,(#4859,#4861),.UNSPECIFIED.,.F.,.F.,(2,2),(0.,0.011904354654814),.UNSPECIFIED.);
#115=B_SPLINE_CURVE_WITH_KNOTS('',1,(#4860,#4862),.UNSPECIFIED.,.F.,.F.,(2,2),(0.011904354654814,0.145796343568099),.UNSPECIFIED.);
#116=B_SPLINE_CURVE_WITH_KNOTS('',1,(#4861,#4863),.UNSPECIFIED.,.F.,.F.,(2,2),(0.011904354654814,0.145796343568099),.UNSPECIFIED.);
#117=B_SPLINE_CURVE_WITH_KNOTS('',1,(#4862,#4864),.UNSPECIFIED.,.F.,.F.,(2,2),(0.145796343568099,0.225653182277389),.UNSPECIFIED.);
#118=B_SPLINE_CURVE_WITH_KNOTS('',1,(#4863,#4865),.UNSPECIFIED.,.F.,.F.,(2,2),(0.145796343568099,0.225653182277389),.UNSPECIFIED.);
#119=B_SPLINE_CURVE_WITH_KNOTS('',1,(#4864,#4866),.UNSPECIFIED.,.F.,.F.,(2,2),(0.225653182277389,0.233717422527424),.UNSPECIFIED.);
#120=B_SPLINE_CURVE_WITH_KNOTS('',1,(#4865,#4867),.UNSPECIFIED.,.F.,.F.,(2,2),(0.225653182277389,0.233717422527424),.UNSPECIFIED.);
#121=B_SPLINE_CURVE_WITH_KNOTS('',1,(#4866,#4868),.UNSPECIFIED.,.F.,.F.,(2,2),(0.233717422527424,0.31340254666186),.UNSPECIFIED.);
#122=B_SPLINE_CURVE_WITH_KNOTS('',1,(#4867,#4869),.UNSPECIFIED.,.F.,.F.,(2,2),(0.233717422527424,0.31340254666186),.UNSPECIFIED.);
#123=B_SPLINE_CURVE_WITH_KNOTS('',1,(#4868,#4870),.UNSPECIFIED.,.F.,.F.,(2,2),(0.31340254666186,0.447166531761652),.UNSPECIFIED.);
#124=B_SPLINE_CURVE_WITH_KNOTS('',1,(#4869,#4871),.UNSPECIFIED.,.F.,.F.,(2,2),(0.31340254666186,0.447166531761652),.UNSPECIFIED.);
#125=B_SPLINE_CURVE_WITH_KNOTS('',1,(#4870,#4872),.UNSPECIFIED.,.F.,.F.,(2,2),(0.447166531761652,0.459198890229959),.UNSPECIFIED.);
#126=B_SPLINE_CURVE_WITH_KNOTS('',1,(#4871,#4873),.UNSPECIFIED.,.F.,.F.,(2,2),(0.447166531761652,0.459198890229959),.UNSPECIFIED.);
#127=B_SPLINE_CURVE_WITH_KNOTS('',1,(#4872,#4874),.UNSPECIFIED.,.F.,.F.,(2,2),(0.459198890229959,0.625219836329892),.UNSPECIFIED.);
#128=B_SPLINE_CURVE_WITH_KNOTS('',1,(#4873,#4875),.UNSPECIFIED.,.F.,.F.,(2,2),(0.459198890229959,0.625219836329892),.UNSPECIFIED.);
#129=B_SPLINE_CURVE_WITH_KNOTS('',1,(#4874,#4876),.UNSPECIFIED.,.F.,.F.,(2,2),(0.625219836329892,0.635975203941308),.UNSPECIFIED.);
#130=B_SPLINE_CURVE_WITH_KNOTS('',1,(#4875,#4877),.UNSPECIFIED.,.F.,.F.,(2,2),(0.625219836329892,0.635975203941308),.UNSPECIFIED.);
#131=B_SPLINE_CURVE_WITH_KNOTS('',1,(#4876,#4878),.UNSPECIFIED.,.F.,.F.,(2,2),(0.635975203941308,0.729574792407748),.UNSPECIFIED.);
#132=B_SPLINE_CURVE_WITH_KNOTS('',1,(#4877,#4879),.UNSPECIFIED.,.F.,.F.,(2,2),(0.635975203941308,0.729574792407748),.UNSPECIFIED.);
#133=B_SPLINE_CURVE_WITH_KNOTS('',1,(#4878,#4880),.UNSPECIFIED.,.F.,.F.,(2,2),(0.729574792407748,0.822839779898476),.UNSPECIFIED.);
#134=B_SPLINE_CURVE_WITH_KNOTS('',1,(#4879,#4881),.UNSPECIFIED.,.F.,.F.,(2,2),(0.729574792407748,0.822839779898476),.UNSPECIFIED.);
#135=B_SPLINE_CURVE_WITH_KNOTS('',1,(#4880,#4857),.UNSPECIFIED.,.F.,.F.,(2,2),(0.822839779898476,0.833979053900067),.UNSPECIFIED.);
#136=B_SPLINE_CURVE_WITH_KNOTS('',1,(#4881,#4856),.UNSPECIFIED.,.F.,.F.,(2,2),(0.822839779898476,0.833979053900067),.UNSPECIFIED.);
#137=B_SPLINE_CURVE_WITH_KNOTS('',1,(#4885,#4886),.UNSPECIFIED.,.F.,.F.,(2,2),(0.704347826086957,1.),.UNSPECIFIED.);
#138=B_SPLINE_CURVE_WITH_KNOTS('',1,(#4884,#4887),.UNSPECIFIED.,.F.,.F.,(2,2),(0.704347826086957,1.),.UNSPECIFIED.);
#139=B_SPLINE_CURVE_WITH_KNOTS('',1,(#4886,#4888),.UNSPECIFIED.,.F.,.F.,(2,2),(0.,0.204347826086957),.UNSPECIFIED.);
#140=B_SPLINE_CURVE_WITH_KNOTS('',1,(#4887,#4889),.UNSPECIFIED.,.F.,.F.,(2,2),(0.,0.204347826086957),.UNSPECIFIED.);
#141=B_SPLINE_CURVE_WITH_KNOTS('',1,(#4888,#4890),.UNSPECIFIED.,.F.,.F.,(2,2),(0.204347826086957,0.5),.UNSPECIFIED.);
#142=B_SPLINE_CURVE_WITH_KNOTS('',1,(#4889,#4891),.UNSPECIFIED.,.F.,.F.,(2,2),(0.204347826086957,0.5),.UNSPECIFIED.);
#143=B_SPLINE_CURVE_WITH_KNOTS('',1,(#4890,#4885),.UNSPECIFIED.,.F.,.F.,(2,2),(0.5,0.704347826086957),.UNSPECIFIED.);
#144=B_SPLINE_CURVE_WITH_KNOTS('',1,(#4891,#4884),.UNSPECIFIED.,.F.,.F.,(2,2),(0.5,0.704347826086957),.UNSPECIFIED.);
#145=B_SPLINE_CURVE_WITH_KNOTS('',1,(#4895,#4896),.UNSPECIFIED.,.F.,.F.,(2,2),(0.545454545454546,1.),.UNSPECIFIED.);
#146=B_SPLINE_CURVE_WITH_KNOTS('',1,(#4894,#4897),.UNSPECIFIED.,.F.,.F.,(2,2),(0.545454545454546,1.),.UNSPECIFIED.);
#147=B_SPLINE_CURVE_WITH_KNOTS('',1,(#4896,#4898),.UNSPECIFIED.,.F.,.F.,(2,2),(0.,0.0454545454545456),.UNSPECIFIED.);
#148=B_SPLINE_CURVE_WITH_KNOTS('',1,(#4897,#4899),.UNSPECIFIED.,.F.,.F.,(2,2),(0.,0.0454545454545456),.UNSPECIFIED.);
#149=B_SPLINE_CURVE_WITH_KNOTS('',1,(#4898,#4900),.UNSPECIFIED.,.F.,.F.,(2,2),(0.0454545454545456,0.5),.UNSPECIFIED.);
#150=B_SPLINE_CURVE_WITH_KNOTS('',1,(#4899,#4901),.UNSPECIFIED.,.F.,.F.,(2,2),(0.0454545454545456,0.5),.UNSPECIFIED.);
#151=B_SPLINE_CURVE_WITH_KNOTS('',1,(#4900,#4895),.UNSPECIFIED.,.F.,.F.,(2,2),(0.5,0.545454545454546),.UNSPECIFIED.);
#152=B_SPLINE_CURVE_WITH_KNOTS('',1,(#4901,#4894),.UNSPECIFIED.,.F.,.F.,(2,2),(0.5,0.545454545454546),.UNSPECIFIED.);
#153=B_SPLINE_CURVE_WITH_KNOTS('',3,(#4905,#4906,#4907,#4908),.UNSPECIFIED.,.F.,.F.,(4,4),(0.972220433605943,1.),.UNSPECIFIED.);
#154=B_SPLINE_CURVE_WITH_KNOTS('',3,(#4904,#4910,#4911,#4909),.UNSPECIFIED.,.F.,.F.,(4,4),(0.972220433605943,1.),.UNSPECIFIED.);
#155=B_SPLINE_CURVE_WITH_KNOTS('',3,(#4908,#4922,#4923,#4924,#4925,#4926,#4927,#4928,#4929,#4930,#4931,#4932,#4921),.UNSPECIFIED.,.F.,.F.,(4,3,3,3,4),(0.,0.0939776820564892,0.13305639699573,0.171977206389889,0.3483681927365),.UNSPECIFIED.);
#156=B_SPLINE_CURVE_WITH_KNOTS('',3,(#4909,#4933,#4934,#4935,#4936,#4937,#4938,#4939,#4940,#4941,#4942,#4943,#4920),.UNSPECIFIED.,.F.,.F.,(4,3,3,3,4),(0.,0.0939776820564892,0.13305639699573,0.171977206389889,0.3483681927365),.UNSPECIFIED.);
#157=B_SPLINE_CURVE_WITH_KNOTS('',3,(#4921,#4950,#4951,#4952,#4953,#4954,#4955,#4956,#4957,#4958,#4959,#4960,#4949),.UNSPECIFIED.,.F.,.F.,(4,3,3,3,4),(0.3483681927365,0.362703551709427,0.411902282903716,0.439324807856169,0.518536109933617),.UNSPECIFIED.);
#158=B_SPLINE_CURVE_WITH_KNOTS('',3,(#4920,#4961,#4962,#4963,#4964,#4965,#4966,#4967,#4968,#4969,#4970,#4971,#4948),.UNSPECIFIED.,.F.,.F.,(4,3,3,3,4),(0.3483681927365,0.362703551709427,0.411902282903716,0.439324807856169,0.518536109933617),.UNSPECIFIED.);
#159=B_SPLINE_CURVE_WITH_KNOTS('',3,(#4949,#4972,#4973,#4974),.UNSPECIFIED.,.F.,.F.,(4,4),(0.518536109933617,0.544246985213222),.UNSPECIFIED.);
#160=B_SPLINE_CURVE_WITH_KNOTS('',3,(#4948,#4976,#4977,#4975),.UNSPECIFIED.,.F.,.F.,(4,4),(0.518536109933617,0.544246985213222),.UNSPECIFIED.);
#161=B_SPLINE_CURVE_WITH_KNOTS('',3,(#4974,#4988,#4989,#4990,#4991,#4992,#4993,#4994,#4995,#4987),.UNSPECIFIED.,.F.,.F.,(4,3,3,4),(0.544246985213222,0.627290157093327,0.676040643969868,0.847446479167239),.UNSPECIFIED.);
#162=B_SPLINE_CURVE_WITH_KNOTS('',3,(#4975,#4996,#4997,#4998,#4999,#5000,#5001,#5002,#5003,#4986),.UNSPECIFIED.,.F.,.F.,(4,3,3,4),(0.544246985213222,0.627290157093327,0.676040643969868,0.847446479167239),.UNSPECIFIED.);
#163=B_SPLINE_CURVE_WITH_KNOTS('',3,(#4987,#5008,#5009,#5010,#5011,#5012,#4905),.UNSPECIFIED.,.F.,.F.,(4,3,4),(0.847446479167239,0.88799315477281,0.972220433605943),.UNSPECIFIED.);
#164=B_SPLINE_CURVE_WITH_KNOTS('',3,(#4986,#5013,#5014,#5015,#5016,#5017,#4904),.UNSPECIFIED.,.F.,.F.,(4,3,4),(0.847446479167239,0.88799315477281,0.972220433605943),.UNSPECIFIED.);
#165=B_SPLINE_CURVE_WITH_KNOTS('',3,(#5021,#5032,#5033,#5034,#5035,#5036,#5037,#5038,#5039,#5031),.UNSPECIFIED.,.F.,.F.,(4,3,3,4),(0.752903653119276,0.790507781097844,0.855947263589793,1.),.UNSPECIFIED.);
#166=B_SPLINE_CURVE_WITH_KNOTS('',3,(#5020,#5040,#5041,#5042,#5043,#5044,#5045,#5046,#5047,#5030),.UNSPECIFIED.,.F.,.F.,(4,3,3,4),(0.752903653119276,0.790507781097844,0.855947263589793,1.),.UNSPECIFIED.);
#167=B_SPLINE_CURVE_WITH_KNOTS('',3,(#5031,#5048,#5049,#5050),.UNSPECIFIED.,.F.,.F.,(4,4),(0.,0.017934276420548),.UNSPECIFIED.);
#168=B_SPLINE_CURVE_WITH_KNOTS('',3,(#5030,#5052,#5053,#5051),.UNSPECIFIED.,.F.,.F.,(4,4),(0.,0.017934276420548),.UNSPECIFIED.);
#169=B_SPLINE_CURVE_WITH_KNOTS('',3,(#5050,#5064,#5065,#5066,#5067,#5068,#5069,#5070,#5071,#5063),.UNSPECIFIED.,.F.,.F.,(4,3,3,4),(0.017934276420548,0.154466187235042,0.201375417042336,0.234544186336252),.UNSPECIFIED.);
#170=B_SPLINE_CURVE_WITH_KNOTS('',3,(#5051,#5072,#5073,#5074,#5075,#5076,#5077,#5078,#5079,#5062),.UNSPECIFIED.,.F.,.F.,(4,3,3,4),(0.017934276420548,0.154466187235042,0.201375417042336,0.234544186336252),.UNSPECIFIED.);
#171=B_SPLINE_CURVE_WITH_KNOTS('',3,(#5063,#5080,#5081,#5082),.UNSPECIFIED.,.F.,.F.,(4,4),(0.234544186336252,0.39961666607807),.UNSPECIFIED.);
#172=B_SPLINE_CURVE_WITH_KNOTS('',3,(#5062,#5084,#5085,#5083),.UNSPECIFIED.,.F.,.F.,(4,4),(0.234544186336252,0.39961666607807),.UNSPECIFIED.);
#173=B_SPLINE_CURVE_WITH_KNOTS('',3,(#5082,#5086,#5087,#5088),.UNSPECIFIED.,.F.,.F.,(4,4),(0.39961666607807,0.417743784180559),.UNSPECIFIED.);
#174=B_SPLINE_CURVE_WITH_KNOTS('',3,(#5083,#5090,#5091,#5089),.UNSPECIFIED.,.F.,.F.,(4,4),(0.39961666607807,0.417743784180559),.UNSPECIFIED.);
#175=B_SPLINE_CURVE_WITH_KNOTS('',3,(#5088,#5092,#5093,#5094),.UNSPECIFIED.,.F.,.F.,(4,4),(0.417743784180559,0.667088078930757),.UNSPECIFIED.);
#176=B_SPLINE_CURVE_WITH_KNOTS('',3,(#5089,#5096,#5097,#5095),.UNSPECIFIED.,.F.,.F.,(4,4),(0.417743784180559,0.667088078930757),.UNSPECIFIED.);
#177=B_SPLINE_CURVE_WITH_KNOTS('',3,(#5094,#5098,#5099,#5100),.UNSPECIFIED.,.F.,.F.,(4,4),(0.667088078930757,0.685216222757853),.UNSPECIFIED.);
#178=B_SPLINE_CURVE_WITH_KNOTS('',3,(#5095,#5102,#5103,#5101),.UNSPECIFIED.,.F.,.F.,(4,4),(0.667088078930757,0.685216222757853),.UNSPECIFIED.);
#179=B_SPLINE_CURVE_WITH_KNOTS('',3,(#5100,#5104,#5105,#5021),.UNSPECIFIED.,.F.,.F.,(4,4),(0.685216222757853,0.752903653119276),.UNSPECIFIED.);
#180=B_SPLINE_CURVE_WITH_KNOTS('',3,(#5101,#5106,#5107,#5020),.UNSPECIFIED.,.F.,.F.,(4,4),(0.685216222757853,0.752903653119276),.UNSPECIFIED.);
#181=B_SPLINE_CURVE_WITH_KNOTS('',3,(#5111,#5112,#5113,#5114),.UNSPECIFIED.,.F.,.F.,(4,4),(0.969017213594233,1.),.UNSPECIFIED.);
#182=B_SPLINE_CURVE_WITH_KNOTS('',3,(#5110,#5116,#5117,#5115),.UNSPECIFIED.,.F.,.F.,(4,4),(0.969017213594233,1.),.UNSPECIFIED.);
#183=B_SPLINE_CURVE_WITH_KNOTS('',3,(#5114,#5124,#5125,#5126,#5127,#5128,#5123),.UNSPECIFIED.,.F.,.F.,(4,3,4),(0.,0.0181282260884805,0.0629682963378987),.UNSPECIFIED.);
#184=B_SPLINE_CURVE_WITH_KNOTS('',3,(#5115,#5129,#5130,#5131,#5132,#5133,#5122),.UNSPECIFIED.,.F.,.F.,(4,3,4),(0.,0.0181282260884805,0.0629682963378987),.UNSPECIFIED.);
#185=B_SPLINE_CURVE_WITH_KNOTS('',3,(#5123,#5146,#5147,#5148,#5149,#5150,#5151,#5152,#5153,#5154,#5155,#5156,#5157,#5158,#5159,#5160,#5161,#5162,#5145),.UNSPECIFIED.,.F.,.F.,(4,3,3,3,3,3,4),(0.0629682963378987,0.123269448029845,0.17435808518829,0.264491868305191,0.446433337411396,0.561122364539383,0.668243700516769),.UNSPECIFIED.);
#186=B_SPLINE_CURVE_WITH_KNOTS('',3,(#5122,#5163,#5164,#5165,#5166,#5167,#5168,#5169,#5170,#5171,#5172,#5173,#5174,#5175,#5176,#5177,#5178,#5179,#5144),.UNSPECIFIED.,.F.,.F.,(4,3,3,3,3,3,4),(0.0629682963378987,0.123269448029845,0.17435808518829,0.264491868305191,0.446433337411396,0.561122364539383,0.668243700516769),.UNSPECIFIED.);
#187=B_SPLINE_CURVE_WITH_KNOTS('',3,(#5181,#5182,#5183,#5184),.UNSPECIFIED.,.F.,.F.,(4,4),(0.,0.30067118155393),.UNSPECIFIED.);
#188=B_SPLINE_CURVE_WITH_KNOTS('',3,(#5180,#5186,#5187,#5185),.UNSPECIFIED.,.F.,.F.,(4,4),(0.,0.30067118155393),.UNSPECIFIED.);
#189=B_SPLINE_CURVE_WITH_KNOTS('',3,(#5184,#5198,#5199,#5200,#5201,#5202,#5203,#5204,#5205,#5206,#5207,#5208,#5209,#5210,#5211,#5212,#5213,#5214,#5181),.UNSPECIFIED.,.F.,.F.,(4,3,3,3,3,3,4),(0.30067118155393,0.412826304831982,0.505083269251684,0.772823797587802,0.840631599785321,0.885970904940278,1.),.UNSPECIFIED.);
#190=B_SPLINE_CURVE_WITH_KNOTS('',3,(#5185,#5215,#5216,#5217,#5218,#5219,#5220,#5221,#5222,#5223,#5224,#5225,#5226,#5227,#5228,#5229,#5230,#5231,#5180),.UNSPECIFIED.,.F.,.F.,(4,3,3,3,3,3,4),(0.30067118155393,0.412826304831982,0.505083269251684,0.772823797587802,0.840631599785321,0.885970904940278,1.),.UNSPECIFIED.);
#191=B_SPLINE_CURVE_WITH_KNOTS('',3,(#5145,#5238,#5239,#5240,#5241,#5242,#5111),.UNSPECIFIED.,.F.,.F.,(4,3,4),(0.668243700516769,0.901933015002819,0.969017213594233),.UNSPECIFIED.);
#192=B_SPLINE_CURVE_WITH_KNOTS('',3,(#5144,#5243,#5244,#5245,#5246,#5247,#5110),.UNSPECIFIED.,.F.,.F.,(4,3,4),(0.668243700516769,0.901933015002819,0.969017213594233),.UNSPECIFIED.);
#193=B_SPLINE_CURVE_WITH_KNOTS('',3,(#5251,#5268,#5269,#5270,#5271,#5272,#5273,#5274,#5275,#5276,#5277,#5278,#5279,#5280,#5281,#5282,#5283,#5284,#5285,#5286,#5287,#5288,#5289,#5290,#5291,#5292,#5267),.UNSPECIFIED.,.F.,.F.,(4,3,3,3,3,3,2,3,3,4),(0.364984155370695,0.459336823455863,0.516950731360775,0.557133827926577,0.686649602822773,0.74809601342147,0.810253856252838,0.870021012821461,0.929663526491695,1.),.UNSPECIFIED.);
#194=B_SPLINE_CURVE_WITH_KNOTS('',3,(#5250,#5293,#5294,#5295,#5296,#5297,#5298,#5299,#5300,#5301,#5302,#5303,#5304,#5305,#5306,#5307,#5308,#5309,#5310,#5311,#5312,#5313,#5314,#5315,#5316,#5317,#5266),.UNSPECIFIED.,.F.,.F.,(4,3,3,3,3,3,2,3,3,4),(0.364984155370695,0.459336823455863,0.516950731360775,0.557133827926577,0.686649602822773,0.74809601342147,0.810253856252838,0.870021012821461,0.929663526491695,1.),.UNSPECIFIED.);
#195=B_SPLINE_CURVE_WITH_KNOTS('',3,(#5267,#5318,#5319,#5320),.UNSPECIFIED.,.F.,.F.,(4,4),(0.,0.128948646383063),.UNSPECIFIED.);
#196=B_SPLINE_CURVE_WITH_KNOTS('',3,(#5266,#5322,#5323,#5321),.UNSPECIFIED.,.F.,.F.,(4,4),(0.,0.128948646383063),.UNSPECIFIED.);
#197=B_SPLINE_CURVE_WITH_KNOTS('',3,(#5320,#5332,#5333,#5334,#5335,#5336,#5337,#5338,#5339,#5331),.UNSPECIFIED.,.F.,.F.,(4,3,3,4),(0.128948646383063,0.188133501818305,0.254619533988373,0.338107940825223),.UNSPECIFIED.);
#198=B_SPLINE_CURVE_WITH_KNOTS('',3,(#5321,#5340,#5341,#5342,#5343,#5344,#5345,#5346,#5347,#5330),.UNSPECIFIED.,.F.,.F.,(4,3,3,4),(0.128948646383063,0.188133501818305,0.254619533988373,0.338107940825223),.UNSPECIFIED.);
#199=B_SPLINE_CURVE_WITH_KNOTS('',3,(#5349,#5350,#5351,#5352),.UNSPECIFIED.,.F.,.F.,(4,4),(0.592643959221323,0.887257014976406),.UNSPECIFIED.);
#200=B_SPLINE_CURVE_WITH_KNOTS('',3,(#5348,#5354,#5355,#5353),.UNSPECIFIED.,.F.,.F.,(4,4),(0.592643959221323,0.887257014976406),.UNSPECIFIED.);
#201=B_SPLINE_CURVE_WITH_KNOTS('',3,(#5352,#5356,#5357,#5358),.UNSPECIFIED.,.F.,.F.,(4,4),(0.887257014976406,1.),.UNSPECIFIED.);
#202=B_SPLINE_CURVE_WITH_KNOTS('',3,(#5353,#5360,#5361,#5359),.UNSPECIFIED.,.F.,.F.,(4,4),(0.887257014976406,1.),.UNSPECIFIED.);
#203=B_SPLINE_CURVE_WITH_KNOTS('',3,(#5358,#5368,#5369,#5370,#5371,#5372,#5373,#5374,#5375,#5376,#5377,#5378,#5379,#5380,#5349),.UNSPECIFIED.,.F.,.F.,(4,3,2,3,3,4),(0.,0.119501585559575,0.238825125169365,0.340471103355481,0.479034406875825,0.592643959221323),.UNSPECIFIED.);
#204=B_SPLINE_CURVE_WITH_KNOTS('',3,(#5359,#5381,#5382,#5383,#5384,#5385,#5386,#5387,#5388,#5389,#5390,#5391,#5392,#5393,#5348),.UNSPECIFIED.,.F.,.F.,(4,3,2,3,3,4),(0.,0.119501585559575,0.238825125169365,0.340471103355481,0.479034406875825,0.592643959221323),.UNSPECIFIED.);
#205=B_SPLINE_CURVE_WITH_KNOTS('',3,(#5331,#5394,#5395,#5251),.UNSPECIFIED.,.F.,.F.,(4,4),(0.338107940825223,0.364984155370695),.UNSPECIFIED.);
#206=B_SPLINE_CURVE_WITH_KNOTS('',3,(#5330,#5396,#5397,#5250),.UNSPECIFIED.,.F.,.F.,(4,4),(0.338107940825223,0.364984155370695),.UNSPECIFIED.);
#207=B_SPLINE_CURVE_WITH_KNOTS('',3,(#5401,#5410,#5411,#5412,#5413,#5414,#5415,#5416,#5417,#5409),.UNSPECIFIED.,.F.,.F.,(4,3,3,4),(0.556640892407181,0.91874424245886,0.958437208415542,1.),.UNSPECIFIED.);
#208=B_SPLINE_CURVE_WITH_KNOTS('',3,(#5400,#5418,#5419,#5420,#5421,#5422,#5423,#5424,#5425,#5408),.UNSPECIFIED.,.F.,.F.,(4,3,3,4),(0.556640892407181,0.91874424245886,0.958437208415542,1.),.UNSPECIFIED.);
#209=B_SPLINE_CURVE_WITH_KNOTS('',3,(#5409,#5426,#5427,#5428),.UNSPECIFIED.,.F.,.F.,(4,4),(0.,0.0306370071150834),.UNSPECIFIED.);
#210=B_SPLINE_CURVE_WITH_KNOTS('',3,(#5408,#5430,#5431,#5429),.UNSPECIFIED.,.F.,.F.,(4,4),(0.,0.0306370071150834),.UNSPECIFIED.);
#211=B_SPLINE_CURVE_WITH_KNOTS('',3,(#5428,#5440,#5441,#5442,#5443,#5444,#5445,#5446,#5447,#5439),.UNSPECIFIED.,.F.,.F.,(4,3,3,4),(0.0306370071150834,0.116592224066701,0.163234002224406,0.526003885292098),.UNSPECIFIED.);
#212=B_SPLINE_CURVE_WITH_KNOTS('',3,(#5429,#5448,#5449,#5450,#5451,#5452,#5453,#5454,#5455,#5438),.UNSPECIFIED.,.F.,.F.,(4,3,3,4),(0.0306370071150834,0.116592224066701,0.163234002224406,0.526003885292098),.UNSPECIFIED.);
#213=B_SPLINE_CURVE_WITH_KNOTS('',3,(#5439,#5456,#5457,#5401),.UNSPECIFIED.,.F.,.F.,(4,4),(0.526003885292098,0.556640892407181),.UNSPECIFIED.);
#214=B_SPLINE_CURVE_WITH_KNOTS('',3,(#5438,#5458,#5459,#5400),.UNSPECIFIED.,.F.,.F.,(4,4),(0.526003885292098,0.556640892407181),.UNSPECIFIED.);
#215=B_SPLINE_CURVE_WITH_KNOTS('',1,(#5463,#5464),.UNSPECIFIED.,.F.,.F.,(2,2),(0.973234624145786,1.),.UNSPECIFIED.);
#216=B_SPLINE_CURVE_WITH_KNOTS('',1,(#5462,#5465),.UNSPECIFIED.,.F.,.F.,(2,2),(0.973234624145786,1.),.UNSPECIFIED.);
#217=B_SPLINE_CURVE_WITH_KNOTS('',1,(#5464,#5466),.UNSPECIFIED.,.F.,.F.,(2,2),(0.,0.130410022779043),.UNSPECIFIED.);
#218=B_SPLINE_CURVE_WITH_KNOTS('',1,(#5465,#5467),.UNSPECIFIED.,.F.,.F.,(2,2),(0.,0.130410022779043),.UNSPECIFIED.);
#219=B_SPLINE_CURVE_WITH_KNOTS('',1,(#5466,#5468),.UNSPECIFIED.,.F.,.F.,(2,2),(0.130410022779043,0.5),.UNSPECIFIED.);
#220=B_SPLINE_CURVE_WITH_KNOTS('',1,(#5467,#5469),.UNSPECIFIED.,.F.,.F.,(2,2),(0.130410022779043,0.5),.UNSPECIFIED.);
#221=B_SPLINE_CURVE_WITH_KNOTS('',1,(#5468,#5470),.UNSPECIFIED.,.F.,.F.,(2,2),(0.5,0.526480637813212),.UNSPECIFIED.);
#222=B_SPLINE_CURVE_WITH_KNOTS('',1,(#5469,#5471),.UNSPECIFIED.,.F.,.F.,(2,2),(0.5,0.526480637813212),.UNSPECIFIED.);
#223=B_SPLINE_CURVE_WITH_KNOTS('',1,(#5470,#5472),.UNSPECIFIED.,.F.,.F.,(2,2),(0.526480637813212,0.869305239179955),.UNSPECIFIED.);
#224=B_SPLINE_CURVE_WITH_KNOTS('',1,(#5471,#5473),.UNSPECIFIED.,.F.,.F.,(2,2),(0.526480637813212,0.869305239179955),.UNSPECIFIED.);
#225=B_SPLINE_CURVE_WITH_KNOTS('',1,(#5472,#5463),.UNSPECIFIED.,.F.,.F.,(2,2),(0.869305239179955,0.973234624145786),.UNSPECIFIED.);
#226=B_SPLINE_CURVE_WITH_KNOTS('',1,(#5473,#5462),.UNSPECIFIED.,.F.,.F.,(2,2),(0.869305239179955,0.973234624145786),.UNSPECIFIED.);
#227=B_SPLINE_CURVE_WITH_KNOTS('',3,(#5492,#5493,#5494,#5495,#5496,#5497,#5498,#5499,#5500,#5501,#5502,#5503,#5504,#5505,#5506,#5507,#5508,#5509,#5510,#5511,#5512,#5513,#5514,#5515,#5516,#5517,#5518,#5519,#5492),.UNSPECIFIED.,.T.,.F.,(4,3,3,2,3,3,3,3,2,3,4),(0.,0.18618290179591,0.263326906766511,0.3430064352506,0.409406042320673,0.500115591764286,0.68742080504995,0.77701332330645,0.843215273168729,0.923273445095205,1.),.UNSPECIFIED.);
#228=B_SPLINE_CURVE_WITH_KNOTS('',3,(#5520,#5521,#5522,#5523,#5524,#5525,#5526,#5527,#5528,#5529,#5530,#5531,#5532,#5533,#5534,#5535,#5536,#5537,#5538,#5539,#5540,#5541,#5542,#5543,#5544,#5545,#5546,#5547,#5520),.UNSPECIFIED.,.T.,.F.,(4,3,3,2,3,3,3,3,2,3,4),(0.,0.18618290179591,0.263326906766511,0.3430064352506,0.409406042320673,0.500115591764286,0.68742080504995,0.77701332330645,0.843215273168729,0.923273445095205,1.),.UNSPECIFIED.);
#229=B_SPLINE_CURVE_WITH_KNOTS('',3,(#5564,#5565,#5566,#5567,#5568,#5569,#5570,#5571,#5572,#5573,#5574,#5575,#5576,#5577,#5578,#5579,#5580,#5581,#5582,#5583,#5584,#5585,#5586,#5587,#5588,#5589,#5564),.UNSPECIFIED.,.T.,.F.,(4,2,2,3,3,3,3,2,2,3,4),(0.,0.0857065746135875,0.171413149227174,0.255992005753739,0.34201249720691,0.49886690582038,0.585328223992981,0.672495434981115,0.757427589277246,0.842359743573377,1.),.UNSPECIFIED.);
#230=B_SPLINE_CURVE_WITH_KNOTS('',3,(#5590,#5591,#5592,#5593,#5594,#5595,#5596,#5597,#5598,#5599,#5600,#5601,#5602,#5603,#5604,#5605,#5606,#5607,#5608,#5609,#5610,#5611,#5612,#5613,#5614,#5615,#5590),.UNSPECIFIED.,.T.,.F.,(4,2,2,3,3,3,3,2,2,3,4),(0.,0.0857065746135875,0.171413149227174,0.255992005753739,0.34201249720691,0.49886690582038,0.585328223992981,0.672495434981115,0.757427589277246,0.842359743573377,1.),.UNSPECIFIED.);
#231=B_SPLINE_CURVE_WITH_KNOTS('',3,(#5619,#5636,#5637,#5638,#5639,#5640,#5641,#5642,#5643,#5644,#5645,#5646,#5647,#5648,#5649,#5650,#5651,#5652,#5653,#5654,#5655,#5656,#5657,#5658,#5659,#5660,#5635),.UNSPECIFIED.,.F.,.F.,(4,3,3,3,3,3,2,3,3,4),(0.365197205355406,0.459270309272553,0.516888108261338,0.557073919008414,0.686598442092798,0.748100649959193,0.80943520914963,0.869973215623308,0.929637661646656,1.),.UNSPECIFIED.);
#232=B_SPLINE_CURVE_WITH_KNOTS('',3,(#5618,#5661,#5662,#5663,#5664,#5665,#5666,#5667,#5668,#5669,#5670,#5671,#5672,#5673,#5674,#5675,#5676,#5677,#5678,#5679,#5680,#5681,#5682,#5683,#5684,#5685,#5634),.UNSPECIFIED.,.F.,.F.,(4,3,3,3,3,3,2,3,3,4),(0.365197205355406,0.459270309272553,0.516888108261338,0.557073919008414,0.686598442092798,0.748100649959193,0.80943520914963,0.869973215623308,0.929637661646656,1.),.UNSPECIFIED.);
#233=B_SPLINE_CURVE_WITH_KNOTS('',3,(#5635,#5686,#5687,#5688),.UNSPECIFIED.,.F.,.F.,(4,4),(0.,0.1292432917038),.UNSPECIFIED.);
#234=B_SPLINE_CURVE_WITH_KNOTS('',3,(#5634,#5690,#5691,#5689),.UNSPECIFIED.,.F.,.F.,(4,4),(0.,0.1292432917038),.UNSPECIFIED.);
#235=B_SPLINE_CURVE_WITH_KNOTS('',3,(#5688,#5700,#5701,#5702,#5703,#5704,#5705,#5706,#5707,#5699),.UNSPECIFIED.,.F.,.F.,(4,3,3,4),(0.1292432917038,0.188432144320364,0.255111068763716,0.338319175664792),.UNSPECIFIED.);
#236=B_SPLINE_CURVE_WITH_KNOTS('',3,(#5689,#5708,#5709,#5710,#5711,#5712,#5713,#5714,#5715,#5698),.UNSPECIFIED.,.F.,.F.,(4,3,3,4),(0.1292432917038,0.188432144320364,0.255111068763716,0.338319175664792),.UNSPECIFIED.);
#237=B_SPLINE_CURVE_WITH_KNOTS('',3,(#5717,#5718,#5719,#5720),.UNSPECIFIED.,.F.,.F.,(4,4),(0.59285366579112,0.887315054976532),.UNSPECIFIED.);
#238=B_SPLINE_CURVE_WITH_KNOTS('',3,(#5716,#5722,#5723,#5721),.UNSPECIFIED.,.F.,.F.,(4,4),(0.59285366579112,0.887315054976532),.UNSPECIFIED.);
#239=B_SPLINE_CURVE_WITH_KNOTS('',3,(#5720,#5724,#5725,#5726),.UNSPECIFIED.,.F.,.F.,(4,4),(0.887315054976532,1.),.UNSPECIFIED.);
#240=B_SPLINE_CURVE_WITH_KNOTS('',3,(#5721,#5728,#5729,#5727),.UNSPECIFIED.,.F.,.F.,(4,4),(0.887315054976532,1.),.UNSPECIFIED.);
#241=B_SPLINE_CURVE_WITH_KNOTS('',3,(#5726,#5736,#5737,#5738,#5739,#5740,#5741,#5742,#5743,#5744,#5745,#5746,#5747,#5717),.UNSPECIFIED.,.F.,.F.,(4,2,2,3,3,4),(0.,0.120224726231803,0.240449452463607,0.340636724323441,0.478413682724291,0.59285366579112),.UNSPECIFIED.);
#242=B_SPLINE_CURVE_WITH_KNOTS('',3,(#5727,#5748,#5749,#5750,#5751,#5752,#5753,#5754,#5755,#5756,#5757,#5758,#5759,#5716),.UNSPECIFIED.,.F.,.F.,(4,2,2,3,3,4),(0.,0.120224726231803,0.240449452463607,0.340636724323441,0.478413682724291,0.59285366579112),.UNSPECIFIED.);
#243=B_SPLINE_CURVE_WITH_KNOTS('',3,(#5699,#5760,#5761,#5619),.UNSPECIFIED.,.F.,.F.,(4,4),(0.338319175664792,0.365197205355406),.UNSPECIFIED.);
#244=B_SPLINE_CURVE_WITH_KNOTS('',3,(#5698,#5762,#5763,#5618),.UNSPECIFIED.,.F.,.F.,(4,4),(0.338319175664792,0.365197205355406),.UNSPECIFIED.);
#245=B_SPLINE_CURVE_WITH_KNOTS('',3,(#5767,#5768,#5769,#5770),.UNSPECIFIED.,.F.,.F.,(4,4),(0.973597557162773,1.),.UNSPECIFIED.);
#246=B_SPLINE_CURVE_WITH_KNOTS('',3,(#5766,#5772,#5773,#5771),.UNSPECIFIED.,.F.,.F.,(4,4),(0.973597557162773,1.),.UNSPECIFIED.);
#247=B_SPLINE_CURVE_WITH_KNOTS('',3,(#5770,#5780,#5781,#5782,#5783,#5784,#5785,#5786,#5787,#5779),.UNSPECIFIED.,.F.,.F.,(4,3,3,4),(0.,0.0328871772389796,0.0552293275107701,0.119245624789164),.UNSPECIFIED.);
#248=B_SPLINE_CURVE_WITH_KNOTS('',3,(#5771,#5788,#5789,#5790,#5791,#5792,#5793,#5794,#5795,#5778),.UNSPECIFIED.,.F.,.F.,(4,3,3,4),(0.,0.0328871772389796,0.0552293275107701,0.119245624789164),.UNSPECIFIED.);
#249=B_SPLINE_CURVE_WITH_KNOTS('',3,(#5779,#5796,#5797,#5798),.UNSPECIFIED.,.F.,.F.,(4,4),(0.119245624789164,0.17418404119794),.UNSPECIFIED.);
#250=B_SPLINE_CURVE_WITH_KNOTS('',3,(#5778,#5800,#5801,#5799),.UNSPECIFIED.,.F.,.F.,(4,4),(0.119245624789164,0.17418404119794),.UNSPECIFIED.);
#251=B_SPLINE_CURVE_WITH_KNOTS('',3,(#5798,#5802,#5803,#5804),.UNSPECIFIED.,.F.,.F.,(4,4),(0.17418404119794,0.198452953300845),.UNSPECIFIED.);
#252=B_SPLINE_CURVE_WITH_KNOTS('',3,(#5799,#5806,#5807,#5805),.UNSPECIFIED.,.F.,.F.,(4,4),(0.17418404119794,0.198452953300845),.UNSPECIFIED.);
#253=B_SPLINE_CURVE_WITH_KNOTS('',3,(#5804,#5808,#5809,#5810),.UNSPECIFIED.,.F.,.F.,(4,4),(0.198452953300845,0.253391369709621),.UNSPECIFIED.);
#254=B_SPLINE_CURVE_WITH_KNOTS('',3,(#5805,#5812,#5813,#5811),.UNSPECIFIED.,.F.,.F.,(4,4),(0.198452953300845,0.253391369709621),.UNSPECIFIED.);
#255=B_SPLINE_CURVE_WITH_KNOTS('',3,(#5810,#5814,#5815,#5816),.UNSPECIFIED.,.F.,.F.,(4,4),(0.253391369709621,0.447542666532866),.UNSPECIFIED.);
#256=B_SPLINE_CURVE_WITH_KNOTS('',3,(#5811,#5818,#5819,#5817),.UNSPECIFIED.,.F.,.F.,(4,4),(0.253391369709621,0.447542666532866),.UNSPECIFIED.);
#257=B_SPLINE_CURVE_WITH_KNOTS('',3,(#5816,#5820,#5821,#5822),.UNSPECIFIED.,.F.,.F.,(4,4),(0.447542666532866,0.472344961319351),.UNSPECIFIED.);
#258=B_SPLINE_CURVE_WITH_KNOTS('',3,(#5817,#5824,#5825,#5823),.UNSPECIFIED.,.F.,.F.,(4,4),(0.447542666532866,0.472344961319351),.UNSPECIFIED.);
#259=B_SPLINE_CURVE_WITH_KNOTS('',3,(#5822,#5826,#5827,#5828),.UNSPECIFIED.,.F.,.F.,(4,4),(0.472344961319351,0.666496258142596),.UNSPECIFIED.);
#260=B_SPLINE_CURVE_WITH_KNOTS('',3,(#5823,#5830,#5831,#5829),.UNSPECIFIED.,.F.,.F.,(4,4),(0.472344961319351,0.666496258142596),.UNSPECIFIED.);
#261=B_SPLINE_CURVE_WITH_KNOTS('',3,(#5828,#5832,#5833,#5834),.UNSPECIFIED.,.F.,.F.,(4,4),(0.666496258142596,0.701432823917109),.UNSPECIFIED.);
#262=B_SPLINE_CURVE_WITH_KNOTS('',3,(#5829,#5836,#5837,#5835),.UNSPECIFIED.,.F.,.F.,(4,4),(0.666496258142596,0.701432823917109),.UNSPECIFIED.);
#263=B_SPLINE_CURVE_WITH_KNOTS('',3,(#5834,#5838,#5839,#5840),.UNSPECIFIED.,.F.,.F.,(4,4),(0.701432823917109,0.725701736020014),.UNSPECIFIED.);
#264=B_SPLINE_CURVE_WITH_KNOTS('',3,(#5835,#5842,#5843,#5841),.UNSPECIFIED.,.F.,.F.,(4,4),(0.701432823917109,0.725701736020014),.UNSPECIFIED.);
#265=B_SPLINE_CURVE_WITH_KNOTS('',3,(#5840,#5844,#5845,#5846),.UNSPECIFIED.,.F.,.F.,(4,4),(0.725701736020014,0.760638301794527),.UNSPECIFIED.);
#266=B_SPLINE_CURVE_WITH_KNOTS('',3,(#5841,#5848,#5849,#5847),.UNSPECIFIED.,.F.,.F.,(4,4),(0.725701736020014,0.760638301794527),.UNSPECIFIED.);
#267=B_SPLINE_CURVE_WITH_KNOTS('',3,(#5846,#5858,#5859,#5860,#5861,#5862,#5863,#5864,#5865,#5857),.UNSPECIFIED.,.F.,.F.,(4,3,3,4),(0.760638301794527,0.834511803470404,0.915191988168734,0.948528571034497),.UNSPECIFIED.);
#268=B_SPLINE_CURVE_WITH_KNOTS('',3,(#5847,#5866,#5867,#5868,#5869,#5870,#5871,#5872,#5873,#5856),.UNSPECIFIED.,.F.,.F.,(4,3,3,4),(0.760638301794527,0.834511803470404,0.915191988168734,0.948528571034497),.UNSPECIFIED.);
#269=B_SPLINE_CURVE_WITH_KNOTS('',3,(#5857,#5874,#5875,#5767),.UNSPECIFIED.,.F.,.F.,(4,4),(0.948528571034497,0.973597557162773),.UNSPECIFIED.);
#270=B_SPLINE_CURVE_WITH_KNOTS('',3,(#5856,#5876,#5877,#5766),.UNSPECIFIED.,.F.,.F.,(4,4),(0.948528571034497,0.973597557162773),.UNSPECIFIED.);
#271=B_SPLINE_CURVE_WITH_KNOTS('',3,(#5881,#5882,#5883,#5884),.UNSPECIFIED.,.F.,.F.,(4,4),(0.973594020286577,1.),.UNSPECIFIED.);
#272=B_SPLINE_CURVE_WITH_KNOTS('',3,(#5880,#5886,#5887,#5885),.UNSPECIFIED.,.F.,.F.,(4,4),(0.973594020286577,1.),.UNSPECIFIED.);
#273=B_SPLINE_CURVE_WITH_KNOTS('',3,(#5884,#5894,#5895,#5896,#5897,#5898,#5899,#5900,#5901,#5893),.UNSPECIFIED.,.F.,.F.,(4,3,3,4),(0.,0.0327350956054779,0.0551267204561999,0.1191276387678),.UNSPECIFIED.);
#274=B_SPLINE_CURVE_WITH_KNOTS('',3,(#5885,#5902,#5903,#5904,#5905,#5906,#5907,#5908,#5909,#5892),.UNSPECIFIED.,.F.,.F.,(4,3,3,4),(0.,0.0327350956054779,0.0551267204561999,0.1191276387678),.UNSPECIFIED.);
#275=B_SPLINE_CURVE_WITH_KNOTS('',3,(#5893,#5910,#5911,#5912),.UNSPECIFIED.,.F.,.F.,(4,4),(0.1191276387678,0.174073414737146),.UNSPECIFIED.);
#276=B_SPLINE_CURVE_WITH_KNOTS('',3,(#5892,#5914,#5915,#5913),.UNSPECIFIED.,.F.,.F.,(4,4),(0.1191276387678,0.174073414737146),.UNSPECIFIED.);
#277=B_SPLINE_CURVE_WITH_KNOTS('',3,(#5912,#5916,#5917,#5918),.UNSPECIFIED.,.F.,.F.,(4,4),(0.174073414737146,0.198345577908071),.UNSPECIFIED.);
#278=B_SPLINE_CURVE_WITH_KNOTS('',3,(#5913,#5920,#5921,#5919),.UNSPECIFIED.,.F.,.F.,(4,4),(0.174073414737146,0.198345577908071),.UNSPECIFIED.);
#279=B_SPLINE_CURVE_WITH_KNOTS('',3,(#5918,#5922,#5923,#5924),.UNSPECIFIED.,.F.,.F.,(4,4),(0.198345577908071,0.253291353877416),.UNSPECIFIED.);
#280=B_SPLINE_CURVE_WITH_KNOTS('',3,(#5919,#5926,#5927,#5925),.UNSPECIFIED.,.F.,.F.,(4,4),(0.198345577908071,0.253291353877416),.UNSPECIFIED.);
#281=B_SPLINE_CURVE_WITH_KNOTS('',3,(#5924,#5928,#5929,#5930),.UNSPECIFIED.,.F.,.F.,(4,4),(0.253291353877416,0.447468659244813),.UNSPECIFIED.);
#282=B_SPLINE_CURVE_WITH_KNOTS('',3,(#5925,#5932,#5933,#5931),.UNSPECIFIED.,.F.,.F.,(4,4),(0.253291353877416,0.447468659244813),.UNSPECIFIED.);
#283=B_SPLINE_CURVE_WITH_KNOTS('',3,(#5930,#5934,#5935,#5936),.UNSPECIFIED.,.F.,.F.,(4,4),(0.447468659244813,0.472274276551363),.UNSPECIFIED.);
#284=B_SPLINE_CURVE_WITH_KNOTS('',3,(#5931,#5938,#5939,#5937),.UNSPECIFIED.,.F.,.F.,(4,4),(0.447468659244813,0.472274276551363),.UNSPECIFIED.);
#285=B_SPLINE_CURVE_WITH_KNOTS('',3,(#5936,#5940,#5941,#5942),.UNSPECIFIED.,.F.,.F.,(4,4),(0.472274276551363,0.66645158191876),.UNSPECIFIED.);
#286=B_SPLINE_CURVE_WITH_KNOTS('',3,(#5937,#5944,#5945,#5943),.UNSPECIFIED.,.F.,.F.,(4,4),(0.472274276551363,0.66645158191876),.UNSPECIFIED.);
#287=B_SPLINE_CURVE_WITH_KNOTS('',3,(#5942,#5946,#5947,#5948),.UNSPECIFIED.,.F.,.F.,(4,4),(0.66645158191876,0.701392827802179),.UNSPECIFIED.);
#288=B_SPLINE_CURVE_WITH_KNOTS('',3,(#5943,#5950,#5951,#5949),.UNSPECIFIED.,.F.,.F.,(4,4),(0.66645158191876,0.701392827802179),.UNSPECIFIED.);
#289=B_SPLINE_CURVE_WITH_KNOTS('',3,(#5948,#5952,#5953,#5954),.UNSPECIFIED.,.F.,.F.,(4,4),(0.701392827802179,0.725664990973103),.UNSPECIFIED.);
#290=B_SPLINE_CURVE_WITH_KNOTS('',3,(#5949,#5956,#5957,#5955),.UNSPECIFIED.,.F.,.F.,(4,4),(0.701392827802179,0.725664990973103),.UNSPECIFIED.);
#291=B_SPLINE_CURVE_WITH_KNOTS('',3,(#5954,#5958,#5959,#5960),.UNSPECIFIED.,.F.,.F.,(4,4),(0.725664990973103,0.760606236856522),.UNSPECIFIED.);
#292=B_SPLINE_CURVE_WITH_KNOTS('',3,(#5955,#5962,#5963,#5961),.UNSPECIFIED.,.F.,.F.,(4,4),(0.725664990973103,0.760606236856522),.UNSPECIFIED.);
#293=B_SPLINE_CURVE_WITH_KNOTS('',3,(#5960,#5972,#5973,#5974,#5975,#5976,#5977,#5978,#5979,#5971),.UNSPECIFIED.,.F.,.F.,(4,3,3,4),(0.760606236856522,0.834489634640545,0.915180627271556,0.948521675912215),.UNSPECIFIED.);
#294=B_SPLINE_CURVE_WITH_KNOTS('',3,(#5961,#5980,#5981,#5982,#5983,#5984,#5985,#5986,#5987,#5970),.UNSPECIFIED.,.F.,.F.,(4,3,3,4),(0.760606236856522,0.834489634640545,0.915180627271556,0.948521675912215),.UNSPECIFIED.);
#295=B_SPLINE_CURVE_WITH_KNOTS('',3,(#5971,#5988,#5989,#5881),.UNSPECIFIED.,.F.,.F.,(4,4),(0.948521675912215,0.973594020286577),.UNSPECIFIED.);
#296=B_SPLINE_CURVE_WITH_KNOTS('',3,(#5970,#5990,#5991,#5880),.UNSPECIFIED.,.F.,.F.,(4,4),(0.948521675912215,0.973594020286577),.UNSPECIFIED.);
#297=B_SPLINE_CURVE_WITH_KNOTS('',3,(#5995,#6004,#6005,#6006,#6007,#6008,#6009,#6010,#6011,#6003),.UNSPECIFIED.,.F.,.F.,(4,3,3,4),(0.556268169960333,0.918467473765595,0.958135253387769,1.),.UNSPECIFIED.);
#298=B_SPLINE_CURVE_WITH_KNOTS('',3,(#5994,#6012,#6013,#6014,#6015,#6016,#6017,#6018,#6019,#6002),.UNSPECIFIED.,.F.,.F.,(4,3,3,4),(0.556268169960333,0.918467473765595,0.958135253387769,1.),.UNSPECIFIED.);
#299=B_SPLINE_CURVE_WITH_KNOTS('',3,(#6003,#6020,#6021,#6022),.UNSPECIFIED.,.F.,.F.,(4,4),(0.,0.0306175670482868),.UNSPECIFIED.);
#300=B_SPLINE_CURVE_WITH_KNOTS('',3,(#6002,#6024,#6025,#6023),.UNSPECIFIED.,.F.,.F.,(4,4),(0.,0.0306175670482868),.UNSPECIFIED.);
#301=B_SPLINE_CURVE_WITH_KNOTS('',3,(#6022,#6034,#6035,#6036,#6037,#6038,#6039,#6040,#6041,#6033),.UNSPECIFIED.,.F.,.F.,(4,3,3,4),(0.0306175670482868,0.116949741513534,0.16316420839463,0.525976321710433),.UNSPECIFIED.);
#302=B_SPLINE_CURVE_WITH_KNOTS('',3,(#6023,#6042,#6043,#6044,#6045,#6046,#6047,#6048,#6049,#6032),.UNSPECIFIED.,.F.,.F.,(4,3,3,4),(0.0306175670482868,0.116949741513534,0.16316420839463,0.525976321710433),.UNSPECIFIED.);
#303=B_SPLINE_CURVE_WITH_KNOTS('',3,(#6033,#6050,#6051,#5995),.UNSPECIFIED.,.F.,.F.,(4,4),(0.525976321710433,0.556268169960333),.UNSPECIFIED.);
#304=B_SPLINE_CURVE_WITH_KNOTS('',3,(#6032,#6052,#6053,#5994),.UNSPECIFIED.,.F.,.F.,(4,4),(0.525976321710433,0.556268169960333),.UNSPECIFIED.);
#305=B_SPLINE_CURVE_WITH_KNOTS('',3,(#6057,#6074,#6075,#6076,#6077,#6078,#6079,#6080,#6081,#6082,#6083,#6084,#6085,#6086,#6087,#6088,#6089,#6090,#6091,#6092,#6093,#6094,#6095,#6096,#6097,#6098,#6073),.UNSPECIFIED.,.F.,.F.,(4,3,3,3,3,3,2,3,3,4),(0.36497952086483,0.45933099087609,0.516944167209535,0.557126753537307,0.686640883864527,0.748086514227299,0.810250041191379,0.870022663272226,0.929664419612106,1.),.UNSPECIFIED.);
#306=B_SPLINE_CURVE_WITH_KNOTS('',3,(#6056,#6099,#6100,#6101,#6102,#6103,#6104,#6105,#6106,#6107,#6108,#6109,#6110,#6111,#6112,#6113,#6114,#6115,#6116,#6117,#6118,#6119,#6120,#6121,#6122,#6123,#6072),.UNSPECIFIED.,.F.,.F.,(4,3,3,3,3,3,2,3,3,4),(0.36497952086483,0.45933099087609,0.516944167209535,0.557126753537307,0.686640883864527,0.748086514227299,0.810250041191379,0.870022663272226,0.929664419612106,1.),.UNSPECIFIED.);
#307=B_SPLINE_CURVE_WITH_KNOTS('',3,(#6073,#6124,#6125,#6126),.UNSPECIFIED.,.F.,.F.,(4,4),(0.,0.128947009015388),.UNSPECIFIED.);
#308=B_SPLINE_CURVE_WITH_KNOTS('',3,(#6072,#6128,#6129,#6127),.UNSPECIFIED.,.F.,.F.,(4,4),(0.,0.128947009015388),.UNSPECIFIED.);
#309=B_SPLINE_CURVE_WITH_KNOTS('',3,(#6126,#6138,#6139,#6140,#6141,#6142,#6143,#6144,#6145,#6137),.UNSPECIFIED.,.F.,.F.,(4,3,3,4),(0.128947009015388,0.188131112931542,0.254616300873439,0.338103647588895),.UNSPECIFIED.);
#310=B_SPLINE_CURVE_WITH_KNOTS('',3,(#6127,#6146,#6147,#6148,#6149,#6150,#6151,#6152,#6153,#6136),.UNSPECIFIED.,.F.,.F.,(4,3,3,4),(0.128947009015388,0.188131112931542,0.254616300873439,0.338103647588895),.UNSPECIFIED.);
#311=B_SPLINE_CURVE_WITH_KNOTS('',3,(#6155,#6156,#6157,#6158),.UNSPECIFIED.,.F.,.F.,(4,4),(0.592643140549946,0.887256788394631),.UNSPECIFIED.);
#312=B_SPLINE_CURVE_WITH_KNOTS('',3,(#6154,#6160,#6161,#6159),.UNSPECIFIED.,.F.,.F.,(4,4),(0.592643140549946,0.887256788394631),.UNSPECIFIED.);
#313=B_SPLINE_CURVE_WITH_KNOTS('',3,(#6158,#6162,#6163,#6164),.UNSPECIFIED.,.F.,.F.,(4,4),(0.887256788394631,1.),.UNSPECIFIED.);
#314=B_SPLINE_CURVE_WITH_KNOTS('',3,(#6159,#6166,#6167,#6165),.UNSPECIFIED.,.F.,.F.,(4,4),(0.887256788394631,1.),.UNSPECIFIED.);
#315=B_SPLINE_CURVE_WITH_KNOTS('',3,(#6164,#6174,#6175,#6176,#6177,#6178,#6179,#6180,#6181,#6182,#6183,#6184,#6185,#6186,#6155),.UNSPECIFIED.,.F.,.F.,(4,3,2,3,3,4),(0.,0.119706208881834,0.238903397046605,0.340441742520299,0.478210210105255,0.592643140549946),.UNSPECIFIED.);
#316=B_SPLINE_CURVE_WITH_KNOTS('',3,(#6165,#6187,#6188,#6189,#6190,#6191,#6192,#6193,#6194,#6195,#6196,#6197,#6198,#6199,#6154),.UNSPECIFIED.,.F.,.F.,(4,3,2,3,3,4),(0.,0.119706208881834,0.238903397046605,0.340441742520299,0.478210210105255,0.592643140549946),.UNSPECIFIED.);
#317=B_SPLINE_CURVE_WITH_KNOTS('',3,(#6137,#6200,#6201,#6057),.UNSPECIFIED.,.F.,.F.,(4,4),(0.338103647588895,0.36497952086483),.UNSPECIFIED.);
#318=B_SPLINE_CURVE_WITH_KNOTS('',3,(#6136,#6202,#6203,#6056),.UNSPECIFIED.,.F.,.F.,(4,4),(0.338103647588895,0.36497952086483),.UNSPECIFIED.);
#319=B_SPLINE_CURVE_WITH_KNOTS('',3,(#6207,#6208,#6209,#6210),.UNSPECIFIED.,.F.,.F.,(4,4),(0.972178948440806,1.),.UNSPECIFIED.);
#320=B_SPLINE_CURVE_WITH_KNOTS('',3,(#6206,#6212,#6213,#6211),.UNSPECIFIED.,.F.,.F.,(4,4),(0.972178948440806,1.),.UNSPECIFIED.);
#321=B_SPLINE_CURVE_WITH_KNOTS('',3,(#6210,#6214,#6215,#6216),.UNSPECIFIED.,.F.,.F.,(4,4),(0.,0.0295174571420715),.UNSPECIFIED.);
#322=B_SPLINE_CURVE_WITH_KNOTS('',3,(#6211,#6218,#6219,#6217),.UNSPECIFIED.,.F.,.F.,(4,4),(0.,0.0295174571420715),.UNSPECIFIED.);
#323=B_SPLINE_CURVE_WITH_KNOTS('',3,(#6216,#6226,#6227,#6228,#6229,#6230,#6225),.UNSPECIFIED.,.F.,.F.,(4,3,4),(0.0295174571420715,0.125644307046116,0.152447515255583),.UNSPECIFIED.);
#324=B_SPLINE_CURVE_WITH_KNOTS('',3,(#6217,#6231,#6232,#6233,#6234,#6235,#6224),.UNSPECIFIED.,.F.,.F.,(4,3,4),(0.0295174571420715,0.125644307046116,0.152447515255583),.UNSPECIFIED.);
#325=B_SPLINE_CURVE_WITH_KNOTS('',3,(#6225,#6236,#6237,#6238),.UNSPECIFIED.,.F.,.F.,(4,4),(0.152447515255583,0.442872151044241),.UNSPECIFIED.);
#326=B_SPLINE_CURVE_WITH_KNOTS('',3,(#6224,#6240,#6241,#6239),.UNSPECIFIED.,.F.,.F.,(4,4),(0.152447515255583,0.442872151044241),.UNSPECIFIED.);
#327=B_SPLINE_CURVE_WITH_KNOTS('',3,(#6238,#6242,#6243,#6244),.UNSPECIFIED.,.F.,.F.,(4,4),(0.442872151044241,0.474764576002341),.UNSPECIFIED.);
#328=B_SPLINE_CURVE_WITH_KNOTS('',3,(#6239,#6246,#6247,#6245),.UNSPECIFIED.,.F.,.F.,(4,4),(0.442872151044241,0.474764576002341),.UNSPECIFIED.);
#329=B_SPLINE_CURVE_WITH_KNOTS('',3,(#6244,#6248,#6249,#6250),.UNSPECIFIED.,.F.,.F.,(4,4),(0.474764576002341,0.794706668933071),.UNSPECIFIED.);
#330=B_SPLINE_CURVE_WITH_KNOTS('',3,(#6245,#6252,#6253,#6251),.UNSPECIFIED.,.F.,.F.,(4,4),(0.474764576002341,0.794706668933071),.UNSPECIFIED.);
#331=B_SPLINE_CURVE_WITH_KNOTS('',3,(#6250,#6258,#6259,#6260,#6261,#6262,#6263,#6264,#6265,#6207),.UNSPECIFIED.,.F.,.F.,(4,3,3,4),(0.794706668933071,0.842206025253646,0.926400594535291,0.972178948440806),.UNSPECIFIED.);
#332=B_SPLINE_CURVE_WITH_KNOTS('',3,(#6251,#6266,#6267,#6268,#6269,#6270,#6271,#6272,#6273,#6206),.UNSPECIFIED.,.F.,.F.,(4,3,3,4),(0.794706668933071,0.842206025253646,0.926400594535291,0.972178948440806),.UNSPECIFIED.);
#333=COLOUR_RGB('',0.699999988079071,0.699999988079071,0.699999988079071);
#334=COLOUR_RGB('',0.506983280181885,0.531564235687256,0.550000011920929);
#335=ORIENTED_EDGE('',*,*,#1491,.F.);
#336=ORIENTED_EDGE('',*,*,#1492,.T.);
#337=ORIENTED_EDGE('',*,*,#1493,.F.);
#338=ORIENTED_EDGE('',*,*,#1494,.F.);
#339=ORIENTED_EDGE('',*,*,#1495,.T.);
#340=ORIENTED_EDGE('',*,*,#1496,.T.);
#341=ORIENTED_EDGE('',*,*,#1497,.F.);
#342=ORIENTED_EDGE('',*,*,#1498,.F.);
#343=ORIENTED_EDGE('',*,*,#1499,.F.);
#344=ORIENTED_EDGE('',*,*,#1500,.F.);
#345=ORIENTED_EDGE('',*,*,#1501,.T.);
#346=ORIENTED_EDGE('',*,*,#1499,.T.);
#347=ORIENTED_EDGE('',*,*,#1502,.T.);
#348=ORIENTED_EDGE('',*,*,#1503,.T.);
#349=ORIENTED_EDGE('',*,*,#1504,.F.);
#350=ORIENTED_EDGE('',*,*,#1505,.T.);
#351=ORIENTED_EDGE('',*,*,#1506,.T.);
#352=ORIENTED_EDGE('',*,*,#1507,.T.);
#353=ORIENTED_EDGE('',*,*,#1508,.F.);
#354=ORIENTED_EDGE('',*,*,#1509,.T.);
#355=ORIENTED_EDGE('',*,*,#1510,.T.);
#356=ORIENTED_EDGE('',*,*,#1511,.T.);
#357=ORIENTED_EDGE('',*,*,#1512,.T.);
#358=ORIENTED_EDGE('',*,*,#1513,.T.);
#359=ORIENTED_EDGE('',*,*,#1514,.F.);
#360=ORIENTED_EDGE('',*,*,#1515,.T.);
#361=ORIENTED_EDGE('',*,*,#1516,.T.);
#362=ORIENTED_EDGE('',*,*,#1497,.T.);
#363=ORIENTED_EDGE('',*,*,#1517,.T.);
#364=ORIENTED_EDGE('',*,*,#1518,.T.);
#365=ORIENTED_EDGE('',*,*,#1519,.T.);
#366=ORIENTED_EDGE('',*,*,#1520,.T.);
#367=ORIENTED_EDGE('',*,*,#1517,.F.);
#368=ORIENTED_EDGE('',*,*,#1496,.F.);
#369=ORIENTED_EDGE('',*,*,#1521,.T.);
#370=ORIENTED_EDGE('',*,*,#1500,.T.);
#371=ORIENTED_EDGE('',*,*,#1501,.F.);
#372=ORIENTED_EDGE('',*,*,#1522,.F.);
#373=ORIENTED_EDGE('',*,*,#1523,.T.);
#374=ORIENTED_EDGE('',*,*,#1524,.T.);
#375=ORIENTED_EDGE('',*,*,#1525,.F.);
#376=ORIENTED_EDGE('',*,*,#1526,.F.);
#377=ORIENTED_EDGE('',*,*,#1527,.F.);
#378=ORIENTED_EDGE('',*,*,#1528,.F.);
#379=ORIENTED_EDGE('',*,*,#1529,.F.);
#380=ORIENTED_EDGE('',*,*,#1530,.F.);
#381=ORIENTED_EDGE('',*,*,#1531,.F.);
#382=ORIENTED_EDGE('',*,*,#1494,.T.);
#383=ORIENTED_EDGE('',*,*,#1532,.T.);
#384=ORIENTED_EDGE('',*,*,#1533,.F.);
#385=ORIENTED_EDGE('',*,*,#1534,.F.);
#386=ORIENTED_EDGE('',*,*,#1535,.T.);
#387=ORIENTED_EDGE('',*,*,#1536,.T.);
#388=ORIENTED_EDGE('',*,*,#1506,.F.);
#389=ORIENTED_EDGE('',*,*,#1537,.F.);
#390=ORIENTED_EDGE('',*,*,#1538,.T.);
#391=ORIENTED_EDGE('',*,*,#1539,.T.);
#392=ORIENTED_EDGE('',*,*,#1512,.F.);
#393=ORIENTED_EDGE('',*,*,#1540,.F.);
#394=ORIENTED_EDGE('',*,*,#1541,.T.);
#395=ORIENTED_EDGE('',*,*,#1542,.F.);
#396=ORIENTED_EDGE('',*,*,#1543,.F.);
#397=ORIENTED_EDGE('',*,*,#1544,.T.);
#398=ORIENTED_EDGE('',*,*,#1522,.T.);
#399=ORIENTED_EDGE('',*,*,#1511,.F.);
#400=ORIENTED_EDGE('',*,*,#1545,.F.);
#401=ORIENTED_EDGE('',*,*,#1546,.F.);
#402=ORIENTED_EDGE('',*,*,#1524,.F.);
#403=ORIENTED_EDGE('',*,*,#1525,.T.);
#404=ORIENTED_EDGE('',*,*,#1546,.T.);
#405=ORIENTED_EDGE('',*,*,#1547,.T.);
#406=ORIENTED_EDGE('',*,*,#1548,.T.);
#407=ORIENTED_EDGE('',*,*,#1549,.F.);
#408=ORIENTED_EDGE('',*,*,#1550,.T.);
#409=ORIENTED_EDGE('',*,*,#1533,.T.);
#410=ORIENTED_EDGE('',*,*,#1551,.T.);
#411=ORIENTED_EDGE('',*,*,#1552,.T.);
#412=ORIENTED_EDGE('',*,*,#1553,.T.);
#413=ORIENTED_EDGE('',*,*,#1554,.T.);
#414=ORIENTED_EDGE('',*,*,#1526,.T.);
#415=ORIENTED_EDGE('',*,*,#1551,.F.);
#416=ORIENTED_EDGE('',*,*,#1532,.F.);
#417=ORIENTED_EDGE('',*,*,#1493,.T.);
#418=ORIENTED_EDGE('',*,*,#1555,.T.);
#419=ORIENTED_EDGE('',*,*,#1556,.F.);
#420=ORIENTED_EDGE('',*,*,#1557,.T.);
#421=ORIENTED_EDGE('',*,*,#1558,.T.);
#422=ORIENTED_EDGE('',*,*,#1559,.F.);
#423=ORIENTED_EDGE('',*,*,#1560,.F.);
#424=ORIENTED_EDGE('',*,*,#1561,.F.);
#425=ORIENTED_EDGE('',*,*,#1562,.F.);
#426=ORIENTED_EDGE('',*,*,#1563,.F.);
#427=ORIENTED_EDGE('',*,*,#1564,.F.);
#428=ORIENTED_EDGE('',*,*,#1565,.T.);
#429=ORIENTED_EDGE('',*,*,#1566,.T.);
#430=ORIENTED_EDGE('',*,*,#1567,.F.);
#431=ORIENTED_EDGE('',*,*,#1568,.T.);
#432=ORIENTED_EDGE('',*,*,#1564,.T.);
#433=ORIENTED_EDGE('',*,*,#1569,.F.);
#434=ORIENTED_EDGE('',*,*,#1570,.F.);
#435=ORIENTED_EDGE('',*,*,#1519,.F.);
#436=ORIENTED_EDGE('',*,*,#1554,.F.);
#437=ORIENTED_EDGE('',*,*,#1571,.F.);
#438=ORIENTED_EDGE('',*,*,#1560,.T.);
#439=ORIENTED_EDGE('',*,*,#1572,.F.);
#440=ORIENTED_EDGE('',*,*,#1573,.T.);
#441=ORIENTED_EDGE('',*,*,#1540,.T.);
#442=ORIENTED_EDGE('',*,*,#1518,.F.);
#443=ORIENTED_EDGE('',*,*,#1520,.F.);
#444=ORIENTED_EDGE('',*,*,#1570,.T.);
#445=ORIENTED_EDGE('',*,*,#1574,.F.);
#446=ORIENTED_EDGE('',*,*,#1575,.F.);
#447=ORIENTED_EDGE('',*,*,#1576,.T.);
#448=ORIENTED_EDGE('',*,*,#1577,.T.);
#449=ORIENTED_EDGE('',*,*,#1578,.T.);
#450=ORIENTED_EDGE('',*,*,#1579,.T.);
#451=ORIENTED_EDGE('',*,*,#1580,.F.);
#452=ORIENTED_EDGE('',*,*,#1572,.T.);
#453=ORIENTED_EDGE('',*,*,#1581,.T.);
#454=ORIENTED_EDGE('',*,*,#1567,.T.);
#455=ORIENTED_EDGE('',*,*,#1582,.T.);
#456=ORIENTED_EDGE('',*,*,#1557,.F.);
#457=ORIENTED_EDGE('',*,*,#1583,.T.);
#458=ORIENTED_EDGE('',*,*,#1555,.F.);
#459=ORIENTED_EDGE('',*,*,#1492,.F.);
#460=ORIENTED_EDGE('',*,*,#1584,.T.);
#461=ORIENTED_EDGE('',*,*,#1585,.T.);
#462=ORIENTED_EDGE('',*,*,#1586,.T.);
#463=ORIENTED_EDGE('',*,*,#1587,.T.);
#464=ORIENTED_EDGE('',*,*,#1565,.F.);
#465=ORIENTED_EDGE('',*,*,#1568,.F.);
#466=ORIENTED_EDGE('',*,*,#1559,.T.);
#467=ORIENTED_EDGE('',*,*,#1580,.T.);
#468=ORIENTED_EDGE('',*,*,#1588,.T.);
#469=ORIENTED_EDGE('',*,*,#1541,.F.);
#470=ORIENTED_EDGE('',*,*,#1573,.F.);
#471=ORIENTED_EDGE('',*,*,#1589,.F.);
#472=ORIENTED_EDGE('',*,*,#1590,.F.);
#473=ORIENTED_EDGE('',*,*,#1591,.F.);
#474=ORIENTED_EDGE('',*,*,#1592,.F.);
#475=ORIENTED_EDGE('',*,*,#1593,.F.);
#476=ORIENTED_EDGE('',*,*,#1594,.F.);
#477=ORIENTED_EDGE('',*,*,#1595,.F.);
#478=ORIENTED_EDGE('',*,*,#1596,.F.);
#479=ORIENTED_EDGE('',*,*,#1597,.F.);
#480=ORIENTED_EDGE('',*,*,#1598,.F.);
#481=ORIENTED_EDGE('',*,*,#1591,.T.);
#482=ORIENTED_EDGE('',*,*,#1599,.T.);
#483=ORIENTED_EDGE('',*,*,#1600,.F.);
#484=ORIENTED_EDGE('',*,*,#1601,.F.);
#485=ORIENTED_EDGE('',*,*,#1592,.T.);
#486=ORIENTED_EDGE('',*,*,#1598,.T.);
#487=ORIENTED_EDGE('',*,*,#1602,.F.);
#488=ORIENTED_EDGE('',*,*,#1603,.F.);
#489=ORIENTED_EDGE('',*,*,#1589,.T.);
#490=ORIENTED_EDGE('',*,*,#1601,.T.);
#491=ORIENTED_EDGE('',*,*,#1604,.F.);
#492=ORIENTED_EDGE('',*,*,#1599,.F.);
#493=ORIENTED_EDGE('',*,*,#1590,.T.);
#494=ORIENTED_EDGE('',*,*,#1603,.T.);
#495=ORIENTED_EDGE('',*,*,#1605,.F.);
#496=ORIENTED_EDGE('',*,*,#1606,.F.);
#497=ORIENTED_EDGE('',*,*,#1594,.T.);
#498=ORIENTED_EDGE('',*,*,#1607,.T.);
#499=ORIENTED_EDGE('',*,*,#1608,.F.);
#500=ORIENTED_EDGE('',*,*,#1609,.F.);
#501=ORIENTED_EDGE('',*,*,#1595,.T.);
#502=ORIENTED_EDGE('',*,*,#1606,.T.);
#503=ORIENTED_EDGE('',*,*,#1610,.F.);
#504=ORIENTED_EDGE('',*,*,#1611,.F.);
#505=ORIENTED_EDGE('',*,*,#1596,.T.);
#506=ORIENTED_EDGE('',*,*,#1609,.T.);
#507=ORIENTED_EDGE('',*,*,#1612,.F.);
#508=ORIENTED_EDGE('',*,*,#1607,.F.);
#509=ORIENTED_EDGE('',*,*,#1593,.T.);
#510=ORIENTED_EDGE('',*,*,#1611,.T.);
#511=ORIENTED_EDGE('',*,*,#1613,.T.);
#512=ORIENTED_EDGE('',*,*,#1614,.T.);
#513=ORIENTED_EDGE('',*,*,#1615,.F.);
#514=ORIENTED_EDGE('',*,*,#1597,.T.);
#515=ORIENTED_EDGE('',*,*,#1615,.T.);
#516=ORIENTED_EDGE('',*,*,#1616,.T.);
#517=ORIENTED_EDGE('',*,*,#1617,.F.);
#518=ORIENTED_EDGE('',*,*,#1600,.T.);
#519=ORIENTED_EDGE('',*,*,#1617,.T.);
#520=ORIENTED_EDGE('',*,*,#1618,.T.);
#521=ORIENTED_EDGE('',*,*,#1619,.F.);
#522=ORIENTED_EDGE('',*,*,#1602,.T.);
#523=ORIENTED_EDGE('',*,*,#1619,.T.);
#524=ORIENTED_EDGE('',*,*,#1620,.T.);
#525=ORIENTED_EDGE('',*,*,#1613,.F.);
#526=ORIENTED_EDGE('',*,*,#1604,.T.);
#527=ORIENTED_EDGE('',*,*,#1621,.T.);
#528=ORIENTED_EDGE('',*,*,#1622,.T.);
#529=ORIENTED_EDGE('',*,*,#1623,.F.);
#530=ORIENTED_EDGE('',*,*,#1605,.T.);
#531=ORIENTED_EDGE('',*,*,#1623,.T.);
#532=ORIENTED_EDGE('',*,*,#1624,.T.);
#533=ORIENTED_EDGE('',*,*,#1625,.F.);
#534=ORIENTED_EDGE('',*,*,#1608,.T.);
#535=ORIENTED_EDGE('',*,*,#1625,.T.);
#536=ORIENTED_EDGE('',*,*,#1626,.T.);
#537=ORIENTED_EDGE('',*,*,#1627,.F.);
#538=ORIENTED_EDGE('',*,*,#1610,.T.);
#539=ORIENTED_EDGE('',*,*,#1627,.T.);
#540=ORIENTED_EDGE('',*,*,#1628,.T.);
#541=ORIENTED_EDGE('',*,*,#1621,.F.);
#542=ORIENTED_EDGE('',*,*,#1612,.T.);
#543=ORIENTED_EDGE('',*,*,#1558,.F.);
#544=ORIENTED_EDGE('',*,*,#1582,.F.);
#545=ORIENTED_EDGE('',*,*,#1566,.F.);
#546=ORIENTED_EDGE('',*,*,#1587,.F.);
#547=ORIENTED_EDGE('',*,*,#1628,.F.);
#548=ORIENTED_EDGE('',*,*,#1626,.F.);
#549=ORIENTED_EDGE('',*,*,#1624,.F.);
#550=ORIENTED_EDGE('',*,*,#1622,.F.);
#551=ORIENTED_EDGE('',*,*,#1620,.F.);
#552=ORIENTED_EDGE('',*,*,#1618,.F.);
#553=ORIENTED_EDGE('',*,*,#1616,.F.);
#554=ORIENTED_EDGE('',*,*,#1614,.F.);
#555=ORIENTED_EDGE('',*,*,#1563,.T.);
#556=ORIENTED_EDGE('',*,*,#1629,.F.);
#557=ORIENTED_EDGE('',*,*,#1574,.T.);
#558=ORIENTED_EDGE('',*,*,#1569,.T.);
#559=ORIENTED_EDGE('',*,*,#1562,.T.);
#560=ORIENTED_EDGE('',*,*,#1581,.F.);
#561=ORIENTED_EDGE('',*,*,#1575,.T.);
#562=ORIENTED_EDGE('',*,*,#1629,.T.);
#563=ORIENTED_EDGE('',*,*,#1556,.T.);
#564=ORIENTED_EDGE('',*,*,#1630,.T.);
#565=ORIENTED_EDGE('',*,*,#1552,.F.);
#566=ORIENTED_EDGE('',*,*,#1583,.F.);
#567=ORIENTED_EDGE('',*,*,#1561,.T.);
#568=ORIENTED_EDGE('',*,*,#1571,.T.);
#569=ORIENTED_EDGE('',*,*,#1553,.F.);
#570=ORIENTED_EDGE('',*,*,#1630,.F.);
#571=ORIENTED_EDGE('',*,*,#1631,.T.);
#572=ORIENTED_EDGE('',*,*,#1507,.F.);
#573=ORIENTED_EDGE('',*,*,#1536,.F.);
#574=ORIENTED_EDGE('',*,*,#1632,.F.);
#575=ORIENTED_EDGE('',*,*,#1534,.T.);
#576=ORIENTED_EDGE('',*,*,#1550,.F.);
#577=ORIENTED_EDGE('',*,*,#1544,.F.);
#578=ORIENTED_EDGE('',*,*,#1510,.F.);
#579=ORIENTED_EDGE('',*,*,#1633,.T.);
#580=ORIENTED_EDGE('',*,*,#1547,.F.);
#581=ORIENTED_EDGE('',*,*,#1545,.T.);
#582=ORIENTED_EDGE('',*,*,#1523,.F.);
#583=ORIENTED_EDGE('',*,*,#1631,.F.);
#584=ORIENTED_EDGE('',*,*,#1535,.F.);
#585=ORIENTED_EDGE('',*,*,#1632,.T.);
#586=ORIENTED_EDGE('',*,*,#1549,.T.);
#587=ORIENTED_EDGE('',*,*,#1634,.T.);
#588=ORIENTED_EDGE('',*,*,#1508,.T.);
#589=ORIENTED_EDGE('',*,*,#1635,.F.);
#590=ORIENTED_EDGE('',*,*,#1636,.F.);
#591=ORIENTED_EDGE('',*,*,#1637,.F.);
#592=ORIENTED_EDGE('',*,*,#1638,.F.);
#593=ORIENTED_EDGE('',*,*,#1639,.T.);
#594=ORIENTED_EDGE('',*,*,#1640,.F.);
#595=ORIENTED_EDGE('',*,*,#1636,.T.);
#596=ORIENTED_EDGE('',*,*,#1641,.T.);
#597=ORIENTED_EDGE('',*,*,#1642,.T.);
#598=ORIENTED_EDGE('',*,*,#1641,.F.);
#599=ORIENTED_EDGE('',*,*,#1635,.T.);
#600=ORIENTED_EDGE('',*,*,#1643,.T.);
#601=ORIENTED_EDGE('',*,*,#1644,.T.);
#602=ORIENTED_EDGE('',*,*,#1643,.F.);
#603=ORIENTED_EDGE('',*,*,#1638,.T.);
#604=ORIENTED_EDGE('',*,*,#1645,.T.);
#605=ORIENTED_EDGE('',*,*,#1646,.T.);
#606=ORIENTED_EDGE('',*,*,#1645,.F.);
#607=ORIENTED_EDGE('',*,*,#1637,.T.);
#608=ORIENTED_EDGE('',*,*,#1640,.T.);
#609=ORIENTED_EDGE('',*,*,#1509,.F.);
#610=ORIENTED_EDGE('',*,*,#1647,.T.);
#611=ORIENTED_EDGE('',*,*,#1646,.F.);
#612=ORIENTED_EDGE('',*,*,#1648,.F.);
#613=ORIENTED_EDGE('',*,*,#1634,.F.);
#614=ORIENTED_EDGE('',*,*,#1649,.T.);
#615=ORIENTED_EDGE('',*,*,#1644,.F.);
#616=ORIENTED_EDGE('',*,*,#1647,.F.);
#617=ORIENTED_EDGE('',*,*,#1548,.F.);
#618=ORIENTED_EDGE('',*,*,#1650,.T.);
#619=ORIENTED_EDGE('',*,*,#1642,.F.);
#620=ORIENTED_EDGE('',*,*,#1649,.F.);
#621=ORIENTED_EDGE('',*,*,#1633,.F.);
#622=ORIENTED_EDGE('',*,*,#1648,.T.);
#623=ORIENTED_EDGE('',*,*,#1639,.F.);
#624=ORIENTED_EDGE('',*,*,#1650,.F.);
#625=ORIENTED_EDGE('',*,*,#1651,.T.);
#626=ORIENTED_EDGE('',*,*,#1513,.F.);
#627=ORIENTED_EDGE('',*,*,#1539,.F.);
#628=ORIENTED_EDGE('',*,*,#1652,.F.);
#629=ORIENTED_EDGE('',*,*,#1537,.T.);
#630=ORIENTED_EDGE('',*,*,#1505,.F.);
#631=ORIENTED_EDGE('',*,*,#1495,.F.);
#632=ORIENTED_EDGE('',*,*,#1516,.F.);
#633=ORIENTED_EDGE('',*,*,#1653,.F.);
#634=ORIENTED_EDGE('',*,*,#1502,.F.);
#635=ORIENTED_EDGE('',*,*,#1498,.T.);
#636=ORIENTED_EDGE('',*,*,#1521,.F.);
#637=ORIENTED_EDGE('',*,*,#1651,.F.);
#638=ORIENTED_EDGE('',*,*,#1538,.F.);
#639=ORIENTED_EDGE('',*,*,#1652,.T.);
#640=ORIENTED_EDGE('',*,*,#1504,.T.);
#641=ORIENTED_EDGE('',*,*,#1654,.T.);
#642=ORIENTED_EDGE('',*,*,#1514,.T.);
#643=ORIENTED_EDGE('',*,*,#1655,.F.);
#644=ORIENTED_EDGE('',*,*,#1656,.F.);
#645=ORIENTED_EDGE('',*,*,#1657,.F.);
#646=ORIENTED_EDGE('',*,*,#1658,.F.);
#647=ORIENTED_EDGE('',*,*,#1659,.T.);
#648=ORIENTED_EDGE('',*,*,#1660,.F.);
#649=ORIENTED_EDGE('',*,*,#1655,.T.);
#650=ORIENTED_EDGE('',*,*,#1661,.T.);
#651=ORIENTED_EDGE('',*,*,#1662,.T.);
#652=ORIENTED_EDGE('',*,*,#1661,.F.);
#653=ORIENTED_EDGE('',*,*,#1658,.T.);
#654=ORIENTED_EDGE('',*,*,#1663,.T.);
#655=ORIENTED_EDGE('',*,*,#1664,.T.);
#656=ORIENTED_EDGE('',*,*,#1663,.F.);
#657=ORIENTED_EDGE('',*,*,#1657,.T.);
#658=ORIENTED_EDGE('',*,*,#1665,.T.);
#659=ORIENTED_EDGE('',*,*,#1666,.T.);
#660=ORIENTED_EDGE('',*,*,#1665,.F.);
#661=ORIENTED_EDGE('',*,*,#1656,.T.);
#662=ORIENTED_EDGE('',*,*,#1660,.T.);
#663=ORIENTED_EDGE('',*,*,#1653,.T.);
#664=ORIENTED_EDGE('',*,*,#1667,.T.);
#665=ORIENTED_EDGE('',*,*,#1666,.F.);
#666=ORIENTED_EDGE('',*,*,#1668,.F.);
#667=ORIENTED_EDGE('',*,*,#1515,.F.);
#668=ORIENTED_EDGE('',*,*,#1669,.T.);
#669=ORIENTED_EDGE('',*,*,#1664,.F.);
#670=ORIENTED_EDGE('',*,*,#1667,.F.);
#671=ORIENTED_EDGE('',*,*,#1654,.F.);
#672=ORIENTED_EDGE('',*,*,#1670,.T.);
#673=ORIENTED_EDGE('',*,*,#1662,.F.);
#674=ORIENTED_EDGE('',*,*,#1669,.F.);
#675=ORIENTED_EDGE('',*,*,#1503,.F.);
#676=ORIENTED_EDGE('',*,*,#1668,.T.);
#677=ORIENTED_EDGE('',*,*,#1659,.F.);
#678=ORIENTED_EDGE('',*,*,#1670,.F.);
#679=ORIENTED_EDGE('',*,*,#1528,.T.);
#680=ORIENTED_EDGE('',*,*,#1671,.F.);
#681=ORIENTED_EDGE('',*,*,#1576,.F.);
#682=ORIENTED_EDGE('',*,*,#1672,.T.);
#683=ORIENTED_EDGE('',*,*,#1531,.T.);
#684=ORIENTED_EDGE('',*,*,#1673,.F.);
#685=ORIENTED_EDGE('',*,*,#1584,.F.);
#686=ORIENTED_EDGE('',*,*,#1491,.T.);
#687=ORIENTED_EDGE('',*,*,#1530,.T.);
#688=ORIENTED_EDGE('',*,*,#1674,.F.);
#689=ORIENTED_EDGE('',*,*,#1585,.F.);
#690=ORIENTED_EDGE('',*,*,#1673,.T.);
#691=ORIENTED_EDGE('',*,*,#1529,.T.);
#692=ORIENTED_EDGE('',*,*,#1672,.F.);
#693=ORIENTED_EDGE('',*,*,#1586,.F.);
#694=ORIENTED_EDGE('',*,*,#1674,.T.);
#695=ORIENTED_EDGE('',*,*,#1527,.T.);
#696=ORIENTED_EDGE('',*,*,#1675,.F.);
#697=ORIENTED_EDGE('',*,*,#1577,.F.);
#698=ORIENTED_EDGE('',*,*,#1671,.T.);
#699=ORIENTED_EDGE('',*,*,#1543,.T.);
#700=ORIENTED_EDGE('',*,*,#1676,.F.);
#701=ORIENTED_EDGE('',*,*,#1578,.F.);
#702=ORIENTED_EDGE('',*,*,#1675,.T.);
#703=ORIENTED_EDGE('',*,*,#1542,.T.);
#704=ORIENTED_EDGE('',*,*,#1588,.F.);
#705=ORIENTED_EDGE('',*,*,#1579,.F.);
#706=ORIENTED_EDGE('',*,*,#1676,.T.);
#707=ORIENTED_EDGE('',*,*,#1677,.T.);
#708=ORIENTED_EDGE('',*,*,#1678,.F.);
#709=ORIENTED_EDGE('',*,*,#1679,.F.);
#710=ORIENTED_EDGE('',*,*,#1680,.T.);
#711=ORIENTED_EDGE('',*,*,#1681,.T.);
#712=ORIENTED_EDGE('',*,*,#1682,.F.);
#713=ORIENTED_EDGE('',*,*,#1683,.F.);
#714=ORIENTED_EDGE('',*,*,#1678,.T.);
#715=ORIENTED_EDGE('',*,*,#1684,.T.);
#716=ORIENTED_EDGE('',*,*,#1685,.F.);
#717=ORIENTED_EDGE('',*,*,#1686,.F.);
#718=ORIENTED_EDGE('',*,*,#1682,.T.);
#719=ORIENTED_EDGE('',*,*,#1687,.T.);
#720=ORIENTED_EDGE('',*,*,#1688,.F.);
#721=ORIENTED_EDGE('',*,*,#1689,.F.);
#722=ORIENTED_EDGE('',*,*,#1685,.T.);
#723=ORIENTED_EDGE('',*,*,#1690,.T.);
#724=ORIENTED_EDGE('',*,*,#1680,.F.);
#725=ORIENTED_EDGE('',*,*,#1691,.F.);
#726=ORIENTED_EDGE('',*,*,#1688,.T.);
#727=ORIENTED_EDGE('',*,*,#1679,.T.);
#728=ORIENTED_EDGE('',*,*,#1683,.T.);
#729=ORIENTED_EDGE('',*,*,#1686,.T.);
#730=ORIENTED_EDGE('',*,*,#1689,.T.);
#731=ORIENTED_EDGE('',*,*,#1691,.T.);
#732=ORIENTED_EDGE('',*,*,#1677,.F.);
#733=ORIENTED_EDGE('',*,*,#1690,.F.);
#734=ORIENTED_EDGE('',*,*,#1687,.F.);
#735=ORIENTED_EDGE('',*,*,#1684,.F.);
#736=ORIENTED_EDGE('',*,*,#1681,.F.);
#737=ORIENTED_EDGE('',*,*,#1692,.F.);
#738=ORIENTED_EDGE('',*,*,#1693,.T.);
#739=ORIENTED_EDGE('',*,*,#1694,.F.);
#740=ORIENTED_EDGE('',*,*,#1695,.T.);
#741=ORIENTED_EDGE('',*,*,#1692,.T.);
#742=ORIENTED_EDGE('',*,*,#1694,.T.);
#743=ORIENTED_EDGE('',*,*,#1693,.F.);
#744=ORIENTED_EDGE('',*,*,#1695,.F.);
#745=ORIENTED_EDGE('',*,*,#1696,.T.);
#746=ORIENTED_EDGE('',*,*,#1697,.F.);
#747=ORIENTED_EDGE('',*,*,#1698,.F.);
#748=ORIENTED_EDGE('',*,*,#1699,.T.);
#749=ORIENTED_EDGE('',*,*,#1700,.T.);
#750=ORIENTED_EDGE('',*,*,#1701,.F.);
#751=ORIENTED_EDGE('',*,*,#1702,.F.);
#752=ORIENTED_EDGE('',*,*,#1697,.T.);
#753=ORIENTED_EDGE('',*,*,#1703,.T.);
#754=ORIENTED_EDGE('',*,*,#1704,.F.);
#755=ORIENTED_EDGE('',*,*,#1705,.F.);
#756=ORIENTED_EDGE('',*,*,#1701,.T.);
#757=ORIENTED_EDGE('',*,*,#1706,.T.);
#758=ORIENTED_EDGE('',*,*,#1707,.F.);
#759=ORIENTED_EDGE('',*,*,#1708,.F.);
#760=ORIENTED_EDGE('',*,*,#1704,.T.);
#761=ORIENTED_EDGE('',*,*,#1709,.T.);
#762=ORIENTED_EDGE('',*,*,#1710,.F.);
#763=ORIENTED_EDGE('',*,*,#1711,.F.);
#764=ORIENTED_EDGE('',*,*,#1707,.T.);
#765=ORIENTED_EDGE('',*,*,#1712,.T.);
#766=ORIENTED_EDGE('',*,*,#1713,.F.);
#767=ORIENTED_EDGE('',*,*,#1714,.F.);
#768=ORIENTED_EDGE('',*,*,#1710,.T.);
#769=ORIENTED_EDGE('',*,*,#1715,.T.);
#770=ORIENTED_EDGE('',*,*,#1716,.F.);
#771=ORIENTED_EDGE('',*,*,#1717,.F.);
#772=ORIENTED_EDGE('',*,*,#1713,.T.);
#773=ORIENTED_EDGE('',*,*,#1718,.T.);
#774=ORIENTED_EDGE('',*,*,#1699,.F.);
#775=ORIENTED_EDGE('',*,*,#1719,.F.);
#776=ORIENTED_EDGE('',*,*,#1716,.T.);
#777=ORIENTED_EDGE('',*,*,#1698,.T.);
#778=ORIENTED_EDGE('',*,*,#1702,.T.);
#779=ORIENTED_EDGE('',*,*,#1705,.T.);
#780=ORIENTED_EDGE('',*,*,#1708,.T.);
#781=ORIENTED_EDGE('',*,*,#1711,.T.);
#782=ORIENTED_EDGE('',*,*,#1714,.T.);
#783=ORIENTED_EDGE('',*,*,#1717,.T.);
#784=ORIENTED_EDGE('',*,*,#1719,.T.);
#785=ORIENTED_EDGE('',*,*,#1696,.F.);
#786=ORIENTED_EDGE('',*,*,#1718,.F.);
#787=ORIENTED_EDGE('',*,*,#1715,.F.);
#788=ORIENTED_EDGE('',*,*,#1712,.F.);
#789=ORIENTED_EDGE('',*,*,#1709,.F.);
#790=ORIENTED_EDGE('',*,*,#1706,.F.);
#791=ORIENTED_EDGE('',*,*,#1703,.F.);
#792=ORIENTED_EDGE('',*,*,#1700,.F.);
#793=ORIENTED_EDGE('',*,*,#1720,.T.);
#794=ORIENTED_EDGE('',*,*,#1721,.F.);
#795=ORIENTED_EDGE('',*,*,#1722,.F.);
#796=ORIENTED_EDGE('',*,*,#1723,.T.);
#797=ORIENTED_EDGE('',*,*,#1724,.T.);
#798=ORIENTED_EDGE('',*,*,#1725,.F.);
#799=ORIENTED_EDGE('',*,*,#1726,.F.);
#800=ORIENTED_EDGE('',*,*,#1721,.T.);
#801=ORIENTED_EDGE('',*,*,#1727,.T.);
#802=ORIENTED_EDGE('',*,*,#1728,.F.);
#803=ORIENTED_EDGE('',*,*,#1729,.F.);
#804=ORIENTED_EDGE('',*,*,#1725,.T.);
#805=ORIENTED_EDGE('',*,*,#1730,.T.);
#806=ORIENTED_EDGE('',*,*,#1731,.F.);
#807=ORIENTED_EDGE('',*,*,#1732,.F.);
#808=ORIENTED_EDGE('',*,*,#1728,.T.);
#809=ORIENTED_EDGE('',*,*,#1733,.T.);
#810=ORIENTED_EDGE('',*,*,#1734,.F.);
#811=ORIENTED_EDGE('',*,*,#1735,.F.);
#812=ORIENTED_EDGE('',*,*,#1731,.T.);
#813=ORIENTED_EDGE('',*,*,#1736,.T.);
#814=ORIENTED_EDGE('',*,*,#1723,.F.);
#815=ORIENTED_EDGE('',*,*,#1737,.F.);
#816=ORIENTED_EDGE('',*,*,#1734,.T.);
#817=ORIENTED_EDGE('',*,*,#1722,.T.);
#818=ORIENTED_EDGE('',*,*,#1726,.T.);
#819=ORIENTED_EDGE('',*,*,#1729,.T.);
#820=ORIENTED_EDGE('',*,*,#1732,.T.);
#821=ORIENTED_EDGE('',*,*,#1735,.T.);
#822=ORIENTED_EDGE('',*,*,#1737,.T.);
#823=ORIENTED_EDGE('',*,*,#1720,.F.);
#824=ORIENTED_EDGE('',*,*,#1736,.F.);
#825=ORIENTED_EDGE('',*,*,#1733,.F.);
#826=ORIENTED_EDGE('',*,*,#1730,.F.);
#827=ORIENTED_EDGE('',*,*,#1727,.F.);
#828=ORIENTED_EDGE('',*,*,#1724,.F.);
#829=ORIENTED_EDGE('',*,*,#1738,.T.);
#830=ORIENTED_EDGE('',*,*,#1739,.F.);
#831=ORIENTED_EDGE('',*,*,#1740,.F.);
#832=ORIENTED_EDGE('',*,*,#1741,.T.);
#833=ORIENTED_EDGE('',*,*,#1742,.T.);
#834=ORIENTED_EDGE('',*,*,#1743,.F.);
#835=ORIENTED_EDGE('',*,*,#1744,.F.);
#836=ORIENTED_EDGE('',*,*,#1739,.T.);
#837=ORIENTED_EDGE('',*,*,#1745,.T.);
#838=ORIENTED_EDGE('',*,*,#1746,.F.);
#839=ORIENTED_EDGE('',*,*,#1747,.F.);
#840=ORIENTED_EDGE('',*,*,#1743,.T.);
#841=ORIENTED_EDGE('',*,*,#1748,.T.);
#842=ORIENTED_EDGE('',*,*,#1749,.F.);
#843=ORIENTED_EDGE('',*,*,#1750,.F.);
#844=ORIENTED_EDGE('',*,*,#1746,.T.);
#845=ORIENTED_EDGE('',*,*,#1751,.T.);
#846=ORIENTED_EDGE('',*,*,#1752,.F.);
#847=ORIENTED_EDGE('',*,*,#1753,.F.);
#848=ORIENTED_EDGE('',*,*,#1749,.T.);
#849=ORIENTED_EDGE('',*,*,#1754,.T.);
#850=ORIENTED_EDGE('',*,*,#1755,.F.);
#851=ORIENTED_EDGE('',*,*,#1756,.F.);
#852=ORIENTED_EDGE('',*,*,#1752,.T.);
#853=ORIENTED_EDGE('',*,*,#1757,.T.);
#854=ORIENTED_EDGE('',*,*,#1758,.F.);
#855=ORIENTED_EDGE('',*,*,#1759,.F.);
#856=ORIENTED_EDGE('',*,*,#1755,.T.);
#857=ORIENTED_EDGE('',*,*,#1760,.T.);
#858=ORIENTED_EDGE('',*,*,#1761,.F.);
#859=ORIENTED_EDGE('',*,*,#1762,.F.);
#860=ORIENTED_EDGE('',*,*,#1758,.T.);
#861=ORIENTED_EDGE('',*,*,#1763,.T.);
#862=ORIENTED_EDGE('',*,*,#1764,.F.);
#863=ORIENTED_EDGE('',*,*,#1765,.F.);
#864=ORIENTED_EDGE('',*,*,#1761,.T.);
#865=ORIENTED_EDGE('',*,*,#1766,.T.);
#866=ORIENTED_EDGE('',*,*,#1767,.F.);
#867=ORIENTED_EDGE('',*,*,#1768,.F.);
#868=ORIENTED_EDGE('',*,*,#1764,.T.);
#869=ORIENTED_EDGE('',*,*,#1769,.T.);
#870=ORIENTED_EDGE('',*,*,#1770,.F.);
#871=ORIENTED_EDGE('',*,*,#1771,.F.);
#872=ORIENTED_EDGE('',*,*,#1767,.T.);
#873=ORIENTED_EDGE('',*,*,#1772,.T.);
#874=ORIENTED_EDGE('',*,*,#1773,.F.);
#875=ORIENTED_EDGE('',*,*,#1774,.F.);
#876=ORIENTED_EDGE('',*,*,#1770,.T.);
#877=ORIENTED_EDGE('',*,*,#1775,.T.);
#878=ORIENTED_EDGE('',*,*,#1741,.F.);
#879=ORIENTED_EDGE('',*,*,#1776,.F.);
#880=ORIENTED_EDGE('',*,*,#1773,.T.);
#881=ORIENTED_EDGE('',*,*,#1740,.T.);
#882=ORIENTED_EDGE('',*,*,#1744,.T.);
#883=ORIENTED_EDGE('',*,*,#1747,.T.);
#884=ORIENTED_EDGE('',*,*,#1750,.T.);
#885=ORIENTED_EDGE('',*,*,#1753,.T.);
#886=ORIENTED_EDGE('',*,*,#1756,.T.);
#887=ORIENTED_EDGE('',*,*,#1759,.T.);
#888=ORIENTED_EDGE('',*,*,#1762,.T.);
#889=ORIENTED_EDGE('',*,*,#1765,.T.);
#890=ORIENTED_EDGE('',*,*,#1768,.T.);
#891=ORIENTED_EDGE('',*,*,#1771,.T.);
#892=ORIENTED_EDGE('',*,*,#1774,.T.);
#893=ORIENTED_EDGE('',*,*,#1776,.T.);
#894=ORIENTED_EDGE('',*,*,#1738,.F.);
#895=ORIENTED_EDGE('',*,*,#1775,.F.);
#896=ORIENTED_EDGE('',*,*,#1772,.F.);
#897=ORIENTED_EDGE('',*,*,#1769,.F.);
#898=ORIENTED_EDGE('',*,*,#1766,.F.);
#899=ORIENTED_EDGE('',*,*,#1763,.F.);
#900=ORIENTED_EDGE('',*,*,#1760,.F.);
#901=ORIENTED_EDGE('',*,*,#1757,.F.);
#902=ORIENTED_EDGE('',*,*,#1754,.F.);
#903=ORIENTED_EDGE('',*,*,#1751,.F.);
#904=ORIENTED_EDGE('',*,*,#1748,.F.);
#905=ORIENTED_EDGE('',*,*,#1745,.F.);
#906=ORIENTED_EDGE('',*,*,#1742,.F.);
#907=ORIENTED_EDGE('',*,*,#1777,.T.);
#908=ORIENTED_EDGE('',*,*,#1778,.F.);
#909=ORIENTED_EDGE('',*,*,#1779,.F.);
#910=ORIENTED_EDGE('',*,*,#1780,.T.);
#911=ORIENTED_EDGE('',*,*,#1781,.T.);
#912=ORIENTED_EDGE('',*,*,#1782,.F.);
#913=ORIENTED_EDGE('',*,*,#1783,.F.);
#914=ORIENTED_EDGE('',*,*,#1778,.T.);
#915=ORIENTED_EDGE('',*,*,#1784,.T.);
#916=ORIENTED_EDGE('',*,*,#1785,.F.);
#917=ORIENTED_EDGE('',*,*,#1786,.F.);
#918=ORIENTED_EDGE('',*,*,#1782,.T.);
#919=ORIENTED_EDGE('',*,*,#1787,.T.);
#920=ORIENTED_EDGE('',*,*,#1780,.F.);
#921=ORIENTED_EDGE('',*,*,#1788,.F.);
#922=ORIENTED_EDGE('',*,*,#1785,.T.);
#923=ORIENTED_EDGE('',*,*,#1779,.T.);
#924=ORIENTED_EDGE('',*,*,#1783,.T.);
#925=ORIENTED_EDGE('',*,*,#1786,.T.);
#926=ORIENTED_EDGE('',*,*,#1788,.T.);
#927=ORIENTED_EDGE('',*,*,#1777,.F.);
#928=ORIENTED_EDGE('',*,*,#1787,.F.);
#929=ORIENTED_EDGE('',*,*,#1784,.F.);
#930=ORIENTED_EDGE('',*,*,#1781,.F.);
#931=ORIENTED_EDGE('',*,*,#1789,.T.);
#932=ORIENTED_EDGE('',*,*,#1790,.F.);
#933=ORIENTED_EDGE('',*,*,#1791,.F.);
#934=ORIENTED_EDGE('',*,*,#1792,.T.);
#935=ORIENTED_EDGE('',*,*,#1793,.T.);
#936=ORIENTED_EDGE('',*,*,#1794,.F.);
#937=ORIENTED_EDGE('',*,*,#1795,.F.);
#938=ORIENTED_EDGE('',*,*,#1790,.T.);
#939=ORIENTED_EDGE('',*,*,#1796,.T.);
#940=ORIENTED_EDGE('',*,*,#1797,.F.);
#941=ORIENTED_EDGE('',*,*,#1798,.F.);
#942=ORIENTED_EDGE('',*,*,#1794,.T.);
#943=ORIENTED_EDGE('',*,*,#1799,.T.);
#944=ORIENTED_EDGE('',*,*,#1792,.F.);
#945=ORIENTED_EDGE('',*,*,#1800,.F.);
#946=ORIENTED_EDGE('',*,*,#1797,.T.);
#947=ORIENTED_EDGE('',*,*,#1791,.T.);
#948=ORIENTED_EDGE('',*,*,#1795,.T.);
#949=ORIENTED_EDGE('',*,*,#1798,.T.);
#950=ORIENTED_EDGE('',*,*,#1800,.T.);
#951=ORIENTED_EDGE('',*,*,#1789,.F.);
#952=ORIENTED_EDGE('',*,*,#1799,.F.);
#953=ORIENTED_EDGE('',*,*,#1796,.F.);
#954=ORIENTED_EDGE('',*,*,#1793,.F.);
#955=ORIENTED_EDGE('',*,*,#1801,.T.);
#956=ORIENTED_EDGE('',*,*,#1802,.F.);
#957=ORIENTED_EDGE('',*,*,#1803,.F.);
#958=ORIENTED_EDGE('',*,*,#1804,.T.);
#959=ORIENTED_EDGE('',*,*,#1805,.T.);
#960=ORIENTED_EDGE('',*,*,#1806,.F.);
#961=ORIENTED_EDGE('',*,*,#1807,.F.);
#962=ORIENTED_EDGE('',*,*,#1802,.T.);
#963=ORIENTED_EDGE('',*,*,#1808,.T.);
#964=ORIENTED_EDGE('',*,*,#1809,.F.);
#965=ORIENTED_EDGE('',*,*,#1810,.F.);
#966=ORIENTED_EDGE('',*,*,#1806,.T.);
#967=ORIENTED_EDGE('',*,*,#1811,.T.);
#968=ORIENTED_EDGE('',*,*,#1812,.F.);
#969=ORIENTED_EDGE('',*,*,#1813,.F.);
#970=ORIENTED_EDGE('',*,*,#1809,.T.);
#971=ORIENTED_EDGE('',*,*,#1814,.T.);
#972=ORIENTED_EDGE('',*,*,#1815,.F.);
#973=ORIENTED_EDGE('',*,*,#1816,.F.);
#974=ORIENTED_EDGE('',*,*,#1812,.T.);
#975=ORIENTED_EDGE('',*,*,#1817,.T.);
#976=ORIENTED_EDGE('',*,*,#1804,.F.);
#977=ORIENTED_EDGE('',*,*,#1818,.F.);
#978=ORIENTED_EDGE('',*,*,#1815,.T.);
#979=ORIENTED_EDGE('',*,*,#1803,.T.);
#980=ORIENTED_EDGE('',*,*,#1807,.T.);
#981=ORIENTED_EDGE('',*,*,#1810,.T.);
#982=ORIENTED_EDGE('',*,*,#1813,.T.);
#983=ORIENTED_EDGE('',*,*,#1816,.T.);
#984=ORIENTED_EDGE('',*,*,#1818,.T.);
#985=ORIENTED_EDGE('',*,*,#1801,.F.);
#986=ORIENTED_EDGE('',*,*,#1817,.F.);
#987=ORIENTED_EDGE('',*,*,#1814,.F.);
#988=ORIENTED_EDGE('',*,*,#1811,.F.);
#989=ORIENTED_EDGE('',*,*,#1808,.F.);
#990=ORIENTED_EDGE('',*,*,#1805,.F.);
#991=ORIENTED_EDGE('',*,*,#1819,.T.);
#992=ORIENTED_EDGE('',*,*,#1820,.F.);
#993=ORIENTED_EDGE('',*,*,#1821,.F.);
#994=ORIENTED_EDGE('',*,*,#1822,.T.);
#995=ORIENTED_EDGE('',*,*,#1823,.T.);
#996=ORIENTED_EDGE('',*,*,#1824,.F.);
#997=ORIENTED_EDGE('',*,*,#1825,.F.);
#998=ORIENTED_EDGE('',*,*,#1820,.T.);
#999=ORIENTED_EDGE('',*,*,#1826,.T.);
#1000=ORIENTED_EDGE('',*,*,#1827,.F.);
#1001=ORIENTED_EDGE('',*,*,#1828,.F.);
#1002=ORIENTED_EDGE('',*,*,#1824,.T.);
#1003=ORIENTED_EDGE('',*,*,#1829,.T.);
#1004=ORIENTED_EDGE('',*,*,#1830,.F.);
#1005=ORIENTED_EDGE('',*,*,#1831,.F.);
#1006=ORIENTED_EDGE('',*,*,#1827,.T.);
#1007=ORIENTED_EDGE('',*,*,#1832,.T.);
#1008=ORIENTED_EDGE('',*,*,#1833,.F.);
#1009=ORIENTED_EDGE('',*,*,#1834,.F.);
#1010=ORIENTED_EDGE('',*,*,#1830,.T.);
#1011=ORIENTED_EDGE('',*,*,#1835,.T.);
#1012=ORIENTED_EDGE('',*,*,#1836,.F.);
#1013=ORIENTED_EDGE('',*,*,#1837,.F.);
#1014=ORIENTED_EDGE('',*,*,#1833,.T.);
#1015=ORIENTED_EDGE('',*,*,#1838,.T.);
#1016=ORIENTED_EDGE('',*,*,#1839,.F.);
#1017=ORIENTED_EDGE('',*,*,#1840,.F.);
#1018=ORIENTED_EDGE('',*,*,#1836,.T.);
#1019=ORIENTED_EDGE('',*,*,#1841,.T.);
#1020=ORIENTED_EDGE('',*,*,#1822,.F.);
#1021=ORIENTED_EDGE('',*,*,#1842,.F.);
#1022=ORIENTED_EDGE('',*,*,#1839,.T.);
#1023=ORIENTED_EDGE('',*,*,#1821,.T.);
#1024=ORIENTED_EDGE('',*,*,#1825,.T.);
#1025=ORIENTED_EDGE('',*,*,#1828,.T.);
#1026=ORIENTED_EDGE('',*,*,#1831,.T.);
#1027=ORIENTED_EDGE('',*,*,#1834,.T.);
#1028=ORIENTED_EDGE('',*,*,#1837,.T.);
#1029=ORIENTED_EDGE('',*,*,#1840,.T.);
#1030=ORIENTED_EDGE('',*,*,#1842,.T.);
#1031=ORIENTED_EDGE('',*,*,#1819,.F.);
#1032=ORIENTED_EDGE('',*,*,#1841,.F.);
#1033=ORIENTED_EDGE('',*,*,#1838,.F.);
#1034=ORIENTED_EDGE('',*,*,#1835,.F.);
#1035=ORIENTED_EDGE('',*,*,#1832,.F.);
#1036=ORIENTED_EDGE('',*,*,#1829,.F.);
#1037=ORIENTED_EDGE('',*,*,#1826,.F.);
#1038=ORIENTED_EDGE('',*,*,#1823,.F.);
#1039=ORIENTED_EDGE('',*,*,#1843,.T.);
#1040=ORIENTED_EDGE('',*,*,#1844,.F.);
#1041=ORIENTED_EDGE('',*,*,#1845,.F.);
#1042=ORIENTED_EDGE('',*,*,#1846,.T.);
#1043=ORIENTED_EDGE('',*,*,#1847,.T.);
#1044=ORIENTED_EDGE('',*,*,#1848,.F.);
#1045=ORIENTED_EDGE('',*,*,#1849,.F.);
#1046=ORIENTED_EDGE('',*,*,#1844,.T.);
#1047=ORIENTED_EDGE('',*,*,#1850,.T.);
#1048=ORIENTED_EDGE('',*,*,#1851,.F.);
#1049=ORIENTED_EDGE('',*,*,#1852,.F.);
#1050=ORIENTED_EDGE('',*,*,#1848,.T.);
#1051=ORIENTED_EDGE('',*,*,#1853,.T.);
#1052=ORIENTED_EDGE('',*,*,#1854,.F.);
#1053=ORIENTED_EDGE('',*,*,#1855,.F.);
#1054=ORIENTED_EDGE('',*,*,#1856,.T.);
#1055=ORIENTED_EDGE('',*,*,#1857,.T.);
#1056=ORIENTED_EDGE('',*,*,#1856,.F.);
#1057=ORIENTED_EDGE('',*,*,#1858,.F.);
#1058=ORIENTED_EDGE('',*,*,#1854,.T.);
#1059=ORIENTED_EDGE('',*,*,#1859,.T.);
#1060=ORIENTED_EDGE('',*,*,#1846,.F.);
#1061=ORIENTED_EDGE('',*,*,#1860,.F.);
#1062=ORIENTED_EDGE('',*,*,#1851,.T.);
#1063=ORIENTED_EDGE('',*,*,#1855,.T.);
#1064=ORIENTED_EDGE('',*,*,#1858,.T.);
#1065=ORIENTED_EDGE('',*,*,#1845,.T.);
#1066=ORIENTED_EDGE('',*,*,#1849,.T.);
#1067=ORIENTED_EDGE('',*,*,#1852,.T.);
#1068=ORIENTED_EDGE('',*,*,#1860,.T.);
#1069=ORIENTED_EDGE('',*,*,#1853,.F.);
#1070=ORIENTED_EDGE('',*,*,#1857,.F.);
#1071=ORIENTED_EDGE('',*,*,#1843,.F.);
#1072=ORIENTED_EDGE('',*,*,#1859,.F.);
#1073=ORIENTED_EDGE('',*,*,#1850,.F.);
#1074=ORIENTED_EDGE('',*,*,#1847,.F.);
#1075=ORIENTED_EDGE('',*,*,#1861,.T.);
#1076=ORIENTED_EDGE('',*,*,#1862,.F.);
#1077=ORIENTED_EDGE('',*,*,#1863,.F.);
#1078=ORIENTED_EDGE('',*,*,#1864,.T.);
#1079=ORIENTED_EDGE('',*,*,#1865,.T.);
#1080=ORIENTED_EDGE('',*,*,#1866,.F.);
#1081=ORIENTED_EDGE('',*,*,#1867,.F.);
#1082=ORIENTED_EDGE('',*,*,#1862,.T.);
#1083=ORIENTED_EDGE('',*,*,#1868,.T.);
#1084=ORIENTED_EDGE('',*,*,#1869,.F.);
#1085=ORIENTED_EDGE('',*,*,#1870,.F.);
#1086=ORIENTED_EDGE('',*,*,#1866,.T.);
#1087=ORIENTED_EDGE('',*,*,#1871,.T.);
#1088=ORIENTED_EDGE('',*,*,#1872,.F.);
#1089=ORIENTED_EDGE('',*,*,#1873,.F.);
#1090=ORIENTED_EDGE('',*,*,#1874,.T.);
#1091=ORIENTED_EDGE('',*,*,#1875,.T.);
#1092=ORIENTED_EDGE('',*,*,#1876,.F.);
#1093=ORIENTED_EDGE('',*,*,#1877,.F.);
#1094=ORIENTED_EDGE('',*,*,#1872,.T.);
#1095=ORIENTED_EDGE('',*,*,#1878,.T.);
#1096=ORIENTED_EDGE('',*,*,#1874,.F.);
#1097=ORIENTED_EDGE('',*,*,#1879,.F.);
#1098=ORIENTED_EDGE('',*,*,#1876,.T.);
#1099=ORIENTED_EDGE('',*,*,#1880,.T.);
#1100=ORIENTED_EDGE('',*,*,#1864,.F.);
#1101=ORIENTED_EDGE('',*,*,#1881,.F.);
#1102=ORIENTED_EDGE('',*,*,#1869,.T.);
#1103=ORIENTED_EDGE('',*,*,#1873,.T.);
#1104=ORIENTED_EDGE('',*,*,#1877,.T.);
#1105=ORIENTED_EDGE('',*,*,#1879,.T.);
#1106=ORIENTED_EDGE('',*,*,#1863,.T.);
#1107=ORIENTED_EDGE('',*,*,#1867,.T.);
#1108=ORIENTED_EDGE('',*,*,#1870,.T.);
#1109=ORIENTED_EDGE('',*,*,#1881,.T.);
#1110=ORIENTED_EDGE('',*,*,#1871,.F.);
#1111=ORIENTED_EDGE('',*,*,#1878,.F.);
#1112=ORIENTED_EDGE('',*,*,#1875,.F.);
#1113=ORIENTED_EDGE('',*,*,#1861,.F.);
#1114=ORIENTED_EDGE('',*,*,#1880,.F.);
#1115=ORIENTED_EDGE('',*,*,#1868,.F.);
#1116=ORIENTED_EDGE('',*,*,#1865,.F.);
#1117=ORIENTED_EDGE('',*,*,#1882,.T.);
#1118=ORIENTED_EDGE('',*,*,#1883,.F.);
#1119=ORIENTED_EDGE('',*,*,#1884,.F.);
#1120=ORIENTED_EDGE('',*,*,#1885,.T.);
#1121=ORIENTED_EDGE('',*,*,#1886,.T.);
#1122=ORIENTED_EDGE('',*,*,#1887,.F.);
#1123=ORIENTED_EDGE('',*,*,#1888,.F.);
#1124=ORIENTED_EDGE('',*,*,#1883,.T.);
#1125=ORIENTED_EDGE('',*,*,#1889,.T.);
#1126=ORIENTED_EDGE('',*,*,#1890,.F.);
#1127=ORIENTED_EDGE('',*,*,#1891,.F.);
#1128=ORIENTED_EDGE('',*,*,#1887,.T.);
#1129=ORIENTED_EDGE('',*,*,#1892,.T.);
#1130=ORIENTED_EDGE('',*,*,#1885,.F.);
#1131=ORIENTED_EDGE('',*,*,#1893,.F.);
#1132=ORIENTED_EDGE('',*,*,#1890,.T.);
#1133=ORIENTED_EDGE('',*,*,#1884,.T.);
#1134=ORIENTED_EDGE('',*,*,#1888,.T.);
#1135=ORIENTED_EDGE('',*,*,#1891,.T.);
#1136=ORIENTED_EDGE('',*,*,#1893,.T.);
#1137=ORIENTED_EDGE('',*,*,#1882,.F.);
#1138=ORIENTED_EDGE('',*,*,#1892,.F.);
#1139=ORIENTED_EDGE('',*,*,#1889,.F.);
#1140=ORIENTED_EDGE('',*,*,#1886,.F.);
#1141=ORIENTED_EDGE('',*,*,#1894,.T.);
#1142=ORIENTED_EDGE('',*,*,#1895,.F.);
#1143=ORIENTED_EDGE('',*,*,#1896,.F.);
#1144=ORIENTED_EDGE('',*,*,#1897,.T.);
#1145=ORIENTED_EDGE('',*,*,#1898,.T.);
#1146=ORIENTED_EDGE('',*,*,#1899,.F.);
#1147=ORIENTED_EDGE('',*,*,#1900,.F.);
#1148=ORIENTED_EDGE('',*,*,#1895,.T.);
#1149=ORIENTED_EDGE('',*,*,#1901,.T.);
#1150=ORIENTED_EDGE('',*,*,#1902,.F.);
#1151=ORIENTED_EDGE('',*,*,#1903,.F.);
#1152=ORIENTED_EDGE('',*,*,#1899,.T.);
#1153=ORIENTED_EDGE('',*,*,#1904,.T.);
#1154=ORIENTED_EDGE('',*,*,#1905,.F.);
#1155=ORIENTED_EDGE('',*,*,#1906,.F.);
#1156=ORIENTED_EDGE('',*,*,#1902,.T.);
#1157=ORIENTED_EDGE('',*,*,#1907,.T.);
#1158=ORIENTED_EDGE('',*,*,#1908,.F.);
#1159=ORIENTED_EDGE('',*,*,#1909,.F.);
#1160=ORIENTED_EDGE('',*,*,#1905,.T.);
#1161=ORIENTED_EDGE('',*,*,#1910,.T.);
#1162=ORIENTED_EDGE('',*,*,#1897,.F.);
#1163=ORIENTED_EDGE('',*,*,#1911,.F.);
#1164=ORIENTED_EDGE('',*,*,#1908,.T.);
#1165=ORIENTED_EDGE('',*,*,#1896,.T.);
#1166=ORIENTED_EDGE('',*,*,#1900,.T.);
#1167=ORIENTED_EDGE('',*,*,#1903,.T.);
#1168=ORIENTED_EDGE('',*,*,#1906,.T.);
#1169=ORIENTED_EDGE('',*,*,#1909,.T.);
#1170=ORIENTED_EDGE('',*,*,#1911,.T.);
#1171=ORIENTED_EDGE('',*,*,#1894,.F.);
#1172=ORIENTED_EDGE('',*,*,#1910,.F.);
#1173=ORIENTED_EDGE('',*,*,#1907,.F.);
#1174=ORIENTED_EDGE('',*,*,#1904,.F.);
#1175=ORIENTED_EDGE('',*,*,#1901,.F.);
#1176=ORIENTED_EDGE('',*,*,#1898,.F.);
#1177=ORIENTED_EDGE('',*,*,#1912,.F.);
#1178=ORIENTED_EDGE('',*,*,#1913,.T.);
#1179=ORIENTED_EDGE('',*,*,#1914,.F.);
#1180=ORIENTED_EDGE('',*,*,#1915,.T.);
#1181=ORIENTED_EDGE('',*,*,#1912,.T.);
#1182=ORIENTED_EDGE('',*,*,#1914,.T.);
#1183=ORIENTED_EDGE('',*,*,#1913,.F.);
#1184=ORIENTED_EDGE('',*,*,#1915,.F.);
#1185=ORIENTED_EDGE('',*,*,#1916,.T.);
#1186=ORIENTED_EDGE('',*,*,#1917,.F.);
#1187=ORIENTED_EDGE('',*,*,#1918,.F.);
#1188=ORIENTED_EDGE('',*,*,#1919,.T.);
#1189=ORIENTED_EDGE('',*,*,#1920,.T.);
#1190=ORIENTED_EDGE('',*,*,#1921,.F.);
#1191=ORIENTED_EDGE('',*,*,#1922,.F.);
#1192=ORIENTED_EDGE('',*,*,#1917,.T.);
#1193=ORIENTED_EDGE('',*,*,#1923,.T.);
#1194=ORIENTED_EDGE('',*,*,#1924,.F.);
#1195=ORIENTED_EDGE('',*,*,#1925,.F.);
#1196=ORIENTED_EDGE('',*,*,#1921,.T.);
#1197=ORIENTED_EDGE('',*,*,#1926,.T.);
#1198=ORIENTED_EDGE('',*,*,#1927,.F.);
#1199=ORIENTED_EDGE('',*,*,#1928,.F.);
#1200=ORIENTED_EDGE('',*,*,#1929,.T.);
#1201=ORIENTED_EDGE('',*,*,#1930,.T.);
#1202=ORIENTED_EDGE('',*,*,#1931,.F.);
#1203=ORIENTED_EDGE('',*,*,#1932,.F.);
#1204=ORIENTED_EDGE('',*,*,#1927,.T.);
#1205=ORIENTED_EDGE('',*,*,#1933,.T.);
#1206=ORIENTED_EDGE('',*,*,#1929,.F.);
#1207=ORIENTED_EDGE('',*,*,#1934,.F.);
#1208=ORIENTED_EDGE('',*,*,#1931,.T.);
#1209=ORIENTED_EDGE('',*,*,#1935,.T.);
#1210=ORIENTED_EDGE('',*,*,#1919,.F.);
#1211=ORIENTED_EDGE('',*,*,#1936,.F.);
#1212=ORIENTED_EDGE('',*,*,#1924,.T.);
#1213=ORIENTED_EDGE('',*,*,#1928,.T.);
#1214=ORIENTED_EDGE('',*,*,#1932,.T.);
#1215=ORIENTED_EDGE('',*,*,#1934,.T.);
#1216=ORIENTED_EDGE('',*,*,#1918,.T.);
#1217=ORIENTED_EDGE('',*,*,#1922,.T.);
#1218=ORIENTED_EDGE('',*,*,#1925,.T.);
#1219=ORIENTED_EDGE('',*,*,#1936,.T.);
#1220=ORIENTED_EDGE('',*,*,#1926,.F.);
#1221=ORIENTED_EDGE('',*,*,#1933,.F.);
#1222=ORIENTED_EDGE('',*,*,#1930,.F.);
#1223=ORIENTED_EDGE('',*,*,#1916,.F.);
#1224=ORIENTED_EDGE('',*,*,#1935,.F.);
#1225=ORIENTED_EDGE('',*,*,#1923,.F.);
#1226=ORIENTED_EDGE('',*,*,#1920,.F.);
#1227=ORIENTED_EDGE('',*,*,#1937,.T.);
#1228=ORIENTED_EDGE('',*,*,#1938,.F.);
#1229=ORIENTED_EDGE('',*,*,#1939,.F.);
#1230=ORIENTED_EDGE('',*,*,#1940,.T.);
#1231=ORIENTED_EDGE('',*,*,#1941,.T.);
#1232=ORIENTED_EDGE('',*,*,#1942,.F.);
#1233=ORIENTED_EDGE('',*,*,#1943,.F.);
#1234=ORIENTED_EDGE('',*,*,#1938,.T.);
#1235=ORIENTED_EDGE('',*,*,#1944,.T.);
#1236=ORIENTED_EDGE('',*,*,#1945,.F.);
#1237=ORIENTED_EDGE('',*,*,#1946,.F.);
#1238=ORIENTED_EDGE('',*,*,#1942,.T.);
#1239=ORIENTED_EDGE('',*,*,#1947,.T.);
#1240=ORIENTED_EDGE('',*,*,#1948,.F.);
#1241=ORIENTED_EDGE('',*,*,#1949,.F.);
#1242=ORIENTED_EDGE('',*,*,#1945,.T.);
#1243=ORIENTED_EDGE('',*,*,#1950,.T.);
#1244=ORIENTED_EDGE('',*,*,#1951,.F.);
#1245=ORIENTED_EDGE('',*,*,#1952,.F.);
#1246=ORIENTED_EDGE('',*,*,#1948,.T.);
#1247=ORIENTED_EDGE('',*,*,#1953,.T.);
#1248=ORIENTED_EDGE('',*,*,#1954,.F.);
#1249=ORIENTED_EDGE('',*,*,#1955,.F.);
#1250=ORIENTED_EDGE('',*,*,#1951,.T.);
#1251=ORIENTED_EDGE('',*,*,#1956,.T.);
#1252=ORIENTED_EDGE('',*,*,#1957,.F.);
#1253=ORIENTED_EDGE('',*,*,#1958,.F.);
#1254=ORIENTED_EDGE('',*,*,#1954,.T.);
#1255=ORIENTED_EDGE('',*,*,#1959,.T.);
#1256=ORIENTED_EDGE('',*,*,#1960,.F.);
#1257=ORIENTED_EDGE('',*,*,#1961,.F.);
#1258=ORIENTED_EDGE('',*,*,#1957,.T.);
#1259=ORIENTED_EDGE('',*,*,#1962,.T.);
#1260=ORIENTED_EDGE('',*,*,#1963,.F.);
#1261=ORIENTED_EDGE('',*,*,#1964,.F.);
#1262=ORIENTED_EDGE('',*,*,#1960,.T.);
#1263=ORIENTED_EDGE('',*,*,#1965,.T.);
#1264=ORIENTED_EDGE('',*,*,#1966,.F.);
#1265=ORIENTED_EDGE('',*,*,#1967,.F.);
#1266=ORIENTED_EDGE('',*,*,#1963,.T.);
#1267=ORIENTED_EDGE('',*,*,#1968,.T.);
#1268=ORIENTED_EDGE('',*,*,#1969,.F.);
#1269=ORIENTED_EDGE('',*,*,#1970,.F.);
#1270=ORIENTED_EDGE('',*,*,#1966,.T.);
#1271=ORIENTED_EDGE('',*,*,#1971,.T.);
#1272=ORIENTED_EDGE('',*,*,#1972,.F.);
#1273=ORIENTED_EDGE('',*,*,#1973,.F.);
#1274=ORIENTED_EDGE('',*,*,#1969,.T.);
#1275=ORIENTED_EDGE('',*,*,#1974,.T.);
#1276=ORIENTED_EDGE('',*,*,#1940,.F.);
#1277=ORIENTED_EDGE('',*,*,#1975,.F.);
#1278=ORIENTED_EDGE('',*,*,#1972,.T.);
#1279=ORIENTED_EDGE('',*,*,#1939,.T.);
#1280=ORIENTED_EDGE('',*,*,#1943,.T.);
#1281=ORIENTED_EDGE('',*,*,#1946,.T.);
#1282=ORIENTED_EDGE('',*,*,#1949,.T.);
#1283=ORIENTED_EDGE('',*,*,#1952,.T.);
#1284=ORIENTED_EDGE('',*,*,#1955,.T.);
#1285=ORIENTED_EDGE('',*,*,#1958,.T.);
#1286=ORIENTED_EDGE('',*,*,#1961,.T.);
#1287=ORIENTED_EDGE('',*,*,#1964,.T.);
#1288=ORIENTED_EDGE('',*,*,#1967,.T.);
#1289=ORIENTED_EDGE('',*,*,#1970,.T.);
#1290=ORIENTED_EDGE('',*,*,#1973,.T.);
#1291=ORIENTED_EDGE('',*,*,#1975,.T.);
#1292=ORIENTED_EDGE('',*,*,#1937,.F.);
#1293=ORIENTED_EDGE('',*,*,#1974,.F.);
#1294=ORIENTED_EDGE('',*,*,#1971,.F.);
#1295=ORIENTED_EDGE('',*,*,#1968,.F.);
#1296=ORIENTED_EDGE('',*,*,#1965,.F.);
#1297=ORIENTED_EDGE('',*,*,#1962,.F.);
#1298=ORIENTED_EDGE('',*,*,#1959,.F.);
#1299=ORIENTED_EDGE('',*,*,#1956,.F.);
#1300=ORIENTED_EDGE('',*,*,#1953,.F.);
#1301=ORIENTED_EDGE('',*,*,#1950,.F.);
#1302=ORIENTED_EDGE('',*,*,#1947,.F.);
#1303=ORIENTED_EDGE('',*,*,#1944,.F.);
#1304=ORIENTED_EDGE('',*,*,#1941,.F.);
#1305=ORIENTED_EDGE('',*,*,#1976,.T.);
#1306=ORIENTED_EDGE('',*,*,#1977,.F.);
#1307=ORIENTED_EDGE('',*,*,#1978,.F.);
#1308=ORIENTED_EDGE('',*,*,#1979,.T.);
#1309=ORIENTED_EDGE('',*,*,#1980,.T.);
#1310=ORIENTED_EDGE('',*,*,#1981,.F.);
#1311=ORIENTED_EDGE('',*,*,#1982,.F.);
#1312=ORIENTED_EDGE('',*,*,#1977,.T.);
#1313=ORIENTED_EDGE('',*,*,#1983,.T.);
#1314=ORIENTED_EDGE('',*,*,#1984,.F.);
#1315=ORIENTED_EDGE('',*,*,#1985,.F.);
#1316=ORIENTED_EDGE('',*,*,#1981,.T.);
#1317=ORIENTED_EDGE('',*,*,#1986,.T.);
#1318=ORIENTED_EDGE('',*,*,#1987,.F.);
#1319=ORIENTED_EDGE('',*,*,#1988,.F.);
#1320=ORIENTED_EDGE('',*,*,#1984,.T.);
#1321=ORIENTED_EDGE('',*,*,#1989,.T.);
#1322=ORIENTED_EDGE('',*,*,#1990,.F.);
#1323=ORIENTED_EDGE('',*,*,#1991,.F.);
#1324=ORIENTED_EDGE('',*,*,#1987,.T.);
#1325=ORIENTED_EDGE('',*,*,#1992,.T.);
#1326=ORIENTED_EDGE('',*,*,#1993,.F.);
#1327=ORIENTED_EDGE('',*,*,#1994,.F.);
#1328=ORIENTED_EDGE('',*,*,#1990,.T.);
#1329=ORIENTED_EDGE('',*,*,#1995,.T.);
#1330=ORIENTED_EDGE('',*,*,#1996,.F.);
#1331=ORIENTED_EDGE('',*,*,#1997,.F.);
#1332=ORIENTED_EDGE('',*,*,#1993,.T.);
#1333=ORIENTED_EDGE('',*,*,#1998,.T.);
#1334=ORIENTED_EDGE('',*,*,#1999,.F.);
#1335=ORIENTED_EDGE('',*,*,#2000,.F.);
#1336=ORIENTED_EDGE('',*,*,#1996,.T.);
#1337=ORIENTED_EDGE('',*,*,#2001,.T.);
#1338=ORIENTED_EDGE('',*,*,#2002,.F.);
#1339=ORIENTED_EDGE('',*,*,#2003,.F.);
#1340=ORIENTED_EDGE('',*,*,#1999,.T.);
#1341=ORIENTED_EDGE('',*,*,#2004,.T.);
#1342=ORIENTED_EDGE('',*,*,#2005,.F.);
#1343=ORIENTED_EDGE('',*,*,#2006,.F.);
#1344=ORIENTED_EDGE('',*,*,#2002,.T.);
#1345=ORIENTED_EDGE('',*,*,#2007,.T.);
#1346=ORIENTED_EDGE('',*,*,#2008,.F.);
#1347=ORIENTED_EDGE('',*,*,#2009,.F.);
#1348=ORIENTED_EDGE('',*,*,#2005,.T.);
#1349=ORIENTED_EDGE('',*,*,#2010,.T.);
#1350=ORIENTED_EDGE('',*,*,#2011,.F.);
#1351=ORIENTED_EDGE('',*,*,#2012,.F.);
#1352=ORIENTED_EDGE('',*,*,#2008,.T.);
#1353=ORIENTED_EDGE('',*,*,#2013,.T.);
#1354=ORIENTED_EDGE('',*,*,#1979,.F.);
#1355=ORIENTED_EDGE('',*,*,#2014,.F.);
#1356=ORIENTED_EDGE('',*,*,#2011,.T.);
#1357=ORIENTED_EDGE('',*,*,#1978,.T.);
#1358=ORIENTED_EDGE('',*,*,#1982,.T.);
#1359=ORIENTED_EDGE('',*,*,#1985,.T.);
#1360=ORIENTED_EDGE('',*,*,#1988,.T.);
#1361=ORIENTED_EDGE('',*,*,#1991,.T.);
#1362=ORIENTED_EDGE('',*,*,#1994,.T.);
#1363=ORIENTED_EDGE('',*,*,#1997,.T.);
#1364=ORIENTED_EDGE('',*,*,#2000,.T.);
#1365=ORIENTED_EDGE('',*,*,#2003,.T.);
#1366=ORIENTED_EDGE('',*,*,#2006,.T.);
#1367=ORIENTED_EDGE('',*,*,#2009,.T.);
#1368=ORIENTED_EDGE('',*,*,#2012,.T.);
#1369=ORIENTED_EDGE('',*,*,#2014,.T.);
#1370=ORIENTED_EDGE('',*,*,#1976,.F.);
#1371=ORIENTED_EDGE('',*,*,#2013,.F.);
#1372=ORIENTED_EDGE('',*,*,#2010,.F.);
#1373=ORIENTED_EDGE('',*,*,#2007,.F.);
#1374=ORIENTED_EDGE('',*,*,#2004,.F.);
#1375=ORIENTED_EDGE('',*,*,#2001,.F.);
#1376=ORIENTED_EDGE('',*,*,#1998,.F.);
#1377=ORIENTED_EDGE('',*,*,#1995,.F.);
#1378=ORIENTED_EDGE('',*,*,#1992,.F.);
#1379=ORIENTED_EDGE('',*,*,#1989,.F.);
#1380=ORIENTED_EDGE('',*,*,#1986,.F.);
#1381=ORIENTED_EDGE('',*,*,#1983,.F.);
#1382=ORIENTED_EDGE('',*,*,#1980,.F.);
#1383=ORIENTED_EDGE('',*,*,#2015,.T.);
#1384=ORIENTED_EDGE('',*,*,#2016,.F.);
#1385=ORIENTED_EDGE('',*,*,#2017,.F.);
#1386=ORIENTED_EDGE('',*,*,#2018,.T.);
#1387=ORIENTED_EDGE('',*,*,#2019,.T.);
#1388=ORIENTED_EDGE('',*,*,#2020,.F.);
#1389=ORIENTED_EDGE('',*,*,#2021,.F.);
#1390=ORIENTED_EDGE('',*,*,#2016,.T.);
#1391=ORIENTED_EDGE('',*,*,#2022,.T.);
#1392=ORIENTED_EDGE('',*,*,#2023,.F.);
#1393=ORIENTED_EDGE('',*,*,#2024,.F.);
#1394=ORIENTED_EDGE('',*,*,#2020,.T.);
#1395=ORIENTED_EDGE('',*,*,#2025,.T.);
#1396=ORIENTED_EDGE('',*,*,#2018,.F.);
#1397=ORIENTED_EDGE('',*,*,#2026,.F.);
#1398=ORIENTED_EDGE('',*,*,#2023,.T.);
#1399=ORIENTED_EDGE('',*,*,#2017,.T.);
#1400=ORIENTED_EDGE('',*,*,#2021,.T.);
#1401=ORIENTED_EDGE('',*,*,#2024,.T.);
#1402=ORIENTED_EDGE('',*,*,#2026,.T.);
#1403=ORIENTED_EDGE('',*,*,#2015,.F.);
#1404=ORIENTED_EDGE('',*,*,#2025,.F.);
#1405=ORIENTED_EDGE('',*,*,#2022,.F.);
#1406=ORIENTED_EDGE('',*,*,#2019,.F.);
#1407=ORIENTED_EDGE('',*,*,#2027,.T.);
#1408=ORIENTED_EDGE('',*,*,#2028,.F.);
#1409=ORIENTED_EDGE('',*,*,#2029,.F.);
#1410=ORIENTED_EDGE('',*,*,#2030,.T.);
#1411=ORIENTED_EDGE('',*,*,#2031,.T.);
#1412=ORIENTED_EDGE('',*,*,#2032,.F.);
#1413=ORIENTED_EDGE('',*,*,#2033,.F.);
#1414=ORIENTED_EDGE('',*,*,#2028,.T.);
#1415=ORIENTED_EDGE('',*,*,#2034,.T.);
#1416=ORIENTED_EDGE('',*,*,#2035,.F.);
#1417=ORIENTED_EDGE('',*,*,#2036,.F.);
#1418=ORIENTED_EDGE('',*,*,#2032,.T.);
#1419=ORIENTED_EDGE('',*,*,#2037,.T.);
#1420=ORIENTED_EDGE('',*,*,#2038,.F.);
#1421=ORIENTED_EDGE('',*,*,#2039,.F.);
#1422=ORIENTED_EDGE('',*,*,#2040,.T.);
#1423=ORIENTED_EDGE('',*,*,#2041,.T.);
#1424=ORIENTED_EDGE('',*,*,#2042,.F.);
#1425=ORIENTED_EDGE('',*,*,#2043,.F.);
#1426=ORIENTED_EDGE('',*,*,#2038,.T.);
#1427=ORIENTED_EDGE('',*,*,#2044,.T.);
#1428=ORIENTED_EDGE('',*,*,#2040,.F.);
#1429=ORIENTED_EDGE('',*,*,#2045,.F.);
#1430=ORIENTED_EDGE('',*,*,#2042,.T.);
#1431=ORIENTED_EDGE('',*,*,#2046,.T.);
#1432=ORIENTED_EDGE('',*,*,#2030,.F.);
#1433=ORIENTED_EDGE('',*,*,#2047,.F.);
#1434=ORIENTED_EDGE('',*,*,#2035,.T.);
#1435=ORIENTED_EDGE('',*,*,#2039,.T.);
#1436=ORIENTED_EDGE('',*,*,#2043,.T.);
#1437=ORIENTED_EDGE('',*,*,#2045,.T.);
#1438=ORIENTED_EDGE('',*,*,#2029,.T.);
#1439=ORIENTED_EDGE('',*,*,#2033,.T.);
#1440=ORIENTED_EDGE('',*,*,#2036,.T.);
#1441=ORIENTED_EDGE('',*,*,#2047,.T.);
#1442=ORIENTED_EDGE('',*,*,#2037,.F.);
#1443=ORIENTED_EDGE('',*,*,#2044,.F.);
#1444=ORIENTED_EDGE('',*,*,#2041,.F.);
#1445=ORIENTED_EDGE('',*,*,#2027,.F.);
#1446=ORIENTED_EDGE('',*,*,#2046,.F.);
#1447=ORIENTED_EDGE('',*,*,#2034,.F.);
#1448=ORIENTED_EDGE('',*,*,#2031,.F.);
#1449=ORIENTED_EDGE('',*,*,#2048,.T.);
#1450=ORIENTED_EDGE('',*,*,#2049,.F.);
#1451=ORIENTED_EDGE('',*,*,#2050,.F.);
#1452=ORIENTED_EDGE('',*,*,#2051,.T.);
#1453=ORIENTED_EDGE('',*,*,#2052,.T.);
#1454=ORIENTED_EDGE('',*,*,#2053,.F.);
#1455=ORIENTED_EDGE('',*,*,#2054,.F.);
#1456=ORIENTED_EDGE('',*,*,#2049,.T.);
#1457=ORIENTED_EDGE('',*,*,#2055,.T.);
#1458=ORIENTED_EDGE('',*,*,#2056,.F.);
#1459=ORIENTED_EDGE('',*,*,#2057,.F.);
#1460=ORIENTED_EDGE('',*,*,#2053,.T.);
#1461=ORIENTED_EDGE('',*,*,#2058,.T.);
#1462=ORIENTED_EDGE('',*,*,#2059,.F.);
#1463=ORIENTED_EDGE('',*,*,#2060,.F.);
#1464=ORIENTED_EDGE('',*,*,#2056,.T.);
#1465=ORIENTED_EDGE('',*,*,#2061,.T.);
#1466=ORIENTED_EDGE('',*,*,#2062,.F.);
#1467=ORIENTED_EDGE('',*,*,#2063,.F.);
#1468=ORIENTED_EDGE('',*,*,#2059,.T.);
#1469=ORIENTED_EDGE('',*,*,#2064,.T.);
#1470=ORIENTED_EDGE('',*,*,#2065,.F.);
#1471=ORIENTED_EDGE('',*,*,#2066,.F.);
#1472=ORIENTED_EDGE('',*,*,#2062,.T.);
#1473=ORIENTED_EDGE('',*,*,#2067,.T.);
#1474=ORIENTED_EDGE('',*,*,#2051,.F.);
#1475=ORIENTED_EDGE('',*,*,#2068,.F.);
#1476=ORIENTED_EDGE('',*,*,#2065,.T.);
#1477=ORIENTED_EDGE('',*,*,#2050,.T.);
#1478=ORIENTED_EDGE('',*,*,#2054,.T.);
#1479=ORIENTED_EDGE('',*,*,#2057,.T.);
#1480=ORIENTED_EDGE('',*,*,#2060,.T.);
#1481=ORIENTED_EDGE('',*,*,#2063,.T.);
#1482=ORIENTED_EDGE('',*,*,#2066,.T.);
#1483=ORIENTED_EDGE('',*,*,#2068,.T.);
#1484=ORIENTED_EDGE('',*,*,#2048,.F.);
#1485=ORIENTED_EDGE('',*,*,#2067,.F.);
#1486=ORIENTED_EDGE('',*,*,#2064,.F.);
#1487=ORIENTED_EDGE('',*,*,#2061,.F.);
#1488=ORIENTED_EDGE('',*,*,#2058,.F.);
#1489=ORIENTED_EDGE('',*,*,#2055,.F.);
#1490=ORIENTED_EDGE('',*,*,#2052,.F.);
#1491=EDGE_CURVE('',#2069,#2070,#2449,.T.);
#1492=EDGE_CURVE('',#2069,#2071,#2450,.T.);
#1493=EDGE_CURVE('',#2072,#2071,#2451,.T.);
#1494=EDGE_CURVE('',#2070,#2072,#2452,.T.);
#1495=EDGE_CURVE('',#2073,#2074,#2453,.T.);
#1496=EDGE_CURVE('',#2074,#2075,#2454,.T.);
#1497=EDGE_CURVE('',#2073,#2075,#2455,.T.);
#1498=EDGE_CURVE('',#2076,#2077,#2456,.T.);
#1499=EDGE_CURVE('',#2078,#2076,#2457,.T.);
#1500=EDGE_CURVE('',#2077,#2078,#2458,.T.);
#1501=EDGE_CURVE('',#2079,#2078,#2459,.T.);
#1502=EDGE_CURVE('',#2076,#2080,#2460,.T.);
#1503=EDGE_CURVE('',#2080,#2081,#2461,.T.);
#1504=EDGE_CURVE('',#2082,#2081,#2462,.T.);
#1505=EDGE_CURVE('',#2082,#2083,#2457,.T.);
#1506=EDGE_CURVE('',#2083,#2084,#2463,.T.);
#1507=EDGE_CURVE('',#2084,#2085,#2464,.T.);
#1508=EDGE_CURVE('',#2086,#2085,#2465,.T.);
#1509=EDGE_CURVE('',#2086,#2087,#2466,.T.);
#1510=EDGE_CURVE('',#2087,#2088,#2467,.T.);
#1511=EDGE_CURVE('',#2088,#2079,#2464,.T.);
#1512=EDGE_CURVE('',#2089,#2090,#2463,.T.);
#1513=EDGE_CURVE('',#2090,#2091,#2455,.T.);
#1514=EDGE_CURVE('',#2092,#2091,#2462,.T.);
#1515=EDGE_CURVE('',#2092,#2093,#2468,.T.);
#1516=EDGE_CURVE('',#2093,#2073,#2460,.T.);
#1517=EDGE_CURVE('',#2075,#2094,#2459,.T.);
#1518=EDGE_CURVE('',#2094,#2089,#2469,.T.);
#1519=EDGE_CURVE('',#2095,#2096,#2470,.T.);
#1520=EDGE_CURVE('',#2096,#2094,#2471,.T.);
#1521=EDGE_CURVE('',#2074,#2077,#2472,.T.);
#1522=EDGE_CURVE('',#2097,#2079,#2473,.T.);
#1523=EDGE_CURVE('',#2097,#2098,#2474,.T.);
#1524=EDGE_CURVE('',#2098,#2099,#2475,.T.);
#1525=EDGE_CURVE('',#2100,#2099,#2459,.T.);
#1526=EDGE_CURVE('',#2095,#2100,#2476,.T.);
#1527=EDGE_CURVE('',#2101,#2102,#2477,.T.);
#1528=EDGE_CURVE('',#2103,#2101,#2478,.T.);
#1529=EDGE_CURVE('',#2104,#2103,#2479,.T.);
#1530=EDGE_CURVE('',#2105,#2104,#2480,.T.);
#1531=EDGE_CURVE('',#2070,#2105,#2481,.T.);
#1532=EDGE_CURVE('',#2072,#2106,#2482,.T.);
#1533=EDGE_CURVE('',#2107,#2106,#2463,.T.);
#1534=EDGE_CURVE('',#2108,#2107,#2483,.T.);
#1535=EDGE_CURVE('',#2108,#2109,#2484,.T.);
#1536=EDGE_CURVE('',#2109,#2084,#2485,.T.);
#1537=EDGE_CURVE('',#2110,#2083,#2486,.T.);
#1538=EDGE_CURVE('',#2110,#2111,#2487,.T.);
#1539=EDGE_CURVE('',#2111,#2090,#2488,.T.);
#1540=EDGE_CURVE('',#2112,#2089,#2489,.T.);
#1541=EDGE_CURVE('',#2112,#2113,#2452,.T.);
#1542=EDGE_CURVE('',#2114,#2113,#2490,.T.);
#1543=EDGE_CURVE('',#2102,#2114,#2491,.T.);
#1544=EDGE_CURVE('',#2088,#2097,#2492,.T.);
#1545=EDGE_CURVE('',#2115,#2098,#2493,.T.);
#1546=EDGE_CURVE('',#2099,#2115,#2494,.T.);
#1547=EDGE_CURVE('',#2115,#2116,#2467,.T.);
#1548=EDGE_CURVE('',#2116,#2117,#2495,.T.);
#1549=EDGE_CURVE('',#2118,#2117,#2465,.T.);
#1550=EDGE_CURVE('',#2118,#2107,#2494,.T.);
#1551=EDGE_CURVE('',#2106,#2100,#2496,.T.);
#1552=EDGE_CURVE('',#2119,#2120,#2497,.T.);
#1553=EDGE_CURVE('',#2120,#2121,#2498,.T.);
#1554=EDGE_CURVE('',#2121,#2095,#2451,.T.);
#1555=EDGE_CURVE('',#2071,#2119,#2499,.T.);
#1556=EDGE_CURVE('',#2122,#2123,#2500,.T.);
#1557=EDGE_CURVE('',#2122,#2124,#2501,.T.);
#1558=EDGE_CURVE('',#2124,#2125,#2502,.T.);
#1559=EDGE_CURVE('',#2126,#2125,#2503,.T.);
#1560=EDGE_CURVE('',#2127,#2126,#2504,.T.);
#1561=EDGE_CURVE('',#2123,#2127,#2505,.T.);
#1562=EDGE_CURVE('',#2128,#2129,#2506,.T.);
#1563=EDGE_CURVE('',#2130,#2128,#2507,.T.);
#1564=EDGE_CURVE('',#2131,#2130,#2508,.T.);
#1565=EDGE_CURVE('',#2131,#2132,#2509,.T.);
#1566=EDGE_CURVE('',#2132,#2133,#2510,.T.);
#1567=EDGE_CURVE('',#2129,#2133,#2511,.T.);
#1568=EDGE_CURVE('',#2126,#2131,#2512,.T.);
#1569=EDGE_CURVE('',#2134,#2130,#2513,.T.);
#1570=EDGE_CURVE('',#2096,#2134,#2514,.T.);
#1571=EDGE_CURVE('',#2127,#2121,#2513,.T.);
#1572=EDGE_CURVE('',#2135,#2136,#2515,.T.);
#1573=EDGE_CURVE('',#2135,#2112,#2514,.T.);
#1574=EDGE_CURVE('',#2137,#2134,#2516,.T.);
#1575=EDGE_CURVE('',#2136,#2137,#2517,.T.);
#1576=EDGE_CURVE('',#2138,#2139,#2518,.T.);
#1577=EDGE_CURVE('',#2139,#2140,#2519,.T.);
#1578=EDGE_CURVE('',#2140,#2141,#2520,.T.);
#1579=EDGE_CURVE('',#2141,#2142,#2521,.T.);
#1580=EDGE_CURVE('',#2135,#2142,#2450,.T.);
#1581=EDGE_CURVE('',#2136,#2129,#2522,.T.);
#1582=EDGE_CURVE('',#2133,#2124,#2523,.T.);
#1583=EDGE_CURVE('',#2122,#2119,#2522,.T.);
#1584=EDGE_CURVE('',#2069,#2143,#2524,.T.);
#1585=EDGE_CURVE('',#2143,#2144,#2525,.T.);
#1586=EDGE_CURVE('',#2144,#2138,#2526,.T.);
#1587=EDGE_CURVE('',#2125,#2132,#2527,.T.);
#1588=EDGE_CURVE('',#2142,#2113,#2528,.T.);
#1589=EDGE_CURVE('',#2145,#2146,#2529,.T.);
#1590=EDGE_CURVE('',#2147,#2145,#2530,.T.);
#1591=EDGE_CURVE('',#2148,#2147,#2531,.T.);
#1592=EDGE_CURVE('',#2146,#2148,#2532,.T.);
#1593=EDGE_CURVE('',#2149,#2150,#2533,.T.);
#1594=EDGE_CURVE('',#2151,#2149,#2534,.T.);
#1595=EDGE_CURVE('',#2152,#2151,#2535,.T.);
#1596=EDGE_CURVE('',#2150,#2152,#2536,.T.);
#1597=EDGE_CURVE('',#2153,#2154,#2537,.T.);
#1598=EDGE_CURVE('',#2148,#2153,#2538,.T.);
#1599=EDGE_CURVE('',#2147,#2154,#2539,.T.);
#1600=EDGE_CURVE('',#2155,#2153,#2540,.T.);
#1601=EDGE_CURVE('',#2146,#2155,#2541,.T.);
#1602=EDGE_CURVE('',#2156,#2155,#2542,.T.);
#1603=EDGE_CURVE('',#2145,#2156,#2543,.T.);
#1604=EDGE_CURVE('',#2154,#2156,#2544,.T.);
#1605=EDGE_CURVE('',#2157,#2158,#2545,.T.);
#1606=EDGE_CURVE('',#2151,#2157,#2546,.T.);
#1607=EDGE_CURVE('',#2149,#2158,#2547,.T.);
#1608=EDGE_CURVE('',#2159,#2157,#2548,.T.);
#1609=EDGE_CURVE('',#2152,#2159,#2549,.T.);
#1610=EDGE_CURVE('',#2160,#2159,#2550,.T.);
#1611=EDGE_CURVE('',#2150,#2160,#2551,.T.);
#1612=EDGE_CURVE('',#2158,#2160,#2552,.T.);
#1613=EDGE_CURVE('',#2154,#2161,#2553,.T.);
#1614=EDGE_CURVE('',#2161,#2162,#2554,.T.);
#1615=EDGE_CURVE('',#2153,#2162,#2555,.T.);
#1616=EDGE_CURVE('',#2162,#2163,#2556,.T.);
#1617=EDGE_CURVE('',#2155,#2163,#2557,.T.);
#1618=EDGE_CURVE('',#2163,#2164,#2558,.T.);
#1619=EDGE_CURVE('',#2156,#2164,#2559,.T.);
#1620=EDGE_CURVE('',#2164,#2161,#2560,.T.);
#1621=EDGE_CURVE('',#2158,#2165,#2561,.T.);
#1622=EDGE_CURVE('',#2165,#2166,#2562,.T.);
#1623=EDGE_CURVE('',#2157,#2166,#2563,.T.);
#1624=EDGE_CURVE('',#2166,#2167,#2564,.T.);
#1625=EDGE_CURVE('',#2159,#2167,#2565,.T.);
#1626=EDGE_CURVE('',#2167,#2168,#2566,.T.);
#1627=EDGE_CURVE('',#2160,#2168,#2567,.T.);
#1628=EDGE_CURVE('',#2168,#2165,#2568,.T.);
#1629=EDGE_CURVE('',#2137,#2128,#2569,.T.);
#1630=EDGE_CURVE('',#2123,#2120,#2569,.T.);
#1631=EDGE_CURVE('',#2109,#2085,#2570,.T.);
#1632=EDGE_CURVE('',#2108,#2118,#2571,.T.);
#1633=EDGE_CURVE('',#2087,#2116,#2572,.T.);
#1634=EDGE_CURVE('',#2117,#2086,#2465,.T.);
#1635=EDGE_CURVE('',#2169,#2170,#2573,.T.);
#1636=EDGE_CURVE('',#2171,#2169,#2574,.T.);
#1637=EDGE_CURVE('',#2172,#2171,#2575,.T.);
#1638=EDGE_CURVE('',#2170,#2172,#2576,.T.);
#1639=EDGE_CURVE('',#2173,#2174,#2577,.T.);
#1640=EDGE_CURVE('',#2171,#2174,#2578,.T.);
#1641=EDGE_CURVE('',#2169,#2173,#2579,.T.);
#1642=EDGE_CURVE('',#2175,#2173,#2580,.T.);
#1643=EDGE_CURVE('',#2170,#2175,#2581,.T.);
#1644=EDGE_CURVE('',#2176,#2175,#2582,.T.);
#1645=EDGE_CURVE('',#2172,#2176,#2583,.T.);
#1646=EDGE_CURVE('',#2174,#2176,#2584,.T.);
#1647=EDGE_CURVE('',#2086,#2176,#2563,.T.);
#1648=EDGE_CURVE('',#2087,#2174,#2565,.T.);
#1649=EDGE_CURVE('',#2117,#2175,#2561,.T.);
#1650=EDGE_CURVE('',#2116,#2173,#2567,.T.);
#1651=EDGE_CURVE('',#2111,#2091,#2585,.T.);
#1652=EDGE_CURVE('',#2110,#2082,#2586,.T.);
#1653=EDGE_CURVE('',#2080,#2093,#2460,.T.);
#1654=EDGE_CURVE('',#2081,#2092,#2462,.T.);
#1655=EDGE_CURVE('',#2177,#2178,#2587,.T.);
#1656=EDGE_CURVE('',#2179,#2177,#2588,.T.);
#1657=EDGE_CURVE('',#2180,#2179,#2589,.T.);
#1658=EDGE_CURVE('',#2178,#2180,#2590,.T.);
#1659=EDGE_CURVE('',#2181,#2182,#2591,.T.);
#1660=EDGE_CURVE('',#2177,#2182,#2592,.T.);
#1661=EDGE_CURVE('',#2178,#2181,#2593,.T.);
#1662=EDGE_CURVE('',#2183,#2181,#2594,.T.);
#1663=EDGE_CURVE('',#2180,#2183,#2595,.T.);
#1664=EDGE_CURVE('',#2184,#2183,#2596,.T.);
#1665=EDGE_CURVE('',#2179,#2184,#2597,.T.);
#1666=EDGE_CURVE('',#2182,#2184,#2598,.T.);
#1667=EDGE_CURVE('',#2093,#2184,#2555,.T.);
#1668=EDGE_CURVE('',#2080,#2182,#2557,.T.);
#1669=EDGE_CURVE('',#2092,#2183,#2553,.T.);
#1670=EDGE_CURVE('',#2081,#2181,#2559,.T.);
#1671=EDGE_CURVE('',#2139,#2101,#2599,.T.);
#1672=EDGE_CURVE('',#2138,#2103,#2600,.T.);
#1673=EDGE_CURVE('',#2143,#2105,#2601,.T.);
#1674=EDGE_CURVE('',#2144,#2104,#2602,.T.);
#1675=EDGE_CURVE('',#2140,#2102,#2603,.T.);
#1676=EDGE_CURVE('',#2141,#2114,#2604,.T.);
#1677=EDGE_CURVE('',#2185,#2186,#69,.T.);
#1678=EDGE_CURVE('',#2187,#2186,#2605,.T.);
#1679=EDGE_CURVE('',#2188,#2187,#70,.T.);
#1680=EDGE_CURVE('',#2188,#2185,#2606,.T.);
#1681=EDGE_CURVE('',#2186,#2189,#71,.T.);
#1682=EDGE_CURVE('',#2190,#2189,#2607,.T.);
#1683=EDGE_CURVE('',#2187,#2190,#72,.T.);
#1684=EDGE_CURVE('',#2189,#2191,#73,.T.);
#1685=EDGE_CURVE('',#2192,#2191,#2608,.T.);
#1686=EDGE_CURVE('',#2190,#2192,#74,.T.);
#1687=EDGE_CURVE('',#2191,#2193,#75,.T.);
#1688=EDGE_CURVE('',#2194,#2193,#2609,.T.);
#1689=EDGE_CURVE('',#2192,#2194,#76,.T.);
#1690=EDGE_CURVE('',#2193,#2185,#77,.T.);
#1691=EDGE_CURVE('',#2194,#2188,#78,.T.);
#1692=EDGE_CURVE('',#2195,#2195,#79,.T.);
#1693=EDGE_CURVE('',#2196,#2196,#80,.T.);
#1694=EDGE_CURVE('',#2197,#2197,#81,.T.);
#1695=EDGE_CURVE('',#2198,#2198,#82,.T.);
#1696=EDGE_CURVE('',#2199,#2200,#83,.T.);
#1697=EDGE_CURVE('',#2201,#2200,#2610,.T.);
#1698=EDGE_CURVE('',#2202,#2201,#84,.T.);
#1699=EDGE_CURVE('',#2202,#2199,#2611,.T.);
#1700=EDGE_CURVE('',#2200,#2203,#85,.T.);
#1701=EDGE_CURVE('',#2204,#2203,#2612,.T.);
#1702=EDGE_CURVE('',#2201,#2204,#86,.T.);
#1703=EDGE_CURVE('',#2203,#2205,#87,.T.);
#1704=EDGE_CURVE('',#2206,#2205,#2613,.T.);
#1705=EDGE_CURVE('',#2204,#2206,#88,.T.);
#1706=EDGE_CURVE('',#2205,#2207,#89,.T.);
#1707=EDGE_CURVE('',#2208,#2207,#2614,.T.);
#1708=EDGE_CURVE('',#2206,#2208,#90,.T.);
#1709=EDGE_CURVE('',#2207,#2209,#91,.T.);
#1710=EDGE_CURVE('',#2210,#2209,#2615,.T.);
#1711=EDGE_CURVE('',#2208,#2210,#92,.T.);
#1712=EDGE_CURVE('',#2209,#2211,#93,.T.);
#1713=EDGE_CURVE('',#2212,#2211,#2616,.T.);
#1714=EDGE_CURVE('',#2210,#2212,#94,.T.);
#1715=EDGE_CURVE('',#2211,#2213,#95,.T.);
#1716=EDGE_CURVE('',#2214,#2213,#2617,.T.);
#1717=EDGE_CURVE('',#2212,#2214,#96,.T.);
#1718=EDGE_CURVE('',#2213,#2199,#97,.T.);
#1719=EDGE_CURVE('',#2214,#2202,#98,.T.);
#1720=EDGE_CURVE('',#2215,#2216,#99,.T.);
#1721=EDGE_CURVE('',#2217,#2216,#2618,.T.);
#1722=EDGE_CURVE('',#2218,#2217,#100,.T.);
#1723=EDGE_CURVE('',#2218,#2215,#2619,.T.);
#1724=EDGE_CURVE('',#2216,#2219,#101,.T.);
#1725=EDGE_CURVE('',#2220,#2219,#2620,.T.);
#1726=EDGE_CURVE('',#2217,#2220,#102,.T.);
#1727=EDGE_CURVE('',#2219,#2221,#103,.T.);
#1728=EDGE_CURVE('',#2222,#2221,#2621,.T.);
#1729=EDGE_CURVE('',#2220,#2222,#104,.T.);
#1730=EDGE_CURVE('',#2221,#2223,#105,.T.);
#1731=EDGE_CURVE('',#2224,#2223,#2622,.T.);
#1732=EDGE_CURVE('',#2222,#2224,#106,.T.);
#1733=EDGE_CURVE('',#2223,#2225,#107,.T.);
#1734=EDGE_CURVE('',#2226,#2225,#2623,.T.);
#1735=EDGE_CURVE('',#2224,#2226,#108,.T.);
#1736=EDGE_CURVE('',#2225,#2215,#109,.T.);
#1737=EDGE_CURVE('',#2226,#2218,#110,.T.);
#1738=EDGE_CURVE('',#2227,#2228,#111,.T.);
#1739=EDGE_CURVE('',#2229,#2228,#2624,.T.);
#1740=EDGE_CURVE('',#2230,#2229,#112,.T.);
#1741=EDGE_CURVE('',#2230,#2227,#2625,.T.);
#1742=EDGE_CURVE('',#2228,#2231,#113,.T.);
#1743=EDGE_CURVE('',#2232,#2231,#2626,.T.);
#1744=EDGE_CURVE('',#2229,#2232,#114,.T.);
#1745=EDGE_CURVE('',#2231,#2233,#115,.T.);
#1746=EDGE_CURVE('',#2234,#2233,#2627,.T.);
#1747=EDGE_CURVE('',#2232,#2234,#116,.T.);
#1748=EDGE_CURVE('',#2233,#2235,#117,.T.);
#1749=EDGE_CURVE('',#2236,#2235,#2628,.T.);
#1750=EDGE_CURVE('',#2234,#2236,#118,.T.);
#1751=EDGE_CURVE('',#2235,#2237,#119,.T.);
#1752=EDGE_CURVE('',#2238,#2237,#2629,.T.);
#1753=EDGE_CURVE('',#2236,#2238,#120,.T.);
#1754=EDGE_CURVE('',#2237,#2239,#121,.T.);
#1755=EDGE_CURVE('',#2240,#2239,#2630,.T.);
#1756=EDGE_CURVE('',#2238,#2240,#122,.T.);
#1757=EDGE_CURVE('',#2239,#2241,#123,.T.);
#1758=EDGE_CURVE('',#2242,#2241,#2631,.T.);
#1759=EDGE_CURVE('',#2240,#2242,#124,.T.);
#1760=EDGE_CURVE('',#2241,#2243,#125,.T.);
#1761=EDGE_CURVE('',#2244,#2243,#2632,.T.);
#1762=EDGE_CURVE('',#2242,#2244,#126,.T.);
#1763=EDGE_CURVE('',#2243,#2245,#127,.T.);
#1764=EDGE_CURVE('',#2246,#2245,#2633,.T.);
#1765=EDGE_CURVE('',#2244,#2246,#128,.T.);
#1766=EDGE_CURVE('',#2245,#2247,#129,.T.);
#1767=EDGE_CURVE('',#2248,#2247,#2634,.T.);
#1768=EDGE_CURVE('',#2246,#2248,#130,.T.);
#1769=EDGE_CURVE('',#2247,#2249,#131,.T.);
#1770=EDGE_CURVE('',#2250,#2249,#2635,.T.);
#1771=EDGE_CURVE('',#2248,#2250,#132,.T.);
#1772=EDGE_CURVE('',#2249,#2251,#133,.T.);
#1773=EDGE_CURVE('',#2252,#2251,#2636,.T.);
#1774=EDGE_CURVE('',#2250,#2252,#134,.T.);
#1775=EDGE_CURVE('',#2251,#2227,#135,.T.);
#1776=EDGE_CURVE('',#2252,#2230,#136,.T.);
#1777=EDGE_CURVE('',#2253,#2254,#137,.T.);
#1778=EDGE_CURVE('',#2255,#2254,#2637,.T.);
#1779=EDGE_CURVE('',#2256,#2255,#138,.T.);
#1780=EDGE_CURVE('',#2256,#2253,#2638,.T.);
#1781=EDGE_CURVE('',#2254,#2257,#139,.T.);
#1782=EDGE_CURVE('',#2258,#2257,#2639,.T.);
#1783=EDGE_CURVE('',#2255,#2258,#140,.T.);
#1784=EDGE_CURVE('',#2257,#2259,#141,.T.);
#1785=EDGE_CURVE('',#2260,#2259,#2640,.T.);
#1786=EDGE_CURVE('',#2258,#2260,#142,.T.);
#1787=EDGE_CURVE('',#2259,#2253,#143,.T.);
#1788=EDGE_CURVE('',#2260,#2256,#144,.T.);
#1789=EDGE_CURVE('',#2261,#2262,#145,.T.);
#1790=EDGE_CURVE('',#2263,#2262,#2641,.T.);
#1791=EDGE_CURVE('',#2264,#2263,#146,.T.);
#1792=EDGE_CURVE('',#2264,#2261,#2642,.T.);
#1793=EDGE_CURVE('',#2262,#2265,#147,.T.);
#1794=EDGE_CURVE('',#2266,#2265,#2643,.T.);
#1795=EDGE_CURVE('',#2263,#2266,#148,.T.);
#1796=EDGE_CURVE('',#2265,#2267,#149,.T.);
#1797=EDGE_CURVE('',#2268,#2267,#2644,.T.);
#1798=EDGE_CURVE('',#2266,#2268,#150,.T.);
#1799=EDGE_CURVE('',#2267,#2261,#151,.T.);
#1800=EDGE_CURVE('',#2268,#2264,#152,.T.);
#1801=EDGE_CURVE('',#2269,#2270,#153,.T.);
#1802=EDGE_CURVE('',#2271,#2270,#2645,.T.);
#1803=EDGE_CURVE('',#2272,#2271,#154,.T.);
#1804=EDGE_CURVE('',#2272,#2269,#2646,.T.);
#1805=EDGE_CURVE('',#2270,#2273,#155,.T.);
#1806=EDGE_CURVE('',#2274,#2273,#2647,.T.);
#1807=EDGE_CURVE('',#2271,#2274,#156,.T.);
#1808=EDGE_CURVE('',#2273,#2275,#157,.T.);
#1809=EDGE_CURVE('',#2276,#2275,#2648,.T.);
#1810=EDGE_CURVE('',#2274,#2276,#158,.T.);
#1811=EDGE_CURVE('',#2275,#2277,#159,.T.);
#1812=EDGE_CURVE('',#2278,#2277,#2649,.T.);
#1813=EDGE_CURVE('',#2276,#2278,#160,.T.);
#1814=EDGE_CURVE('',#2277,#2279,#161,.T.);
#1815=EDGE_CURVE('',#2280,#2279,#2650,.T.);
#1816=EDGE_CURVE('',#2278,#2280,#162,.T.);
#1817=EDGE_CURVE('',#2279,#2269,#163,.T.);
#1818=EDGE_CURVE('',#2280,#2272,#164,.T.);
#1819=EDGE_CURVE('',#2281,#2282,#165,.T.);
#1820=EDGE_CURVE('',#2283,#2282,#2651,.T.);
#1821=EDGE_CURVE('',#2284,#2283,#166,.T.);
#1822=EDGE_CURVE('',#2284,#2281,#2652,.T.);
#1823=EDGE_CURVE('',#2282,#2285,#167,.T.);
#1824=EDGE_CURVE('',#2286,#2285,#2653,.T.);
#1825=EDGE_CURVE('',#2283,#2286,#168,.T.);
#1826=EDGE_CURVE('',#2285,#2287,#169,.T.);
#1827=EDGE_CURVE('',#2288,#2287,#2654,.T.);
#1828=EDGE_CURVE('',#2286,#2288,#170,.T.);
#1829=EDGE_CURVE('',#2287,#2289,#171,.T.);
#1830=EDGE_CURVE('',#2290,#2289,#2655,.T.);
#1831=EDGE_CURVE('',#2288,#2290,#172,.T.);
#1832=EDGE_CURVE('',#2289,#2291,#173,.T.);
#1833=EDGE_CURVE('',#2292,#2291,#2656,.T.);
#1834=EDGE_CURVE('',#2290,#2292,#174,.T.);
#1835=EDGE_CURVE('',#2291,#2293,#175,.T.);
#1836=EDGE_CURVE('',#2294,#2293,#2657,.T.);
#1837=EDGE_CURVE('',#2292,#2294,#176,.T.);
#1838=EDGE_CURVE('',#2293,#2295,#177,.T.);
#1839=EDGE_CURVE('',#2296,#2295,#2658,.T.);
#1840=EDGE_CURVE('',#2294,#2296,#178,.T.);
#1841=EDGE_CURVE('',#2295,#2281,#179,.T.);
#1842=EDGE_CURVE('',#2296,#2284,#180,.T.);
#1843=EDGE_CURVE('',#2297,#2298,#181,.T.);
#1844=EDGE_CURVE('',#2299,#2298,#2659,.T.);
#1845=EDGE_CURVE('',#2300,#2299,#182,.T.);
#1846=EDGE_CURVE('',#2300,#2297,#2660,.T.);
#1847=EDGE_CURVE('',#2298,#2301,#183,.T.);
#1848=EDGE_CURVE('',#2302,#2301,#2661,.T.);
#1849=EDGE_CURVE('',#2299,#2302,#184,.T.);
#1850=EDGE_CURVE('',#2301,#2303,#185,.T.);
#1851=EDGE_CURVE('',#2304,#2303,#2662,.T.);
#1852=EDGE_CURVE('',#2302,#2304,#186,.T.);
#1853=EDGE_CURVE('',#2305,#2306,#187,.T.);
#1854=EDGE_CURVE('',#2307,#2306,#2663,.T.);
#1855=EDGE_CURVE('',#2308,#2307,#188,.T.);
#1856=EDGE_CURVE('',#2308,#2305,#2664,.T.);
#1857=EDGE_CURVE('',#2306,#2305,#189,.T.);
#1858=EDGE_CURVE('',#2307,#2308,#190,.T.);
#1859=EDGE_CURVE('',#2303,#2297,#191,.T.);
#1860=EDGE_CURVE('',#2304,#2300,#192,.T.);
#1861=EDGE_CURVE('',#2309,#2310,#193,.T.);
#1862=EDGE_CURVE('',#2311,#2310,#2665,.T.);
#1863=EDGE_CURVE('',#2312,#2311,#194,.T.);
#1864=EDGE_CURVE('',#2312,#2309,#2666,.T.);
#1865=EDGE_CURVE('',#2310,#2313,#195,.T.);
#1866=EDGE_CURVE('',#2314,#2313,#2667,.T.);
#1867=EDGE_CURVE('',#2311,#2314,#196,.T.);
#1868=EDGE_CURVE('',#2313,#2315,#197,.T.);
#1869=EDGE_CURVE('',#2316,#2315,#2668,.T.);
#1870=EDGE_CURVE('',#2314,#2316,#198,.T.);
#1871=EDGE_CURVE('',#2317,#2318,#199,.T.);
#1872=EDGE_CURVE('',#2319,#2318,#2669,.T.);
#1873=EDGE_CURVE('',#2320,#2319,#200,.T.);
#1874=EDGE_CURVE('',#2320,#2317,#2670,.T.);
#1875=EDGE_CURVE('',#2318,#2321,#201,.T.);
#1876=EDGE_CURVE('',#2322,#2321,#2671,.T.);
#1877=EDGE_CURVE('',#2319,#2322,#202,.T.);
#1878=EDGE_CURVE('',#2321,#2317,#203,.T.);
#1879=EDGE_CURVE('',#2322,#2320,#204,.T.);
#1880=EDGE_CURVE('',#2315,#2309,#205,.T.);
#1881=EDGE_CURVE('',#2316,#2312,#206,.T.);
#1882=EDGE_CURVE('',#2323,#2324,#207,.T.);
#1883=EDGE_CURVE('',#2325,#2324,#2672,.T.);
#1884=EDGE_CURVE('',#2326,#2325,#208,.T.);
#1885=EDGE_CURVE('',#2326,#2323,#2673,.T.);
#1886=EDGE_CURVE('',#2324,#2327,#209,.T.);
#1887=EDGE_CURVE('',#2328,#2327,#2674,.T.);
#1888=EDGE_CURVE('',#2325,#2328,#210,.T.);
#1889=EDGE_CURVE('',#2327,#2329,#211,.T.);
#1890=EDGE_CURVE('',#2330,#2329,#2675,.T.);
#1891=EDGE_CURVE('',#2328,#2330,#212,.T.);
#1892=EDGE_CURVE('',#2329,#2323,#213,.T.);
#1893=EDGE_CURVE('',#2330,#2326,#214,.T.);
#1894=EDGE_CURVE('',#2331,#2332,#215,.T.);
#1895=EDGE_CURVE('',#2333,#2332,#2676,.T.);
#1896=EDGE_CURVE('',#2334,#2333,#216,.T.);
#1897=EDGE_CURVE('',#2334,#2331,#2677,.T.);
#1898=EDGE_CURVE('',#2332,#2335,#217,.T.);
#1899=EDGE_CURVE('',#2336,#2335,#2678,.T.);
#1900=EDGE_CURVE('',#2333,#2336,#218,.T.);
#1901=EDGE_CURVE('',#2335,#2337,#219,.T.);
#1902=EDGE_CURVE('',#2338,#2337,#2679,.T.);
#1903=EDGE_CURVE('',#2336,#2338,#220,.T.);
#1904=EDGE_CURVE('',#2337,#2339,#221,.T.);
#1905=EDGE_CURVE('',#2340,#2339,#2680,.T.);
#1906=EDGE_CURVE('',#2338,#2340,#222,.T.);
#1907=EDGE_CURVE('',#2339,#2341,#223,.T.);
#1908=EDGE_CURVE('',#2342,#2341,#2681,.T.);
#1909=EDGE_CURVE('',#2340,#2342,#224,.T.);
#1910=EDGE_CURVE('',#2341,#2331,#225,.T.);
#1911=EDGE_CURVE('',#2342,#2334,#226,.T.);
#1912=EDGE_CURVE('',#2343,#2343,#227,.T.);
#1913=EDGE_CURVE('',#2344,#2344,#228,.T.);
#1914=EDGE_CURVE('',#2345,#2345,#229,.T.);
#1915=EDGE_CURVE('',#2346,#2346,#230,.T.);
#1916=EDGE_CURVE('',#2347,#2348,#231,.T.);
#1917=EDGE_CURVE('',#2349,#2348,#2682,.T.);
#1918=EDGE_CURVE('',#2350,#2349,#232,.T.);
#1919=EDGE_CURVE('',#2350,#2347,#2683,.T.);
#1920=EDGE_CURVE('',#2348,#2351,#233,.T.);
#1921=EDGE_CURVE('',#2352,#2351,#2684,.T.);
#1922=EDGE_CURVE('',#2349,#2352,#234,.T.);
#1923=EDGE_CURVE('',#2351,#2353,#235,.T.);
#1924=EDGE_CURVE('',#2354,#2353,#2685,.T.);
#1925=EDGE_CURVE('',#2352,#2354,#236,.T.);
#1926=EDGE_CURVE('',#2355,#2356,#237,.T.);
#1927=EDGE_CURVE('',#2357,#2356,#2686,.T.);
#1928=EDGE_CURVE('',#2358,#2357,#238,.T.);
#1929=EDGE_CURVE('',#2358,#2355,#2687,.T.);
#1930=EDGE_CURVE('',#2356,#2359,#239,.T.);
#1931=EDGE_CURVE('',#2360,#2359,#2688,.T.);
#1932=EDGE_CURVE('',#2357,#2360,#240,.T.);
#1933=EDGE_CURVE('',#2359,#2355,#241,.T.);
#1934=EDGE_CURVE('',#2360,#2358,#242,.T.);
#1935=EDGE_CURVE('',#2353,#2347,#243,.T.);
#1936=EDGE_CURVE('',#2354,#2350,#244,.T.);
#1937=EDGE_CURVE('',#2361,#2362,#245,.T.);
#1938=EDGE_CURVE('',#2363,#2362,#2689,.T.);
#1939=EDGE_CURVE('',#2364,#2363,#246,.T.);
#1940=EDGE_CURVE('',#2364,#2361,#2690,.T.);
#1941=EDGE_CURVE('',#2362,#2365,#247,.T.);
#1942=EDGE_CURVE('',#2366,#2365,#2691,.T.);
#1943=EDGE_CURVE('',#2363,#2366,#248,.T.);
#1944=EDGE_CURVE('',#2365,#2367,#249,.T.);
#1945=EDGE_CURVE('',#2368,#2367,#2692,.T.);
#1946=EDGE_CURVE('',#2366,#2368,#250,.T.);
#1947=EDGE_CURVE('',#2367,#2369,#251,.T.);
#1948=EDGE_CURVE('',#2370,#2369,#2693,.T.);
#1949=EDGE_CURVE('',#2368,#2370,#252,.T.);
#1950=EDGE_CURVE('',#2369,#2371,#253,.T.);
#1951=EDGE_CURVE('',#2372,#2371,#2694,.T.);
#1952=EDGE_CURVE('',#2370,#2372,#254,.T.);
#1953=EDGE_CURVE('',#2371,#2373,#255,.T.);
#1954=EDGE_CURVE('',#2374,#2373,#2695,.T.);
#1955=EDGE_CURVE('',#2372,#2374,#256,.T.);
#1956=EDGE_CURVE('',#2373,#2375,#257,.T.);
#1957=EDGE_CURVE('',#2376,#2375,#2696,.T.);
#1958=EDGE_CURVE('',#2374,#2376,#258,.T.);
#1959=EDGE_CURVE('',#2375,#2377,#259,.T.);
#1960=EDGE_CURVE('',#2378,#2377,#2697,.T.);
#1961=EDGE_CURVE('',#2376,#2378,#260,.T.);
#1962=EDGE_CURVE('',#2377,#2379,#261,.T.);
#1963=EDGE_CURVE('',#2380,#2379,#2698,.T.);
#1964=EDGE_CURVE('',#2378,#2380,#262,.T.);
#1965=EDGE_CURVE('',#2379,#2381,#263,.T.);
#1966=EDGE_CURVE('',#2382,#2381,#2699,.T.);
#1967=EDGE_CURVE('',#2380,#2382,#264,.T.);
#1968=EDGE_CURVE('',#2381,#2383,#265,.T.);
#1969=EDGE_CURVE('',#2384,#2383,#2700,.T.);
#1970=EDGE_CURVE('',#2382,#2384,#266,.T.);
#1971=EDGE_CURVE('',#2383,#2385,#267,.T.);
#1972=EDGE_CURVE('',#2386,#2385,#2701,.T.);
#1973=EDGE_CURVE('',#2384,#2386,#268,.T.);
#1974=EDGE_CURVE('',#2385,#2361,#269,.T.);
#1975=EDGE_CURVE('',#2386,#2364,#270,.T.);
#1976=EDGE_CURVE('',#2387,#2388,#271,.T.);
#1977=EDGE_CURVE('',#2389,#2388,#2702,.T.);
#1978=EDGE_CURVE('',#2390,#2389,#272,.T.);
#1979=EDGE_CURVE('',#2390,#2387,#2703,.T.);
#1980=EDGE_CURVE('',#2388,#2391,#273,.T.);
#1981=EDGE_CURVE('',#2392,#2391,#2704,.T.);
#1982=EDGE_CURVE('',#2389,#2392,#274,.T.);
#1983=EDGE_CURVE('',#2391,#2393,#275,.T.);
#1984=EDGE_CURVE('',#2394,#2393,#2705,.T.);
#1985=EDGE_CURVE('',#2392,#2394,#276,.T.);
#1986=EDGE_CURVE('',#2393,#2395,#277,.T.);
#1987=EDGE_CURVE('',#2396,#2395,#2706,.T.);
#1988=EDGE_CURVE('',#2394,#2396,#278,.T.);
#1989=EDGE_CURVE('',#2395,#2397,#279,.T.);
#1990=EDGE_CURVE('',#2398,#2397,#2707,.T.);
#1991=EDGE_CURVE('',#2396,#2398,#280,.T.);
#1992=EDGE_CURVE('',#2397,#2399,#281,.T.);
#1993=EDGE_CURVE('',#2400,#2399,#2708,.T.);
#1994=EDGE_CURVE('',#2398,#2400,#282,.T.);
#1995=EDGE_CURVE('',#2399,#2401,#283,.T.);
#1996=EDGE_CURVE('',#2402,#2401,#2709,.T.);
#1997=EDGE_CURVE('',#2400,#2402,#284,.T.);
#1998=EDGE_CURVE('',#2401,#2403,#285,.T.);
#1999=EDGE_CURVE('',#2404,#2403,#2710,.T.);
#2000=EDGE_CURVE('',#2402,#2404,#286,.T.);
#2001=EDGE_CURVE('',#2403,#2405,#287,.T.);
#2002=EDGE_CURVE('',#2406,#2405,#2711,.T.);
#2003=EDGE_CURVE('',#2404,#2406,#288,.T.);
#2004=EDGE_CURVE('',#2405,#2407,#289,.T.);
#2005=EDGE_CURVE('',#2408,#2407,#2712,.T.);
#2006=EDGE_CURVE('',#2406,#2408,#290,.T.);
#2007=EDGE_CURVE('',#2407,#2409,#291,.T.);
#2008=EDGE_CURVE('',#2410,#2409,#2713,.T.);
#2009=EDGE_CURVE('',#2408,#2410,#292,.T.);
#2010=EDGE_CURVE('',#2409,#2411,#293,.T.);
#2011=EDGE_CURVE('',#2412,#2411,#2714,.T.);
#2012=EDGE_CURVE('',#2410,#2412,#294,.T.);
#2013=EDGE_CURVE('',#2411,#2387,#295,.T.);
#2014=EDGE_CURVE('',#2412,#2390,#296,.T.);
#2015=EDGE_CURVE('',#2413,#2414,#297,.T.);
#2016=EDGE_CURVE('',#2415,#2414,#2715,.T.);
#2017=EDGE_CURVE('',#2416,#2415,#298,.T.);
#2018=EDGE_CURVE('',#2416,#2413,#2716,.T.);
#2019=EDGE_CURVE('',#2414,#2417,#299,.T.);
#2020=EDGE_CURVE('',#2418,#2417,#2717,.T.);
#2021=EDGE_CURVE('',#2415,#2418,#300,.T.);
#2022=EDGE_CURVE('',#2417,#2419,#301,.T.);
#2023=EDGE_CURVE('',#2420,#2419,#2718,.T.);
#2024=EDGE_CURVE('',#2418,#2420,#302,.T.);
#2025=EDGE_CURVE('',#2419,#2413,#303,.T.);
#2026=EDGE_CURVE('',#2420,#2416,#304,.T.);
#2027=EDGE_CURVE('',#2421,#2422,#305,.T.);
#2028=EDGE_CURVE('',#2423,#2422,#2719,.T.);
#2029=EDGE_CURVE('',#2424,#2423,#306,.T.);
#2030=EDGE_CURVE('',#2424,#2421,#2720,.T.);
#2031=EDGE_CURVE('',#2422,#2425,#307,.T.);
#2032=EDGE_CURVE('',#2426,#2425,#2721,.T.);
#2033=EDGE_CURVE('',#2423,#2426,#308,.T.);
#2034=EDGE_CURVE('',#2425,#2427,#309,.T.);
#2035=EDGE_CURVE('',#2428,#2427,#2722,.T.);
#2036=EDGE_CURVE('',#2426,#2428,#310,.T.);
#2037=EDGE_CURVE('',#2429,#2430,#311,.T.);
#2038=EDGE_CURVE('',#2431,#2430,#2723,.T.);
#2039=EDGE_CURVE('',#2432,#2431,#312,.T.);
#2040=EDGE_CURVE('',#2432,#2429,#2724,.T.);
#2041=EDGE_CURVE('',#2430,#2433,#313,.T.);
#2042=EDGE_CURVE('',#2434,#2433,#2725,.T.);
#2043=EDGE_CURVE('',#2431,#2434,#314,.T.);
#2044=EDGE_CURVE('',#2433,#2429,#315,.T.);
#2045=EDGE_CURVE('',#2434,#2432,#316,.T.);
#2046=EDGE_CURVE('',#2427,#2421,#317,.T.);
#2047=EDGE_CURVE('',#2428,#2424,#318,.T.);
#2048=EDGE_CURVE('',#2435,#2436,#319,.T.);
#2049=EDGE_CURVE('',#2437,#2436,#2726,.T.);
#2050=EDGE_CURVE('',#2438,#2437,#320,.T.);
#2051=EDGE_CURVE('',#2438,#2435,#2727,.T.);
#2052=EDGE_CURVE('',#2436,#2439,#321,.T.);
#2053=EDGE_CURVE('',#2440,#2439,#2728,.T.);
#2054=EDGE_CURVE('',#2437,#2440,#322,.T.);
#2055=EDGE_CURVE('',#2439,#2441,#323,.T.);
#2056=EDGE_CURVE('',#2442,#2441,#2729,.T.);
#2057=EDGE_CURVE('',#2440,#2442,#324,.T.);
#2058=EDGE_CURVE('',#2441,#2443,#325,.T.);
#2059=EDGE_CURVE('',#2444,#2443,#2730,.T.);
#2060=EDGE_CURVE('',#2442,#2444,#326,.T.);
#2061=EDGE_CURVE('',#2443,#2445,#327,.T.);
#2062=EDGE_CURVE('',#2446,#2445,#2731,.T.);
#2063=EDGE_CURVE('',#2444,#2446,#328,.T.);
#2064=EDGE_CURVE('',#2445,#2447,#329,.T.);
#2065=EDGE_CURVE('',#2448,#2447,#2732,.T.);
#2066=EDGE_CURVE('',#2446,#2448,#330,.T.);
#2067=EDGE_CURVE('',#2447,#2435,#331,.T.);
#2068=EDGE_CURVE('',#2448,#2438,#332,.T.);
#2069=VERTEX_POINT('',#4282);
#2070=VERTEX_POINT('',#4283);
#2071=VERTEX_POINT('',#4285);
#2072=VERTEX_POINT('',#4286);
#2073=VERTEX_POINT('',#4289);
#2074=VERTEX_POINT('',#4290);
#2075=VERTEX_POINT('',#4291);
#2076=VERTEX_POINT('',#4294);
#2077=VERTEX_POINT('',#4293);
#2078=VERTEX_POINT('',#4295);
#2079=VERTEX_POINT('',#4297);
#2080=VERTEX_POINT('',#4298);
#2081=VERTEX_POINT('',#4299);
#2082=VERTEX_POINT('',#4301);
#2083=VERTEX_POINT('',#4302);
#2084=VERTEX_POINT('',#4304);
#2085=VERTEX_POINT('',#4305);
#2086=VERTEX_POINT('',#4307);
#2087=VERTEX_POINT('',#4309);
#2088=VERTEX_POINT('',#4311);
#2089=VERTEX_POINT('',#4303);
#2090=VERTEX_POINT('',#4292);
#2091=VERTEX_POINT('',#4312);
#2092=VERTEX_POINT('',#4313);
#2093=VERTEX_POINT('',#4314);
#2094=VERTEX_POINT('',#4315);
#2095=VERTEX_POINT('',#4317);
#2096=VERTEX_POINT('',#4318);
#2097=VERTEX_POINT('',#4320);
#2098=VERTEX_POINT('',#4321);
#2099=VERTEX_POINT('',#4322);
#2100=VERTEX_POINT('',#4296);
#2101=VERTEX_POINT('',#4324);
#2102=VERTEX_POINT('',#4325);
#2103=VERTEX_POINT('',#4326);
#2104=VERTEX_POINT('',#4327);
#2105=VERTEX_POINT('',#4328);
#2106=VERTEX_POINT('',#4330);
#2107=VERTEX_POINT('',#4331);
#2108=VERTEX_POINT('',#4332);
#2109=VERTEX_POINT('',#4333);
#2110=VERTEX_POINT('',#4335);
#2111=VERTEX_POINT('',#4336);
#2112=VERTEX_POINT('',#4287);
#2113=VERTEX_POINT('',#4337);
#2114=VERTEX_POINT('',#4338);
#2115=VERTEX_POINT('',#4310);
#2116=VERTEX_POINT('',#4339);
#2117=VERTEX_POINT('',#4340);
#2118=VERTEX_POINT('',#4341);
#2119=VERTEX_POINT('',#4342);
#2120=VERTEX_POINT('',#4343);
#2121=VERTEX_POINT('',#4344);
#2122=VERTEX_POINT('',#4347);
#2123=VERTEX_POINT('',#4348);
#2124=VERTEX_POINT('',#4349);
#2125=VERTEX_POINT('',#4350);
#2126=VERTEX_POINT('',#4351);
#2127=VERTEX_POINT('',#4352);
#2128=VERTEX_POINT('',#4355);
#2129=VERTEX_POINT('',#4356);
#2130=VERTEX_POINT('',#4357);
#2131=VERTEX_POINT('',#4353);
#2132=VERTEX_POINT('',#4358);
#2133=VERTEX_POINT('',#4359);
#2134=VERTEX_POINT('',#4360);
#2135=VERTEX_POINT('',#4361);
#2136=VERTEX_POINT('',#4362);
#2137=VERTEX_POINT('',#4363);
#2138=VERTEX_POINT('',#4364);
#2139=VERTEX_POINT('',#4365);
#2140=VERTEX_POINT('',#4366);
#2141=VERTEX_POINT('',#4367);
#2142=VERTEX_POINT('',#4368);
#2143=VERTEX_POINT('',#4369);
#2144=VERTEX_POINT('',#4370);
#2145=VERTEX_POINT('',#4373);
#2146=VERTEX_POINT('',#4374);
#2147=VERTEX_POINT('',#4376);
#2148=VERTEX_POINT('',#4378);
#2149=VERTEX_POINT('',#4382);
#2150=VERTEX_POINT('',#4383);
#2151=VERTEX_POINT('',#4385);
#2152=VERTEX_POINT('',#4387);
#2153=VERTEX_POINT('',#4390);
#2154=VERTEX_POINT('',#4391);
#2155=VERTEX_POINT('',#4395);
#2156=VERTEX_POINT('',#4398);
#2157=VERTEX_POINT('',#4402);
#2158=VERTEX_POINT('',#4403);
#2159=VERTEX_POINT('',#4407);
#2160=VERTEX_POINT('',#4410);
#2161=VERTEX_POINT('',#4413);
#2162=VERTEX_POINT('',#4414);
#2163=VERTEX_POINT('',#4415);
#2164=VERTEX_POINT('',#4416);
#2165=VERTEX_POINT('',#4417);
#2166=VERTEX_POINT('',#4418);
#2167=VERTEX_POINT('',#4419);
#2168=VERTEX_POINT('',#4420);
#2169=VERTEX_POINT('',#4425);
#2170=VERTEX_POINT('',#4426);
#2171=VERTEX_POINT('',#4428);
#2172=VERTEX_POINT('',#4430);
#2173=VERTEX_POINT('',#4433);
#2174=VERTEX_POINT('',#4434);
#2175=VERTEX_POINT('',#4438);
#2176=VERTEX_POINT('',#4441);
#2177=VERTEX_POINT('',#4447);
#2178=VERTEX_POINT('',#4448);
#2179=VERTEX_POINT('',#4450);
#2180=VERTEX_POINT('',#4452);
#2181=VERTEX_POINT('',#4455);
#2182=VERTEX_POINT('',#4456);
#2183=VERTEX_POINT('',#4460);
#2184=VERTEX_POINT('',#4463);
#2185=VERTEX_POINT('',#4467);
#2186=VERTEX_POINT('',#4470);
#2187=VERTEX_POINT('',#4471);
#2188=VERTEX_POINT('',#4466);
#2189=VERTEX_POINT('',#4479);
#2190=VERTEX_POINT('',#4478);
#2191=VERTEX_POINT('',#4498);
#2192=VERTEX_POINT('',#4499);
#2193=VERTEX_POINT('',#4511);
#2194=VERTEX_POINT('',#4510);
#2195=VERTEX_POINT('',#4550);
#2196=VERTEX_POINT('',#4578);
#2197=VERTEX_POINT('',#4622);
#2198=VERTEX_POINT('',#4649);
#2199=VERTEX_POINT('',#4690);
#2200=VERTEX_POINT('',#4689);
#2201=VERTEX_POINT('',#4688);
#2202=VERTEX_POINT('',#4699);
#2203=VERTEX_POINT('',#4710);
#2204=VERTEX_POINT('',#4711);
#2205=VERTEX_POINT('',#4732);
#2206=VERTEX_POINT('',#4733);
#2207=VERTEX_POINT('',#4744);
#2208=VERTEX_POINT('',#4745);
#2209=VERTEX_POINT('',#4750);
#2210=VERTEX_POINT('',#4751);
#2211=VERTEX_POINT('',#4756);
#2212=VERTEX_POINT('',#4757);
#2213=VERTEX_POINT('',#4762);
#2214=VERTEX_POINT('',#4763);
#2215=VERTEX_POINT('',#4773);
#2216=VERTEX_POINT('',#4783);
#2217=VERTEX_POINT('',#4782);
#2218=VERTEX_POINT('',#4772);
#2219=VERTEX_POINT('',#4802);
#2220=VERTEX_POINT('',#4803);
#2221=VERTEX_POINT('',#4815);
#2222=VERTEX_POINT('',#4814);
#2223=VERTEX_POINT('',#4840);
#2224=VERTEX_POINT('',#4841);
#2225=VERTEX_POINT('',#4846);
#2226=VERTEX_POINT('',#4847);
#2227=VERTEX_POINT('',#4857);
#2228=VERTEX_POINT('',#4858);
#2229=VERTEX_POINT('',#4859);
#2230=VERTEX_POINT('',#4856);
#2231=VERTEX_POINT('',#4860);
#2232=VERTEX_POINT('',#4861);
#2233=VERTEX_POINT('',#4862);
#2234=VERTEX_POINT('',#4863);
#2235=VERTEX_POINT('',#4864);
#2236=VERTEX_POINT('',#4865);
#2237=VERTEX_POINT('',#4866);
#2238=VERTEX_POINT('',#4867);
#2239=VERTEX_POINT('',#4868);
#2240=VERTEX_POINT('',#4869);
#2241=VERTEX_POINT('',#4870);
#2242=VERTEX_POINT('',#4871);
#2243=VERTEX_POINT('',#4872);
#2244=VERTEX_POINT('',#4873);
#2245=VERTEX_POINT('',#4874);
#2246=VERTEX_POINT('',#4875);
#2247=VERTEX_POINT('',#4876);
#2248=VERTEX_POINT('',#4877);
#2249=VERTEX_POINT('',#4878);
#2250=VERTEX_POINT('',#4879);
#2251=VERTEX_POINT('',#4880);
#2252=VERTEX_POINT('',#4881);
#2253=VERTEX_POINT('',#4885);
#2254=VERTEX_POINT('',#4886);
#2255=VERTEX_POINT('',#4887);
#2256=VERTEX_POINT('',#4884);
#2257=VERTEX_POINT('',#4888);
#2258=VERTEX_POINT('',#4889);
#2259=VERTEX_POINT('',#4890);
#2260=VERTEX_POINT('',#4891);
#2261=VERTEX_POINT('',#4895);
#2262=VERTEX_POINT('',#4896);
#2263=VERTEX_POINT('',#4897);
#2264=VERTEX_POINT('',#4894);
#2265=VERTEX_POINT('',#4898);
#2266=VERTEX_POINT('',#4899);
#2267=VERTEX_POINT('',#4900);
#2268=VERTEX_POINT('',#4901);
#2269=VERTEX_POINT('',#4905);
#2270=VERTEX_POINT('',#4908);
#2271=VERTEX_POINT('',#4909);
#2272=VERTEX_POINT('',#4904);
#2273=VERTEX_POINT('',#4921);
#2274=VERTEX_POINT('',#4920);
#2275=VERTEX_POINT('',#4949);
#2276=VERTEX_POINT('',#4948);
#2277=VERTEX_POINT('',#4974);
#2278=VERTEX_POINT('',#4975);
#2279=VERTEX_POINT('',#4987);
#2280=VERTEX_POINT('',#4986);
#2281=VERTEX_POINT('',#5021);
#2282=VERTEX_POINT('',#5031);
#2283=VERTEX_POINT('',#5030);
#2284=VERTEX_POINT('',#5020);
#2285=VERTEX_POINT('',#5050);
#2286=VERTEX_POINT('',#5051);
#2287=VERTEX_POINT('',#5063);
#2288=VERTEX_POINT('',#5062);
#2289=VERTEX_POINT('',#5082);
#2290=VERTEX_POINT('',#5083);
#2291=VERTEX_POINT('',#5088);
#2292=VERTEX_POINT('',#5089);
#2293=VERTEX_POINT('',#5094);
#2294=VERTEX_POINT('',#5095);
#2295=VERTEX_POINT('',#5100);
#2296=VERTEX_POINT('',#5101);
#2297=VERTEX_POINT('',#5111);
#2298=VERTEX_POINT('',#5114);
#2299=VERTEX_POINT('',#5115);
#2300=VERTEX_POINT('',#5110);
#2301=VERTEX_POINT('',#5123);
#2302=VERTEX_POINT('',#5122);
#2303=VERTEX_POINT('',#5145);
#2304=VERTEX_POINT('',#5144);
#2305=VERTEX_POINT('',#5181);
#2306=VERTEX_POINT('',#5184);
#2307=VERTEX_POINT('',#5185);
#2308=VERTEX_POINT('',#5180);
#2309=VERTEX_POINT('',#5251);
#2310=VERTEX_POINT('',#5267);
#2311=VERTEX_POINT('',#5266);
#2312=VERTEX_POINT('',#5250);
#2313=VERTEX_POINT('',#5320);
#2314=VERTEX_POINT('',#5321);
#2315=VERTEX_POINT('',#5331);
#2316=VERTEX_POINT('',#5330);
#2317=VERTEX_POINT('',#5349);
#2318=VERTEX_POINT('',#5352);
#2319=VERTEX_POINT('',#5353);
#2320=VERTEX_POINT('',#5348);
#2321=VERTEX_POINT('',#5358);
#2322=VERTEX_POINT('',#5359);
#2323=VERTEX_POINT('',#5401);
#2324=VERTEX_POINT('',#5409);
#2325=VERTEX_POINT('',#5408);
#2326=VERTEX_POINT('',#5400);
#2327=VERTEX_POINT('',#5428);
#2328=VERTEX_POINT('',#5429);
#2329=VERTEX_POINT('',#5439);
#2330=VERTEX_POINT('',#5438);
#2331=VERTEX_POINT('',#5463);
#2332=VERTEX_POINT('',#5464);
#2333=VERTEX_POINT('',#5465);
#2334=VERTEX_POINT('',#5462);
#2335=VERTEX_POINT('',#5466);
#2336=VERTEX_POINT('',#5467);
#2337=VERTEX_POINT('',#5468);
#2338=VERTEX_POINT('',#5469);
#2339=VERTEX_POINT('',#5470);
#2340=VERTEX_POINT('',#5471);
#2341=VERTEX_POINT('',#5472);
#2342=VERTEX_POINT('',#5473);
#2343=VERTEX_POINT('',#5492);
#2344=VERTEX_POINT('',#5520);
#2345=VERTEX_POINT('',#5564);
#2346=VERTEX_POINT('',#5590);
#2347=VERTEX_POINT('',#5619);
#2348=VERTEX_POINT('',#5635);
#2349=VERTEX_POINT('',#5634);
#2350=VERTEX_POINT('',#5618);
#2351=VERTEX_POINT('',#5688);
#2352=VERTEX_POINT('',#5689);
#2353=VERTEX_POINT('',#5699);
#2354=VERTEX_POINT('',#5698);
#2355=VERTEX_POINT('',#5717);
#2356=VERTEX_POINT('',#5720);
#2357=VERTEX_POINT('',#5721);
#2358=VERTEX_POINT('',#5716);
#2359=VERTEX_POINT('',#5726);
#2360=VERTEX_POINT('',#5727);
#2361=VERTEX_POINT('',#5767);
#2362=VERTEX_POINT('',#5770);
#2363=VERTEX_POINT('',#5771);
#2364=VERTEX_POINT('',#5766);
#2365=VERTEX_POINT('',#5779);
#2366=VERTEX_POINT('',#5778);
#2367=VERTEX_POINT('',#5798);
#2368=VERTEX_POINT('',#5799);
#2369=VERTEX_POINT('',#5804);
#2370=VERTEX_POINT('',#5805);
#2371=VERTEX_POINT('',#5810);
#2372=VERTEX_POINT('',#5811);
#2373=VERTEX_POINT('',#5816);
#2374=VERTEX_POINT('',#5817);
#2375=VERTEX_POINT('',#5822);
#2376=VERTEX_POINT('',#5823);
#2377=VERTEX_POINT('',#5828);
#2378=VERTEX_POINT('',#5829);
#2379=VERTEX_POINT('',#5834);
#2380=VERTEX_POINT('',#5835);
#2381=VERTEX_POINT('',#5840);
#2382=VERTEX_POINT('',#5841);
#2383=VERTEX_POINT('',#5846);
#2384=VERTEX_POINT('',#5847);
#2385=VERTEX_POINT('',#5857);
#2386=VERTEX_POINT('',#5856);
#2387=VERTEX_POINT('',#5881);
#2388=VERTEX_POINT('',#5884);
#2389=VERTEX_POINT('',#5885);
#2390=VERTEX_POINT('',#5880);
#2391=VERTEX_POINT('',#5893);
#2392=VERTEX_POINT('',#5892);
#2393=VERTEX_POINT('',#5912);
#2394=VERTEX_POINT('',#5913);
#2395=VERTEX_POINT('',#5918);
#2396=VERTEX_POINT('',#5919);
#2397=VERTEX_POINT('',#5924);
#2398=VERTEX_POINT('',#5925);
#2399=VERTEX_POINT('',#5930);
#2400=VERTEX_POINT('',#5931);
#2401=VERTEX_POINT('',#5936);
#2402=VERTEX_POINT('',#5937);
#2403=VERTEX_POINT('',#5942);
#2404=VERTEX_POINT('',#5943);
#2405=VERTEX_POINT('',#5948);
#2406=VERTEX_POINT('',#5949);
#2407=VERTEX_POINT('',#5954);
#2408=VERTEX_POINT('',#5955);
#2409=VERTEX_POINT('',#5960);
#2410=VERTEX_POINT('',#5961);
#2411=VERTEX_POINT('',#5971);
#2412=VERTEX_POINT('',#5970);
#2413=VERTEX_POINT('',#5995);
#2414=VERTEX_POINT('',#6003);
#2415=VERTEX_POINT('',#6002);
#2416=VERTEX_POINT('',#5994);
#2417=VERTEX_POINT('',#6022);
#2418=VERTEX_POINT('',#6023);
#2419=VERTEX_POINT('',#6033);
#2420=VERTEX_POINT('',#6032);
#2421=VERTEX_POINT('',#6057);
#2422=VERTEX_POINT('',#6073);
#2423=VERTEX_POINT('',#6072);
#2424=VERTEX_POINT('',#6056);
#2425=VERTEX_POINT('',#6126);
#2426=VERTEX_POINT('',#6127);
#2427=VERTEX_POINT('',#6137);
#2428=VERTEX_POINT('',#6136);
#2429=VERTEX_POINT('',#6155);
#2430=VERTEX_POINT('',#6158);
#2431=VERTEX_POINT('',#6159);
#2432=VERTEX_POINT('',#6154);
#2433=VERTEX_POINT('',#6164);
#2434=VERTEX_POINT('',#6165);
#2435=VERTEX_POINT('',#6207);
#2436=VERTEX_POINT('',#6210);
#2437=VERTEX_POINT('',#6211);
#2438=VERTEX_POINT('',#6206);
#2439=VERTEX_POINT('',#6216);
#2440=VERTEX_POINT('',#6217);
#2441=VERTEX_POINT('',#6225);
#2442=VERTEX_POINT('',#6224);
#2443=VERTEX_POINT('',#6238);
#2444=VERTEX_POINT('',#6239);
#2445=VERTEX_POINT('',#6244);
#2446=VERTEX_POINT('',#6245);
#2447=VERTEX_POINT('',#6250);
#2448=VERTEX_POINT('',#6251);
#2449=LINE('',#4282,#2733);
#2450=LINE('',#4284,#2734);
#2451=LINE('',#4286,#2735);
#2452=LINE('',#4287,#2736);
#2453=LINE('',#4289,#2737);
#2454=LINE('',#4290,#2738);
#2455=LINE('',#4292,#2735);
#2456=LINE('',#4294,#2737);
#2457=LINE('',#4295,#2733);
#2458=LINE('',#4293,#2738);
#2459=LINE('',#4296,#2739);
#2460=LINE('',#4294,#2739);
#2461=LINE('',#4299,#2733);
#2462=LINE('',#4300,#2739);
#2463=LINE('',#4303,#2740);
#2464=LINE('',#4304,#2735);
#2465=LINE('',#4306,#2739);
#2466=LINE('',#4308,#2735);
#2467=LINE('',#4310,#2739);
#2468=LINE('',#4314,#2735);
#2469=LINE('',#4315,#2733);
#2470=LINE('',#4317,#2739);
#2471=LINE('',#4319,#2738);
#2472=LINE('',#4290,#2741);
#2473=LINE('',#4320,#2738);
#2474=LINE('',#4320,#2741);
#2475=LINE('',#4321,#2738);
#2476=LINE('',#4316,#2738);
#2477=LINE('',#4324,#2742);
#2478=LINE('',#4326,#2739);
#2479=LINE('',#4327,#2738);
#2480=LINE('',#4328,#2743);
#2481=LINE('',#4283,#2744);
#2482=LINE('',#4329,#2738);
#2483=LINE('',#4332,#2738);
#2484=LINE('',#4332,#2745);
#2485=LINE('',#4334,#2738);
#2486=LINE('',#4335,#2738);
#2487=LINE('',#4335,#2745);
#2488=LINE('',#4288,#2738);
#2489=LINE('',#4323,#2738);
#2490=LINE('',#4338,#2746);
#2491=LINE('',#4325,#2747);
#2492=LINE('',#4311,#2737);
#2493=LINE('',#4310,#2737);
#2494=LINE('',#4322,#2733);
#2495=LINE('',#4340,#2733);
#2496=LINE('',#4330,#2735);
#2497=LINE('',#4342,#2748);
#2498=LINE('',#4343,#2742);
#2499=LINE('',#4285,#2749);
#2500=LINE('',#4346,#2748);
#2501=LINE('',#4345,#2738);
#2502=LINE('',#4349,#2735);
#2503=LINE('',#4351,#2738);
#2504=LINE('',#4345,#2735);
#2505=LINE('',#4352,#2742);
#2506=LINE('',#4354,#2750);
#2507=LINE('',#4357,#2738);
#2508=LINE('',#4353,#2733);
#2509=LINE('',#4353,#2738);
#2510=LINE('',#4358,#2733);
#2511=LINE('',#4284,#2738);
#2512=LINE('',#4351,#2739);
#2513=LINE('',#4360,#2740);
#2514=LINE('',#4318,#2733);
#2515=LINE('',#4361,#2749);
#2516=LINE('',#4363,#2742);
#2517=LINE('',#4362,#2748);
#2518=LINE('',#4364,#2739);
#2519=LINE('',#4365,#2742);
#2520=LINE('',#4366,#2747);
#2521=LINE('',#4367,#2746);
#2522=LINE('',#4362,#2740);
#2523=LINE('',#4359,#2734);
#2524=LINE('',#4282,#2744);
#2525=LINE('',#4369,#2743);
#2526=LINE('',#4370,#2738);
#2527=LINE('',#4350,#2739);
#2528=LINE('',#4368,#2733);
#2529=LINE('',#4372,#2735);
#2530=LINE('',#4375,#2751);
#2531=LINE('',#4377,#2733);
#2532=LINE('',#4379,#2739);
#2533=LINE('',#4381,#2735);
#2534=LINE('',#4384,#2751);
#2535=LINE('',#4386,#2733);
#2536=LINE('',#4388,#2739);
#2537=LINE('',#4390,#2733);
#2538=LINE('',#4392,#2752);
#2539=LINE('',#4393,#2753);
#2540=LINE('',#4395,#2739);
#2541=LINE('',#4396,#2754);
#2542=LINE('',#4398,#2735);
#2543=LINE('',#4399,#2755);
#2544=LINE('',#4391,#2740);
#2545=LINE('',#4402,#2740);
#2546=LINE('',#4404,#2753);
#2547=LINE('',#4405,#2755);
#2548=LINE('',#4407,#2733);
#2549=LINE('',#4408,#2752);
#2550=LINE('',#4410,#2739);
#2551=LINE('',#4411,#2754);
#2552=LINE('',#4403,#2735);
#2553=LINE('',#4391,#2738);
#2554=LINE('',#4414,#2735);
#2555=LINE('',#4390,#2738);
#2556=LINE('',#4415,#2740);
#2557=LINE('',#4395,#2738);
#2558=LINE('',#4416,#2733);
#2559=LINE('',#4398,#2738);
#2560=LINE('',#4413,#2739);
#2561=LINE('',#4403,#2738);
#2562=LINE('',#4418,#2739);
#2563=LINE('',#4402,#2738);
#2564=LINE('',#4419,#2735);
#2565=LINE('',#4407,#2738);
#2566=LINE('',#4420,#2740);
#2567=LINE('',#4410,#2738);
#2568=LINE('',#4417,#2733);
#2569=LINE('',#4363,#2740);
#2570=LINE('',#4333,#2756);
#2571=LINE('',#4422,#2756);
#2572=LINE('',#4339,#2740);
#2573=LINE('',#4424,#2733);
#2574=LINE('',#4427,#2757);
#2575=LINE('',#4429,#2735);
#2576=LINE('',#4431,#2739);
#2577=LINE('',#4433,#2739);
#2578=LINE('',#4435,#2758);
#2579=LINE('',#4436,#2759);
#2580=LINE('',#4438,#2735);
#2581=LINE('',#4439,#2760);
#2582=LINE('',#4441,#2740);
#2583=LINE('',#4442,#2761);
#2584=LINE('',#4434,#2733);
#2585=LINE('',#4336,#2756);
#2586=LINE('',#4444,#2756);
#2587=LINE('',#4446,#2733);
#2588=LINE('',#4449,#2757);
#2589=LINE('',#4451,#2735);
#2590=LINE('',#4453,#2739);
#2591=LINE('',#4455,#2735);
#2592=LINE('',#4457,#2759);
#2593=LINE('',#4458,#2760);
#2594=LINE('',#4460,#2740);
#2595=LINE('',#4461,#2761);
#2596=LINE('',#4463,#2733);
#2597=LINE('',#4464,#2758);
#2598=LINE('',#4456,#2739);
#2599=LINE('',#4365,#2733);
#2600=LINE('',#4364,#2733);
#2601=LINE('',#4369,#2733);
#2602=LINE('',#4370,#2733);
#2603=LINE('',#4366,#2733);
#2604=LINE('',#4367,#2733);
#2605=LINE('',#4471,#2735);
#2606=LINE('',#4466,#2735);
#2607=LINE('',#4478,#2735);
#2608=LINE('',#4499,#2735);
#2609=LINE('',#4510,#2735);
#2610=LINE('',#4688,#2735);
#2611=LINE('',#4699,#2735);
#2612=LINE('',#4711,#2735);
#2613=LINE('',#4733,#2735);
#2614=LINE('',#4745,#2735);
#2615=LINE('',#4751,#2735);
#2616=LINE('',#4757,#2735);
#2617=LINE('',#4763,#2735);
#2618=LINE('',#4782,#2735);
#2619=LINE('',#4772,#2735);
#2620=LINE('',#4803,#2735);
#2621=LINE('',#4814,#2735);
#2622=LINE('',#4841,#2735);
#2623=LINE('',#4847,#2735);
#2624=LINE('',#4859,#2735);
#2625=LINE('',#4856,#2735);
#2626=LINE('',#4861,#2735);
#2627=LINE('',#4863,#2735);
#2628=LINE('',#4865,#2735);
#2629=LINE('',#4867,#2735);
#2630=LINE('',#4869,#2735);
#2631=LINE('',#4871,#2735);
#2632=LINE('',#4873,#2735);
#2633=LINE('',#4875,#2735);
#2634=LINE('',#4877,#2735);
#2635=LINE('',#4879,#2735);
#2636=LINE('',#4881,#2735);
#2637=LINE('',#4887,#2735);
#2638=LINE('',#4884,#2735);
#2639=LINE('',#4889,#2735);
#2640=LINE('',#4891,#2735);
#2641=LINE('',#4897,#2735);
#2642=LINE('',#4894,#2735);
#2643=LINE('',#4899,#2735);
#2644=LINE('',#4901,#2735);
#2645=LINE('',#4909,#2735);
#2646=LINE('',#4904,#2735);
#2647=LINE('',#4920,#2735);
#2648=LINE('',#4948,#2735);
#2649=LINE('',#4975,#2735);
#2650=LINE('',#4986,#2735);
#2651=LINE('',#5030,#2735);
#2652=LINE('',#5020,#2735);
#2653=LINE('',#5051,#2735);
#2654=LINE('',#5062,#2735);
#2655=LINE('',#5083,#2735);
#2656=LINE('',#5089,#2735);
#2657=LINE('',#5095,#2735);
#2658=LINE('',#5101,#2735);
#2659=LINE('',#5115,#2735);
#2660=LINE('',#5110,#2735);
#2661=LINE('',#5122,#2735);
#2662=LINE('',#5144,#2735);
#2663=LINE('',#5185,#2735);
#2664=LINE('',#5180,#2735);
#2665=LINE('',#5266,#2735);
#2666=LINE('',#5250,#2735);
#2667=LINE('',#5321,#2735);
#2668=LINE('',#5330,#2735);
#2669=LINE('',#5353,#2735);
#2670=LINE('',#5348,#2735);
#2671=LINE('',#5359,#2735);
#2672=LINE('',#5408,#2735);
#2673=LINE('',#5400,#2735);
#2674=LINE('',#5429,#2735);
#2675=LINE('',#5438,#2735);
#2676=LINE('',#5465,#2735);
#2677=LINE('',#5462,#2735);
#2678=LINE('',#5467,#2735);
#2679=LINE('',#5469,#2735);
#2680=LINE('',#5471,#2735);
#2681=LINE('',#5473,#2735);
#2682=LINE('',#5634,#2735);
#2683=LINE('',#5618,#2735);
#2684=LINE('',#5689,#2735);
#2685=LINE('',#5698,#2735);
#2686=LINE('',#5721,#2735);
#2687=LINE('',#5716,#2735);
#2688=LINE('',#5727,#2735);
#2689=LINE('',#5771,#2735);
#2690=LINE('',#5766,#2735);
#2691=LINE('',#5778,#2735);
#2692=LINE('',#5799,#2735);
#2693=LINE('',#5805,#2735);
#2694=LINE('',#5811,#2735);
#2695=LINE('',#5817,#2735);
#2696=LINE('',#5823,#2735);
#2697=LINE('',#5829,#2735);
#2698=LINE('',#5835,#2735);
#2699=LINE('',#5841,#2735);
#2700=LINE('',#5847,#2735);
#2701=LINE('',#5856,#2735);
#2702=LINE('',#5885,#2735);
#2703=LINE('',#5880,#2735);
#2704=LINE('',#5892,#2735);
#2705=LINE('',#5913,#2735);
#2706=LINE('',#5919,#2735);
#2707=LINE('',#5925,#2735);
#2708=LINE('',#5931,#2735);
#2709=LINE('',#5937,#2735);
#2710=LINE('',#5943,#2735);
#2711=LINE('',#5949,#2735);
#2712=LINE('',#5955,#2735);
#2713=LINE('',#5961,#2735);
#2714=LINE('',#5970,#2735);
#2715=LINE('',#6002,#2735);
#2716=LINE('',#5994,#2735);
#2717=LINE('',#6023,#2735);
#2718=LINE('',#6032,#2735);
#2719=LINE('',#6072,#2735);
#2720=LINE('',#6056,#2735);
#2721=LINE('',#6127,#2735);
#2722=LINE('',#6136,#2735);
#2723=LINE('',#6159,#2735);
#2724=LINE('',#6154,#2735);
#2725=LINE('',#6165,#2735);
#2726=LINE('',#6211,#2735);
#2727=LINE('',#6206,#2735);
#2728=LINE('',#6217,#2735);
#2729=LINE('',#6224,#2735);
#2730=LINE('',#6239,#2735);
#2731=LINE('',#6245,#2735);
#2732=LINE('',#6251,#2735);
#2733=VECTOR('',#4208,1000.);
#2734=VECTOR('',#4209,1000.);
#2735=VECTOR('',#4210,1000.);
#2736=VECTOR('',#4211,1000.);
#2737=VECTOR('',#4212,1000.);
#2738=VECTOR('',#4206,1000.);
#2739=VECTOR('',#4205,1000.);
#2740=VECTOR('',#4207,1000.);
#2741=VECTOR('',#4213,1000.);
#2742=VECTOR('',#4204,1000.);
#2743=VECTOR('',#4214,1000.);
#2744=VECTOR('',#4215,1000.);
#2745=VECTOR('',#4216,1000.);
#2746=VECTOR('',#4217,1000.);
#2747=VECTOR('',#4218,1000.);
#2748=VECTOR('',#4219,1000.);
#2749=VECTOR('',#4220,1000.);
#2750=VECTOR('',#4221,1000.);
#2751=VECTOR('',#4224,1000.);
#2752=VECTOR('',#4227,1000.);
#2753=VECTOR('',#4228,1000.);
#2754=VECTOR('',#4231,1000.);
#2755=VECTOR('',#4234,1000.);
#2756=VECTOR('',#4238,1000.);
#2757=VECTOR('',#4241,1000.);
#2758=VECTOR('',#4244,1000.);
#2759=VECTOR('',#4245,1000.);
#2760=VECTOR('',#4248,1000.);
#2761=VECTOR('',#4251,1000.);
#2762=EDGE_LOOP('',(#335,#336,#337,#338));
#2763=EDGE_LOOP('',(#339,#340,#341));
#2764=EDGE_LOOP('',(#342,#343,#344));
#2765=EDGE_LOOP('',(#345,#346,#347,#348,#349,#350,#351,#352,#353,#354,#355,#356));
#2766=EDGE_LOOP('',(#357,#358,#359,#360,#361,#362,#363,#364));
#2767=EDGE_LOOP('',(#365,#366,#367,#368,#369,#370,#371,#372,#373,#374,#375,#376));
#2768=EDGE_LOOP('',(#377,#378,#379,#380,#381,#382,#383,#384,#385,#386,#387,#388,#389,#390,#391,#392,#393,#394,#395,#396));
#2769=EDGE_LOOP('',(#397,#398,#399));
#2770=EDGE_LOOP('',(#400,#401,#402));
#2771=EDGE_LOOP('',(#403,#404,#405,#406,#407,#408,#409,#410));
#2772=EDGE_LOOP('',(#411,#412,#413,#414,#415,#416,#417,#418));
#2773=EDGE_LOOP('',(#419,#420,#421,#422,#423,#424));
#2774=EDGE_LOOP('',(#425,#426,#427,#428,#429,#430));
#2775=EDGE_LOOP('',(#431,#432,#433,#434,#435,#436,#437,#438));
#2776=EDGE_LOOP('',(#439,#440,#441,#442,#443,#444,#445,#446));
#2777=EDGE_LOOP('',(#447,#448,#449,#450,#451,#452,#453,#454,#455,#456,#457,#458,#459,#460,#461,#462));
#2778=EDGE_LOOP('',(#463,#464,#465,#466));
#2779=EDGE_LOOP('',(#467,#468,#469,#470));
#2780=EDGE_LOOP('',(#471,#472,#473,#474));
#2781=EDGE_LOOP('',(#475,#476,#477,#478));
#2782=EDGE_LOOP('',(#479,#480,#481,#482));
#2783=EDGE_LOOP('',(#483,#484,#485,#486));
#2784=EDGE_LOOP('',(#487,#488,#489,#490));
#2785=EDGE_LOOP('',(#491,#492,#493,#494));
#2786=EDGE_LOOP('',(#495,#496,#497,#498));
#2787=EDGE_LOOP('',(#499,#500,#501,#502));
#2788=EDGE_LOOP('',(#503,#504,#505,#506));
#2789=EDGE_LOOP('',(#507,#508,#509,#510));
#2790=EDGE_LOOP('',(#511,#512,#513,#514));
#2791=EDGE_LOOP('',(#515,#516,#517,#518));
#2792=EDGE_LOOP('',(#519,#520,#521,#522));
#2793=EDGE_LOOP('',(#523,#524,#525,#526));
#2794=EDGE_LOOP('',(#527,#528,#529,#530));
#2795=EDGE_LOOP('',(#531,#532,#533,#534));
#2796=EDGE_LOOP('',(#535,#536,#537,#538));
#2797=EDGE_LOOP('',(#539,#540,#541,#542));
#2798=EDGE_LOOP('',(#543,#544,#545,#546));
#2799=EDGE_LOOP('',(#547,#548,#549,#550));
#2800=EDGE_LOOP('',(#551,#552,#553,#554));
#2801=EDGE_LOOP('',(#555,#556,#557,#558));
#2802=EDGE_LOOP('',(#559,#560,#561,#562));
#2803=EDGE_LOOP('',(#563,#564,#565,#566));
#2804=EDGE_LOOP('',(#567,#568,#569,#570));
#2805=EDGE_LOOP('',(#571,#572,#573));
#2806=EDGE_LOOP('',(#574,#575,#576));
#2807=EDGE_LOOP('',(#577,#578,#579,#580,#581,#582));
#2808=EDGE_LOOP('',(#583,#584,#585,#586,#587,#588));
#2809=EDGE_LOOP('',(#589,#590,#591,#592));
#2810=EDGE_LOOP('',(#593,#594,#595,#596));
#2811=EDGE_LOOP('',(#597,#598,#599,#600));
#2812=EDGE_LOOP('',(#601,#602,#603,#604));
#2813=EDGE_LOOP('',(#605,#606,#607,#608));
#2814=EDGE_LOOP('',(#609,#610,#611,#612));
#2815=EDGE_LOOP('',(#613,#614,#615,#616));
#2816=EDGE_LOOP('',(#617,#618,#619,#620));
#2817=EDGE_LOOP('',(#621,#622,#623,#624));
#2818=EDGE_LOOP('',(#625,#626,#627));
#2819=EDGE_LOOP('',(#628,#629,#630));
#2820=EDGE_LOOP('',(#631,#632,#633,#634,#635,#636));
#2821=EDGE_LOOP('',(#637,#638,#639,#640,#641,#642));
#2822=EDGE_LOOP('',(#643,#644,#645,#646));
#2823=EDGE_LOOP('',(#647,#648,#649,#650));
#2824=EDGE_LOOP('',(#651,#652,#653,#654));
#2825=EDGE_LOOP('',(#655,#656,#657,#658));
#2826=EDGE_LOOP('',(#659,#660,#661,#662));
#2827=EDGE_LOOP('',(#663,#664,#665,#666));
#2828=EDGE_LOOP('',(#667,#668,#669,#670));
#2829=EDGE_LOOP('',(#671,#672,#673,#674));
#2830=EDGE_LOOP('',(#675,#676,#677,#678));
#2831=EDGE_LOOP('',(#679,#680,#681,#682));
#2832=EDGE_LOOP('',(#683,#684,#685,#686));
#2833=EDGE_LOOP('',(#687,#688,#689,#690));
#2834=EDGE_LOOP('',(#691,#692,#693,#694));
#2835=EDGE_LOOP('',(#695,#696,#697,#698));
#2836=EDGE_LOOP('',(#699,#700,#701,#702));
#2837=EDGE_LOOP('',(#703,#704,#705,#706));
#2838=EDGE_LOOP('',(#707,#708,#709,#710));
#2839=EDGE_LOOP('',(#711,#712,#713,#714));
#2840=EDGE_LOOP('',(#715,#716,#717,#718));
#2841=EDGE_LOOP('',(#719,#720,#721,#722));
#2842=EDGE_LOOP('',(#723,#724,#725,#726));
#2843=EDGE_LOOP('',(#727,#728,#729,#730,#731));
#2844=EDGE_LOOP('',(#732,#733,#734,#735,#736));
#2845=EDGE_LOOP('',(#737));
#2846=EDGE_LOOP('',(#738));
#2847=EDGE_LOOP('',(#739));
#2848=EDGE_LOOP('',(#740));
#2849=EDGE_LOOP('',(#741));
#2850=EDGE_LOOP('',(#742));
#2851=EDGE_LOOP('',(#743));
#2852=EDGE_LOOP('',(#744));
#2853=EDGE_LOOP('',(#745,#746,#747,#748));
#2854=EDGE_LOOP('',(#749,#750,#751,#752));
#2855=EDGE_LOOP('',(#753,#754,#755,#756));
#2856=EDGE_LOOP('',(#757,#758,#759,#760));
#2857=EDGE_LOOP('',(#761,#762,#763,#764));
#2858=EDGE_LOOP('',(#765,#766,#767,#768));
#2859=EDGE_LOOP('',(#769,#770,#771,#772));
#2860=EDGE_LOOP('',(#773,#774,#775,#776));
#2861=EDGE_LOOP('',(#777,#778,#779,#780,#781,#782,#783,#784));
#2862=EDGE_LOOP('',(#785,#786,#787,#788,#789,#790,#791,#792));
#2863=EDGE_LOOP('',(#793,#794,#795,#796));
#2864=EDGE_LOOP('',(#797,#798,#799,#800));
#2865=EDGE_LOOP('',(#801,#802,#803,#804));
#2866=EDGE_LOOP('',(#805,#806,#807,#808));
#2867=EDGE_LOOP('',(#809,#810,#811,#812));
#2868=EDGE_LOOP('',(#813,#814,#815,#816));
#2869=EDGE_LOOP('',(#817,#818,#819,#820,#821,#822));
#2870=EDGE_LOOP('',(#823,#824,#825,#826,#827,#828));
#2871=EDGE_LOOP('',(#829,#830,#831,#832));
#2872=EDGE_LOOP('',(#833,#834,#835,#836));
#2873=EDGE_LOOP('',(#837,#838,#839,#840));
#2874=EDGE_LOOP('',(#841,#842,#843,#844));
#2875=EDGE_LOOP('',(#845,#846,#847,#848));
#2876=EDGE_LOOP('',(#849,#850,#851,#852));
#2877=EDGE_LOOP('',(#853,#854,#855,#856));
#2878=EDGE_LOOP('',(#857,#858,#859,#860));
#2879=EDGE_LOOP('',(#861,#862,#863,#864));
#2880=EDGE_LOOP('',(#865,#866,#867,#868));
#2881=EDGE_LOOP('',(#869,#870,#871,#872));
#2882=EDGE_LOOP('',(#873,#874,#875,#876));
#2883=EDGE_LOOP('',(#877,#878,#879,#880));
#2884=EDGE_LOOP('',(#881,#882,#883,#884,#885,#886,#887,#888,#889,#890,#891,#892,#893));
#2885=EDGE_LOOP('',(#894,#895,#896,#897,#898,#899,#900,#901,#902,#903,#904,#905,#906));
#2886=EDGE_LOOP('',(#907,#908,#909,#910));
#2887=EDGE_LOOP('',(#911,#912,#913,#914));
#2888=EDGE_LOOP('',(#915,#916,#917,#918));
#2889=EDGE_LOOP('',(#919,#920,#921,#922));
#2890=EDGE_LOOP('',(#923,#924,#925,#926));
#2891=EDGE_LOOP('',(#927,#928,#929,#930));
#2892=EDGE_LOOP('',(#931,#932,#933,#934));
#2893=EDGE_LOOP('',(#935,#936,#937,#938));
#2894=EDGE_LOOP('',(#939,#940,#941,#942));
#2895=EDGE_LOOP('',(#943,#944,#945,#946));
#2896=EDGE_LOOP('',(#947,#948,#949,#950));
#2897=EDGE_LOOP('',(#951,#952,#953,#954));
#2898=EDGE_LOOP('',(#955,#956,#957,#958));
#2899=EDGE_LOOP('',(#959,#960,#961,#962));
#2900=EDGE_LOOP('',(#963,#964,#965,#966));
#2901=EDGE_LOOP('',(#967,#968,#969,#970));
#2902=EDGE_LOOP('',(#971,#972,#973,#974));
#2903=EDGE_LOOP('',(#975,#976,#977,#978));
#2904=EDGE_LOOP('',(#979,#980,#981,#982,#983,#984));
#2905=EDGE_LOOP('',(#985,#986,#987,#988,#989,#990));
#2906=EDGE_LOOP('',(#991,#992,#993,#994));
#2907=EDGE_LOOP('',(#995,#996,#997,#998));
#2908=EDGE_LOOP('',(#999,#1000,#1001,#1002));
#2909=EDGE_LOOP('',(#1003,#1004,#1005,#1006));
#2910=EDGE_LOOP('',(#1007,#1008,#1009,#1010));
#2911=EDGE_LOOP('',(#1011,#1012,#1013,#1014));
#2912=EDGE_LOOP('',(#1015,#1016,#1017,#1018));
#2913=EDGE_LOOP('',(#1019,#1020,#1021,#1022));
#2914=EDGE_LOOP('',(#1023,#1024,#1025,#1026,#1027,#1028,#1029,#1030));
#2915=EDGE_LOOP('',(#1031,#1032,#1033,#1034,#1035,#1036,#1037,#1038));
#2916=EDGE_LOOP('',(#1039,#1040,#1041,#1042));
#2917=EDGE_LOOP('',(#1043,#1044,#1045,#1046));
#2918=EDGE_LOOP('',(#1047,#1048,#1049,#1050));
#2919=EDGE_LOOP('',(#1051,#1052,#1053,#1054));
#2920=EDGE_LOOP('',(#1055,#1056,#1057,#1058));
#2921=EDGE_LOOP('',(#1059,#1060,#1061,#1062));
#2922=EDGE_LOOP('',(#1063,#1064));
#2923=EDGE_LOOP('',(#1065,#1066,#1067,#1068));
#2924=EDGE_LOOP('',(#1069,#1070));
#2925=EDGE_LOOP('',(#1071,#1072,#1073,#1074));
#2926=EDGE_LOOP('',(#1075,#1076,#1077,#1078));
#2927=EDGE_LOOP('',(#1079,#1080,#1081,#1082));
#2928=EDGE_LOOP('',(#1083,#1084,#1085,#1086));
#2929=EDGE_LOOP('',(#1087,#1088,#1089,#1090));
#2930=EDGE_LOOP('',(#1091,#1092,#1093,#1094));
#2931=EDGE_LOOP('',(#1095,#1096,#1097,#1098));
#2932=EDGE_LOOP('',(#1099,#1100,#1101,#1102));
#2933=EDGE_LOOP('',(#1103,#1104,#1105));
#2934=EDGE_LOOP('',(#1106,#1107,#1108,#1109));
#2935=EDGE_LOOP('',(#1110,#1111,#1112));
#2936=EDGE_LOOP('',(#1113,#1114,#1115,#1116));
#2937=EDGE_LOOP('',(#1117,#1118,#1119,#1120));
#2938=EDGE_LOOP('',(#1121,#1122,#1123,#1124));
#2939=EDGE_LOOP('',(#1125,#1126,#1127,#1128));
#2940=EDGE_LOOP('',(#1129,#1130,#1131,#1132));
#2941=EDGE_LOOP('',(#1133,#1134,#1135,#1136));
#2942=EDGE_LOOP('',(#1137,#1138,#1139,#1140));
#2943=EDGE_LOOP('',(#1141,#1142,#1143,#1144));
#2944=EDGE_LOOP('',(#1145,#1146,#1147,#1148));
#2945=EDGE_LOOP('',(#1149,#1150,#1151,#1152));
#2946=EDGE_LOOP('',(#1153,#1154,#1155,#1156));
#2947=EDGE_LOOP('',(#1157,#1158,#1159,#1160));
#2948=EDGE_LOOP('',(#1161,#1162,#1163,#1164));
#2949=EDGE_LOOP('',(#1165,#1166,#1167,#1168,#1169,#1170));
#2950=EDGE_LOOP('',(#1171,#1172,#1173,#1174,#1175,#1176));
#2951=EDGE_LOOP('',(#1177));
#2952=EDGE_LOOP('',(#1178));
#2953=EDGE_LOOP('',(#1179));
#2954=EDGE_LOOP('',(#1180));
#2955=EDGE_LOOP('',(#1181));
#2956=EDGE_LOOP('',(#1182));
#2957=EDGE_LOOP('',(#1183));
#2958=EDGE_LOOP('',(#1184));
#2959=EDGE_LOOP('',(#1185,#1186,#1187,#1188));
#2960=EDGE_LOOP('',(#1189,#1190,#1191,#1192));
#2961=EDGE_LOOP('',(#1193,#1194,#1195,#1196));
#2962=EDGE_LOOP('',(#1197,#1198,#1199,#1200));
#2963=EDGE_LOOP('',(#1201,#1202,#1203,#1204));
#2964=EDGE_LOOP('',(#1205,#1206,#1207,#1208));
#2965=EDGE_LOOP('',(#1209,#1210,#1211,#1212));
#2966=EDGE_LOOP('',(#1213,#1214,#1215));
#2967=EDGE_LOOP('',(#1216,#1217,#1218,#1219));
#2968=EDGE_LOOP('',(#1220,#1221,#1222));
#2969=EDGE_LOOP('',(#1223,#1224,#1225,#1226));
#2970=EDGE_LOOP('',(#1227,#1228,#1229,#1230));
#2971=EDGE_LOOP('',(#1231,#1232,#1233,#1234));
#2972=EDGE_LOOP('',(#1235,#1236,#1237,#1238));
#2973=EDGE_LOOP('',(#1239,#1240,#1241,#1242));
#2974=EDGE_LOOP('',(#1243,#1244,#1245,#1246));
#2975=EDGE_LOOP('',(#1247,#1248,#1249,#1250));
#2976=EDGE_LOOP('',(#1251,#1252,#1253,#1254));
#2977=EDGE_LOOP('',(#1255,#1256,#1257,#1258));
#2978=EDGE_LOOP('',(#1259,#1260,#1261,#1262));
#2979=EDGE_LOOP('',(#1263,#1264,#1265,#1266));
#2980=EDGE_LOOP('',(#1267,#1268,#1269,#1270));
#2981=EDGE_LOOP('',(#1271,#1272,#1273,#1274));
#2982=EDGE_LOOP('',(#1275,#1276,#1277,#1278));
#2983=EDGE_LOOP('',(#1279,#1280,#1281,#1282,#1283,#1284,#1285,#1286,#1287,#1288,#1289,#1290,#1291));
#2984=EDGE_LOOP('',(#1292,#1293,#1294,#1295,#1296,#1297,#1298,#1299,#1300,#1301,#1302,#1303,#1304));
#2985=EDGE_LOOP('',(#1305,#1306,#1307,#1308));
#2986=EDGE_LOOP('',(#1309,#1310,#1311,#1312));
#2987=EDGE_LOOP('',(#1313,#1314,#1315,#1316));
#2988=EDGE_LOOP('',(#1317,#1318,#1319,#1320));
#2989=EDGE_LOOP('',(#1321,#1322,#1323,#1324));
#2990=EDGE_LOOP('',(#1325,#1326,#1327,#1328));
#2991=EDGE_LOOP('',(#1329,#1330,#1331,#1332));
#2992=EDGE_LOOP('',(#1333,#1334,#1335,#1336));
#2993=EDGE_LOOP('',(#1337,#1338,#1339,#1340));
#2994=EDGE_LOOP('',(#1341,#1342,#1343,#1344));
#2995=EDGE_LOOP('',(#1345,#1346,#1347,#1348));
#2996=EDGE_LOOP('',(#1349,#1350,#1351,#1352));
#2997=EDGE_LOOP('',(#1353,#1354,#1355,#1356));
#2998=EDGE_LOOP('',(#1357,#1358,#1359,#1360,#1361,#1362,#1363,#1364,#1365,#1366,#1367,#1368,#1369));
#2999=EDGE_LOOP('',(#1370,#1371,#1372,#1373,#1374,#1375,#1376,#1377,#1378,#1379,#1380,#1381,#1382));
#3000=EDGE_LOOP('',(#1383,#1384,#1385,#1386));
#3001=EDGE_LOOP('',(#1387,#1388,#1389,#1390));
#3002=EDGE_LOOP('',(#1391,#1392,#1393,#1394));
#3003=EDGE_LOOP('',(#1395,#1396,#1397,#1398));
#3004=EDGE_LOOP('',(#1399,#1400,#1401,#1402));
#3005=EDGE_LOOP('',(#1403,#1404,#1405,#1406));
#3006=EDGE_LOOP('',(#1407,#1408,#1409,#1410));
#3007=EDGE_LOOP('',(#1411,#1412,#1413,#1414));
#3008=EDGE_LOOP('',(#1415,#1416,#1417,#1418));
#3009=EDGE_LOOP('',(#1419,#1420,#1421,#1422));
#3010=EDGE_LOOP('',(#1423,#1424,#1425,#1426));
#3011=EDGE_LOOP('',(#1427,#1428,#1429,#1430));
#3012=EDGE_LOOP('',(#1431,#1432,#1433,#1434));
#3013=EDGE_LOOP('',(#1435,#1436,#1437));
#3014=EDGE_LOOP('',(#1438,#1439,#1440,#1441));
#3015=EDGE_LOOP('',(#1442,#1443,#1444));
#3016=EDGE_LOOP('',(#1445,#1446,#1447,#1448));
#3017=EDGE_LOOP('',(#1449,#1450,#1451,#1452));
#3018=EDGE_LOOP('',(#1453,#1454,#1455,#1456));
#3019=EDGE_LOOP('',(#1457,#1458,#1459,#1460));
#3020=EDGE_LOOP('',(#1461,#1462,#1463,#1464));
#3021=EDGE_LOOP('',(#1465,#1466,#1467,#1468));
#3022=EDGE_LOOP('',(#1469,#1470,#1471,#1472));
#3023=EDGE_LOOP('',(#1473,#1474,#1475,#1476));
#3024=EDGE_LOOP('',(#1477,#1478,#1479,#1480,#1481,#1482,#1483));
#3025=EDGE_LOOP('',(#1484,#1485,#1486,#1487,#1488,#1489,#1490));
#3026=FACE_BOUND('',#2762,.T.);
#3027=FACE_BOUND('',#2763,.T.);
#3028=FACE_BOUND('',#2764,.T.);
#3029=FACE_BOUND('',#2765,.T.);
#3030=FACE_BOUND('',#2766,.T.);
#3031=FACE_BOUND('',#2767,.T.);
#3032=FACE_BOUND('',#2768,.T.);
#3033=FACE_BOUND('',#2769,.T.);
#3034=FACE_BOUND('',#2770,.T.);
#3035=FACE_BOUND('',#2771,.T.);
#3036=FACE_BOUND('',#2772,.T.);
#3037=FACE_BOUND('',#2773,.T.);
#3038=FACE_BOUND('',#2774,.T.);
#3039=FACE_BOUND('',#2775,.T.);
#3040=FACE_BOUND('',#2776,.T.);
#3041=FACE_BOUND('',#2777,.T.);
#3042=FACE_BOUND('',#2778,.T.);
#3043=FACE_BOUND('',#2779,.T.);
#3044=FACE_BOUND('',#2780,.T.);
#3045=FACE_BOUND('',#2781,.T.);
#3046=FACE_BOUND('',#2782,.T.);
#3047=FACE_BOUND('',#2783,.T.);
#3048=FACE_BOUND('',#2784,.T.);
#3049=FACE_BOUND('',#2785,.T.);
#3050=FACE_BOUND('',#2786,.T.);
#3051=FACE_BOUND('',#2787,.T.);
#3052=FACE_BOUND('',#2788,.T.);
#3053=FACE_BOUND('',#2789,.T.);
#3054=FACE_BOUND('',#2790,.T.);
#3055=FACE_BOUND('',#2791,.T.);
#3056=FACE_BOUND('',#2792,.T.);
#3057=FACE_BOUND('',#2793,.T.);
#3058=FACE_BOUND('',#2794,.T.);
#3059=FACE_BOUND('',#2795,.T.);
#3060=FACE_BOUND('',#2796,.T.);
#3061=FACE_BOUND('',#2797,.T.);
#3062=FACE_BOUND('',#2798,.T.);
#3063=FACE_BOUND('',#2799,.T.);
#3064=FACE_BOUND('',#2800,.T.);
#3065=FACE_BOUND('',#2801,.T.);
#3066=FACE_BOUND('',#2802,.T.);
#3067=FACE_BOUND('',#2803,.T.);
#3068=FACE_BOUND('',#2804,.T.);
#3069=FACE_BOUND('',#2805,.T.);
#3070=FACE_BOUND('',#2806,.T.);
#3071=FACE_BOUND('',#2807,.T.);
#3072=FACE_BOUND('',#2808,.T.);
#3073=FACE_BOUND('',#2809,.T.);
#3074=FACE_BOUND('',#2810,.T.);
#3075=FACE_BOUND('',#2811,.T.);
#3076=FACE_BOUND('',#2812,.T.);
#3077=FACE_BOUND('',#2813,.T.);
#3078=FACE_BOUND('',#2814,.T.);
#3079=FACE_BOUND('',#2815,.T.);
#3080=FACE_BOUND('',#2816,.T.);
#3081=FACE_BOUND('',#2817,.T.);
#3082=FACE_BOUND('',#2818,.T.);
#3083=FACE_BOUND('',#2819,.T.);
#3084=FACE_BOUND('',#2820,.T.);
#3085=FACE_BOUND('',#2821,.T.);
#3086=FACE_BOUND('',#2822,.T.);
#3087=FACE_BOUND('',#2823,.T.);
#3088=FACE_BOUND('',#2824,.T.);
#3089=FACE_BOUND('',#2825,.T.);
#3090=FACE_BOUND('',#2826,.T.);
#3091=FACE_BOUND('',#2827,.T.);
#3092=FACE_BOUND('',#2828,.T.);
#3093=FACE_BOUND('',#2829,.T.);
#3094=FACE_BOUND('',#2830,.T.);
#3095=FACE_BOUND('',#2831,.T.);
#3096=FACE_BOUND('',#2832,.T.);
#3097=FACE_BOUND('',#2833,.T.);
#3098=FACE_BOUND('',#2834,.T.);
#3099=FACE_BOUND('',#2835,.T.);
#3100=FACE_BOUND('',#2836,.T.);
#3101=FACE_BOUND('',#2837,.T.);
#3102=FACE_BOUND('',#2838,.T.);
#3103=FACE_BOUND('',#2839,.T.);
#3104=FACE_BOUND('',#2840,.T.);
#3105=FACE_BOUND('',#2841,.T.);
#3106=FACE_BOUND('',#2842,.T.);
#3107=FACE_BOUND('',#2843,.T.);
#3108=FACE_BOUND('',#2844,.T.);
#3109=FACE_BOUND('',#2845,.T.);
#3110=FACE_BOUND('',#2846,.T.);
#3111=FACE_BOUND('',#2847,.T.);
#3112=FACE_BOUND('',#2848,.T.);
#3113=FACE_BOUND('',#2849,.T.);
#3114=FACE_BOUND('',#2850,.T.);
#3115=FACE_BOUND('',#2851,.T.);
#3116=FACE_BOUND('',#2852,.T.);
#3117=FACE_BOUND('',#2853,.T.);
#3118=FACE_BOUND('',#2854,.T.);
#3119=FACE_BOUND('',#2855,.T.);
#3120=FACE_BOUND('',#2856,.T.);
#3121=FACE_BOUND('',#2857,.T.);
#3122=FACE_BOUND('',#2858,.T.);
#3123=FACE_BOUND('',#2859,.T.);
#3124=FACE_BOUND('',#2860,.T.);
#3125=FACE_BOUND('',#2861,.T.);
#3126=FACE_BOUND('',#2862,.T.);
#3127=FACE_BOUND('',#2863,.T.);
#3128=FACE_BOUND('',#2864,.T.);
#3129=FACE_BOUND('',#2865,.T.);
#3130=FACE_BOUND('',#2866,.T.);
#3131=FACE_BOUND('',#2867,.T.);
#3132=FACE_BOUND('',#2868,.T.);
#3133=FACE_BOUND('',#2869,.T.);
#3134=FACE_BOUND('',#2870,.T.);
#3135=FACE_BOUND('',#2871,.T.);
#3136=FACE_BOUND('',#2872,.T.);
#3137=FACE_BOUND('',#2873,.T.);
#3138=FACE_BOUND('',#2874,.T.);
#3139=FACE_BOUND('',#2875,.T.);
#3140=FACE_BOUND('',#2876,.T.);
#3141=FACE_BOUND('',#2877,.T.);
#3142=FACE_BOUND('',#2878,.T.);
#3143=FACE_BOUND('',#2879,.T.);
#3144=FACE_BOUND('',#2880,.T.);
#3145=FACE_BOUND('',#2881,.T.);
#3146=FACE_BOUND('',#2882,.T.);
#3147=FACE_BOUND('',#2883,.T.);
#3148=FACE_BOUND('',#2884,.T.);
#3149=FACE_BOUND('',#2885,.T.);
#3150=FACE_BOUND('',#2886,.T.);
#3151=FACE_BOUND('',#2887,.T.);
#3152=FACE_BOUND('',#2888,.T.);
#3153=FACE_BOUND('',#2889,.T.);
#3154=FACE_BOUND('',#2890,.T.);
#3155=FACE_BOUND('',#2891,.T.);
#3156=FACE_BOUND('',#2892,.T.);
#3157=FACE_BOUND('',#2893,.T.);
#3158=FACE_BOUND('',#2894,.T.);
#3159=FACE_BOUND('',#2895,.T.);
#3160=FACE_BOUND('',#2896,.T.);
#3161=FACE_BOUND('',#2897,.T.);
#3162=FACE_BOUND('',#2898,.T.);
#3163=FACE_BOUND('',#2899,.T.);
#3164=FACE_BOUND('',#2900,.T.);
#3165=FACE_BOUND('',#2901,.T.);
#3166=FACE_BOUND('',#2902,.T.);
#3167=FACE_BOUND('',#2903,.T.);
#3168=FACE_BOUND('',#2904,.T.);
#3169=FACE_BOUND('',#2905,.T.);
#3170=FACE_BOUND('',#2906,.T.);
#3171=FACE_BOUND('',#2907,.T.);
#3172=FACE_BOUND('',#2908,.T.);
#3173=FACE_BOUND('',#2909,.T.);
#3174=FACE_BOUND('',#2910,.T.);
#3175=FACE_BOUND('',#2911,.T.);
#3176=FACE_BOUND('',#2912,.T.);
#3177=FACE_BOUND('',#2913,.T.);
#3178=FACE_BOUND('',#2914,.T.);
#3179=FACE_BOUND('',#2915,.T.);
#3180=FACE_BOUND('',#2916,.T.);
#3181=FACE_BOUND('',#2917,.T.);
#3182=FACE_BOUND('',#2918,.T.);
#3183=FACE_BOUND('',#2919,.T.);
#3184=FACE_BOUND('',#2920,.T.);
#3185=FACE_BOUND('',#2921,.T.);
#3186=FACE_BOUND('',#2922,.T.);
#3187=FACE_BOUND('',#2923,.T.);
#3188=FACE_BOUND('',#2924,.T.);
#3189=FACE_BOUND('',#2925,.T.);
#3190=FACE_BOUND('',#2926,.T.);
#3191=FACE_BOUND('',#2927,.T.);
#3192=FACE_BOUND('',#2928,.T.);
#3193=FACE_BOUND('',#2929,.T.);
#3194=FACE_BOUND('',#2930,.T.);
#3195=FACE_BOUND('',#2931,.T.);
#3196=FACE_BOUND('',#2932,.T.);
#3197=FACE_BOUND('',#2933,.T.);
#3198=FACE_BOUND('',#2934,.T.);
#3199=FACE_BOUND('',#2935,.T.);
#3200=FACE_BOUND('',#2936,.T.);
#3201=FACE_BOUND('',#2937,.T.);
#3202=FACE_BOUND('',#2938,.T.);
#3203=FACE_BOUND('',#2939,.T.);
#3204=FACE_BOUND('',#2940,.T.);
#3205=FACE_BOUND('',#2941,.T.);
#3206=FACE_BOUND('',#2942,.T.);
#3207=FACE_BOUND('',#2943,.T.);
#3208=FACE_BOUND('',#2944,.T.);
#3209=FACE_BOUND('',#2945,.T.);
#3210=FACE_BOUND('',#2946,.T.);
#3211=FACE_BOUND('',#2947,.T.);
#3212=FACE_BOUND('',#2948,.T.);
#3213=FACE_BOUND('',#2949,.T.);
#3214=FACE_BOUND('',#2950,.T.);
#3215=FACE_BOUND('',#2951,.T.);
#3216=FACE_BOUND('',#2952,.T.);
#3217=FACE_BOUND('',#2953,.T.);
#3218=FACE_BOUND('',#2954,.T.);
#3219=FACE_BOUND('',#2955,.T.);
#3220=FACE_BOUND('',#2956,.T.);
#3221=FACE_BOUND('',#2957,.T.);
#3222=FACE_BOUND('',#2958,.T.);
#3223=FACE_BOUND('',#2959,.T.);
#3224=FACE_BOUND('',#2960,.T.);
#3225=FACE_BOUND('',#2961,.T.);
#3226=FACE_BOUND('',#2962,.T.);
#3227=FACE_BOUND('',#2963,.T.);
#3228=FACE_BOUND('',#2964,.T.);
#3229=FACE_BOUND('',#2965,.T.);
#3230=FACE_BOUND('',#2966,.T.);
#3231=FACE_BOUND('',#2967,.T.);
#3232=FACE_BOUND('',#2968,.T.);
#3233=FACE_BOUND('',#2969,.T.);
#3234=FACE_BOUND('',#2970,.T.);
#3235=FACE_BOUND('',#2971,.T.);
#3236=FACE_BOUND('',#2972,.T.);
#3237=FACE_BOUND('',#2973,.T.);
#3238=FACE_BOUND('',#2974,.T.);
#3239=FACE_BOUND('',#2975,.T.);
#3240=FACE_BOUND('',#2976,.T.);
#3241=FACE_BOUND('',#2977,.T.);
#3242=FACE_BOUND('',#2978,.T.);
#3243=FACE_BOUND('',#2979,.T.);
#3244=FACE_BOUND('',#2980,.T.);
#3245=FACE_BOUND('',#2981,.T.);
#3246=FACE_BOUND('',#2982,.T.);
#3247=FACE_BOUND('',#2983,.T.);
#3248=FACE_BOUND('',#2984,.T.);
#3249=FACE_BOUND('',#2985,.T.);
#3250=FACE_BOUND('',#2986,.T.);
#3251=FACE_BOUND('',#2987,.T.);
#3252=FACE_BOUND('',#2988,.T.);
#3253=FACE_BOUND('',#2989,.T.);
#3254=FACE_BOUND('',#2990,.T.);
#3255=FACE_BOUND('',#2991,.T.);
#3256=FACE_BOUND('',#2992,.T.);
#3257=FACE_BOUND('',#2993,.T.);
#3258=FACE_BOUND('',#2994,.T.);
#3259=FACE_BOUND('',#2995,.T.);
#3260=FACE_BOUND('',#2996,.T.);
#3261=FACE_BOUND('',#2997,.T.);
#3262=FACE_BOUND('',#2998,.T.);
#3263=FACE_BOUND('',#2999,.T.);
#3264=FACE_BOUND('',#3000,.T.);
#3265=FACE_BOUND('',#3001,.T.);
#3266=FACE_BOUND('',#3002,.T.);
#3267=FACE_BOUND('',#3003,.T.);
#3268=FACE_BOUND('',#3004,.T.);
#3269=FACE_BOUND('',#3005,.T.);
#3270=FACE_BOUND('',#3006,.T.);
#3271=FACE_BOUND('',#3007,.T.);
#3272=FACE_BOUND('',#3008,.T.);
#3273=FACE_BOUND('',#3009,.T.);
#3274=FACE_BOUND('',#3010,.T.);
#3275=FACE_BOUND('',#3011,.T.);
#3276=FACE_BOUND('',#3012,.T.);
#3277=FACE_BOUND('',#3013,.T.);
#3278=FACE_BOUND('',#3014,.T.);
#3279=FACE_BOUND('',#3015,.T.);
#3280=FACE_BOUND('',#3016,.T.);
#3281=FACE_BOUND('',#3017,.T.);
#3282=FACE_BOUND('',#3018,.T.);
#3283=FACE_BOUND('',#3019,.T.);
#3284=FACE_BOUND('',#3020,.T.);
#3285=FACE_BOUND('',#3021,.T.);
#3286=FACE_BOUND('',#3022,.T.);
#3287=FACE_BOUND('',#3023,.T.);
#3288=FACE_BOUND('',#3024,.T.);
#3289=FACE_BOUND('',#3025,.T.);
#3290=PLANE('',#4015);
#3291=PLANE('',#4016);
#3292=PLANE('',#4017);
#3293=PLANE('',#4018);
#3294=PLANE('',#4019);
#3295=PLANE('',#4020);
#3296=PLANE('',#4021);
#3297=PLANE('',#4022);
#3298=PLANE('',#4023);
#3299=PLANE('',#4024);
#3300=PLANE('',#4025);
#3301=PLANE('',#4026);
#3302=PLANE('',#4027);
#3303=PLANE('',#4028);
#3304=PLANE('',#4029);
#3305=PLANE('',#4030);
#3306=PLANE('',#4031);
#3307=PLANE('',#4032);
#3308=PLANE('',#4033);
#3309=PLANE('',#4034);
#3310=PLANE('',#4035);
#3311=PLANE('',#4036);
#3312=PLANE('',#4037);
#3313=PLANE('',#4038);
#3314=PLANE('',#4039);
#3315=PLANE('',#4040);
#3316=PLANE('',#4041);
#3317=PLANE('',#4042);
#3318=PLANE('',#4043);
#3319=PLANE('',#4044);
#3320=PLANE('',#4045);
#3321=PLANE('',#4046);
#3322=PLANE('',#4047);
#3323=PLANE('',#4048);
#3324=PLANE('',#4049);
#3325=PLANE('',#4050);
#3326=PLANE('',#4051);
#3327=PLANE('',#4052);
#3328=PLANE('',#4053);
#3329=PLANE('',#4054);
#3330=PLANE('',#4055);
#3331=PLANE('',#4056);
#3332=PLANE('',#4057);
#3333=PLANE('',#4058);
#3334=PLANE('',#4059);
#3335=PLANE('',#4060);
#3336=PLANE('',#4061);
#3337=PLANE('',#4062);
#3338=PLANE('',#4063);
#3339=PLANE('',#4064);
#3340=PLANE('',#4065);
#3341=PLANE('',#4066);
#3342=PLANE('',#4067);
#3343=PLANE('',#4068);
#3344=PLANE('',#4069);
#3345=PLANE('',#4070);
#3346=PLANE('',#4071);
#3347=PLANE('',#4072);
#3348=PLANE('',#4073);
#3349=PLANE('',#4074);
#3350=PLANE('',#4075);
#3351=PLANE('',#4076);
#3352=PLANE('',#4077);
#3353=PLANE('',#4078);
#3354=PLANE('',#4079);
#3355=PLANE('',#4080);
#3356=PLANE('',#4081);
#3357=PLANE('',#4082);
#3358=PLANE('',#4083);
#3359=PLANE('',#4084);
#3360=PLANE('',#4085);
#3361=PLANE('',#4086);
#3362=PLANE('',#4087);
#3363=PLANE('',#4088);
#3364=PLANE('',#4089);
#3365=PLANE('',#4090);
#3366=PLANE('',#4091);
#3367=PLANE('',#4092);
#3368=PLANE('',#4093);
#3369=PLANE('',#4094);
#3370=PLANE('',#4095);
#3371=PLANE('',#4096);
#3372=PLANE('',#4097);
#3373=PLANE('',#4098);
#3374=PLANE('',#4099);
#3375=PLANE('',#4100);
#3376=PLANE('',#4101);
#3377=PLANE('',#4102);
#3378=PLANE('',#4103);
#3379=PLANE('',#4104);
#3380=PLANE('',#4105);
#3381=PLANE('',#4106);
#3382=PLANE('',#4107);
#3383=PLANE('',#4108);
#3384=PLANE('',#4109);
#3385=PLANE('',#4110);
#3386=PLANE('',#4111);
#3387=PLANE('',#4112);
#3388=PLANE('',#4113);
#3389=PLANE('',#4114);
#3390=PLANE('',#4115);
#3391=PLANE('',#4116);
#3392=PLANE('',#4117);
#3393=PLANE('',#4118);
#3394=PLANE('',#4119);
#3395=PLANE('',#4120);
#3396=PLANE('',#4121);
#3397=PLANE('',#4122);
#3398=PLANE('',#4123);
#3399=PLANE('',#4124);
#3400=PLANE('',#4125);
#3401=PLANE('',#4126);
#3402=PLANE('',#4127);
#3403=PLANE('',#4128);
#3404=PLANE('',#4129);
#3405=PLANE('',#4130);
#3406=PLANE('',#4131);
#3407=PLANE('',#4132);
#3408=PLANE('',#4133);
#3409=PLANE('',#4134);
#3410=PLANE('',#4135);
#3411=PLANE('',#4136);
#3412=PLANE('',#4137);
#3413=PLANE('',#4138);
#3414=PLANE('',#4139);
#3415=PLANE('',#4140);
#3416=PLANE('',#4141);
#3417=PLANE('',#4142);
#3418=PLANE('',#4143);
#3419=PLANE('',#4144);
#3420=PLANE('',#4145);
#3421=PLANE('',#4146);
#3422=PLANE('',#4147);
#3423=PLANE('',#4148);
#3424=PLANE('',#4149);
#3425=PLANE('',#4150);
#3426=PLANE('',#4151);
#3427=PLANE('',#4152);
#3428=PLANE('',#4153);
#3429=PLANE('',#4154);
#3430=PLANE('',#4155);
#3431=PLANE('',#4156);
#3432=PLANE('',#4157);
#3433=PLANE('',#4158);
#3434=PLANE('',#4159);
#3435=PLANE('',#4160);
#3436=PLANE('',#4161);
#3437=PLANE('',#4162);
#3438=PLANE('',#4163);
#3439=PLANE('',#4164);
#3440=PLANE('',#4165);
#3441=PLANE('',#4166);
#3442=PLANE('',#4167);
#3443=PLANE('',#4168);
#3444=PLANE('',#4169);
#3445=PLANE('',#4170);
#3446=PLANE('',#4171);
#3447=PLANE('',#4172);
#3448=PLANE('',#4173);
#3449=PLANE('',#4174);
#3450=PLANE('',#4175);
#3451=PLANE('',#4176);
#3452=PLANE('',#4177);
#3453=PLANE('',#4178);
#3454=PLANE('',#4179);
#3455=PLANE('',#4180);
#3456=PLANE('',#4181);
#3457=PLANE('',#4182);
#3458=PLANE('',#4183);
#3459=PLANE('',#4184);
#3460=PLANE('',#4185);
#3461=PLANE('',#4186);
#3462=PLANE('',#4187);
#3463=PLANE('',#4188);
#3464=PLANE('',#4189);
#3465=PLANE('',#4190);
#3466=PLANE('',#4191);
#3467=PLANE('',#4192);
#3468=PLANE('',#4193);
#3469=PLANE('',#4194);
#3470=PLANE('',#4195);
#3471=PLANE('',#4196);
#3472=PLANE('',#4197);
#3473=PLANE('',#4198);
#3474=PLANE('',#4199);
#3475=PLANE('',#4200);
#3476=PLANE('',#4201);
#3477=PLANE('',#4202);
#3478=PLANE('',#4203);
#3479=STYLED_ITEM('',(#3725),#3744);
#3480=STYLED_ITEM('',(#3725),#3745);
#3481=STYLED_ITEM('',(#3725),#3746);
#3482=STYLED_ITEM('',(#3725),#3747);
#3483=STYLED_ITEM('',(#3725),#3748);
#3484=STYLED_ITEM('',(#3725),#3749);
#3485=STYLED_ITEM('',(#3725),#3750);
#3486=STYLED_ITEM('',(#3725),#3751);
#3487=STYLED_ITEM('',(#3725),#3752);
#3488=STYLED_ITEM('',(#3725),#3753);
#3489=STYLED_ITEM('',(#3725),#3754);
#3490=STYLED_ITEM('',(#3725),#3755);
#3491=STYLED_ITEM('',(#3725),#3756);
#3492=STYLED_ITEM('',(#3725),#3757);
#3493=STYLED_ITEM('',(#3725),#3758);
#3494=STYLED_ITEM('',(#3725),#3759);
#3495=STYLED_ITEM('',(#3725),#3760);
#3496=STYLED_ITEM('',(#3725),#3761);
#3497=STYLED_ITEM('',(#3726),#3762);
#3498=STYLED_ITEM('',(#3726),#3763);
#3499=STYLED_ITEM('',(#3726),#3764);
#3500=STYLED_ITEM('',(#3726),#3765);
#3501=STYLED_ITEM('',(#3726),#3766);
#3502=STYLED_ITEM('',(#3726),#3767);
#3503=STYLED_ITEM('',(#3726),#3768);
#3504=STYLED_ITEM('',(#3726),#3769);
#3505=STYLED_ITEM('',(#3726),#3770);
#3506=STYLED_ITEM('',(#3726),#3771);
#3507=STYLED_ITEM('',(#3726),#3772);
#3508=STYLED_ITEM('',(#3726),#3773);
#3509=STYLED_ITEM('',(#3726),#3774);
#3510=STYLED_ITEM('',(#3726),#3775);
#3511=STYLED_ITEM('',(#3726),#3776);
#3512=STYLED_ITEM('',(#3726),#3777);
#3513=STYLED_ITEM('',(#3726),#3778);
#3514=STYLED_ITEM('',(#3726),#3779);
#3515=STYLED_ITEM('',(#3725),#3780);
#3516=STYLED_ITEM('',(#3725),#3781);
#3517=STYLED_ITEM('',(#3725),#3782);
#3518=STYLED_ITEM('',(#3725),#3783);
#3519=STYLED_ITEM('',(#3725),#3784);
#3520=STYLED_ITEM('',(#3725),#3785);
#3521=STYLED_ITEM('',(#3725),#3786);
#3522=STYLED_ITEM('',(#3725),#3787);
#3523=STYLED_ITEM('',(#3725),#3788);
#3524=STYLED_ITEM('',(#3726),#3789);
#3525=STYLED_ITEM('',(#3726),#3790);
#3526=STYLED_ITEM('',(#3726),#3791);
#3527=STYLED_ITEM('',(#3726),#3792);
#3528=STYLED_ITEM('',(#3726),#3793);
#3529=STYLED_ITEM('',(#3726),#3794);
#3530=STYLED_ITEM('',(#3726),#3795);
#3531=STYLED_ITEM('',(#3726),#3796);
#3532=STYLED_ITEM('',(#3726),#3797);
#3533=STYLED_ITEM('',(#3725),#3798);
#3534=STYLED_ITEM('',(#3725),#3799);
#3535=STYLED_ITEM('',(#3725),#3800);
#3536=STYLED_ITEM('',(#3725),#3801);
#3537=STYLED_ITEM('',(#3726),#3802);
#3538=STYLED_ITEM('',(#3726),#3803);
#3539=STYLED_ITEM('',(#3726),#3804);
#3540=STYLED_ITEM('',(#3726),#3805);
#3541=STYLED_ITEM('',(#3726),#3806);
#3542=STYLED_ITEM('',(#3726),#3807);
#3543=STYLED_ITEM('',(#3726),#3808);
#3544=STYLED_ITEM('',(#3726),#3809);
#3545=STYLED_ITEM('',(#3726),#3810);
#3546=STYLED_ITEM('',(#3725),#3811);
#3547=STYLED_ITEM('',(#3725),#3812);
#3548=STYLED_ITEM('',(#3725),#3813);
#3549=STYLED_ITEM('',(#3725),#3814);
#3550=STYLED_ITEM('',(#3725),#3815);
#3551=STYLED_ITEM('',(#3725),#3816);
#3552=STYLED_ITEM('',(#3725),#3817);
#3553=STYLED_ITEM('',(#3727),#3818);
#3554=STYLED_ITEM('',(#3727),#3819);
#3555=STYLED_ITEM('',(#3727),#3820);
#3556=STYLED_ITEM('',(#3727),#3821);
#3557=STYLED_ITEM('',(#3727),#3822);
#3558=STYLED_ITEM('',(#3727),#3823);
#3559=STYLED_ITEM('',(#3727),#3824);
#3560=STYLED_ITEM('',(#3727),#3825);
#3561=STYLED_ITEM('',(#3727),#3826);
#3562=STYLED_ITEM('',(#3727),#3827);
#3563=STYLED_ITEM('',(#3727),#3828);
#3564=STYLED_ITEM('',(#3727),#3829);
#3565=STYLED_ITEM('',(#3727),#3830);
#3566=STYLED_ITEM('',(#3727),#3831);
#3567=STYLED_ITEM('',(#3727),#3832);
#3568=STYLED_ITEM('',(#3727),#3833);
#3569=STYLED_ITEM('',(#3727),#3834);
#3570=STYLED_ITEM('',(#3727),#3835);
#3571=STYLED_ITEM('',(#3727),#3836);
#3572=STYLED_ITEM('',(#3727),#3837);
#3573=STYLED_ITEM('',(#3727),#3838);
#3574=STYLED_ITEM('',(#3727),#3839);
#3575=STYLED_ITEM('',(#3727),#3840);
#3576=STYLED_ITEM('',(#3727),#3841);
#3577=STYLED_ITEM('',(#3727),#3842);
#3578=STYLED_ITEM('',(#3727),#3843);
#3579=STYLED_ITEM('',(#3727),#3844);
#3580=STYLED_ITEM('',(#3727),#3845);
#3581=STYLED_ITEM('',(#3727),#3846);
#3582=STYLED_ITEM('',(#3727),#3847);
#3583=STYLED_ITEM('',(#3727),#3848);
#3584=STYLED_ITEM('',(#3727),#3849);
#3585=STYLED_ITEM('',(#3727),#3850);
#3586=STYLED_ITEM('',(#3727),#3851);
#3587=STYLED_ITEM('',(#3727),#3852);
#3588=STYLED_ITEM('',(#3727),#3853);
#3589=STYLED_ITEM('',(#3727),#3854);
#3590=STYLED_ITEM('',(#3727),#3855);
#3591=STYLED_ITEM('',(#3727),#3856);
#3592=STYLED_ITEM('',(#3727),#3857);
#3593=STYLED_ITEM('',(#3727),#3858);
#3594=STYLED_ITEM('',(#3727),#3859);
#3595=STYLED_ITEM('',(#3727),#3860);
#3596=STYLED_ITEM('',(#3727),#3861);
#3597=STYLED_ITEM('',(#3727),#3862);
#3598=STYLED_ITEM('',(#3727),#3863);
#3599=STYLED_ITEM('',(#3727),#3864);
#3600=STYLED_ITEM('',(#3727),#3865);
#3601=STYLED_ITEM('',(#3727),#3866);
#3602=STYLED_ITEM('',(#3727),#3867);
#3603=STYLED_ITEM('',(#3727),#3868);
#3604=STYLED_ITEM('',(#3727),#3869);
#3605=STYLED_ITEM('',(#3727),#3870);
#3606=STYLED_ITEM('',(#3727),#3871);
#3607=STYLED_ITEM('',(#3727),#3872);
#3608=STYLED_ITEM('',(#3727),#3873);
#3609=STYLED_ITEM('',(#3727),#3874);
#3610=STYLED_ITEM('',(#3727),#3875);
#3611=STYLED_ITEM('',(#3727),#3876);
#3612=STYLED_ITEM('',(#3727),#3877);
#3613=STYLED_ITEM('',(#3727),#3878);
#3614=STYLED_ITEM('',(#3727),#3879);
#3615=STYLED_ITEM('',(#3727),#3880);
#3616=STYLED_ITEM('',(#3727),#3881);
#3617=STYLED_ITEM('',(#3727),#3882);
#3618=STYLED_ITEM('',(#3727),#3883);
#3619=STYLED_ITEM('',(#3727),#3884);
#3620=STYLED_ITEM('',(#3727),#3885);
#3621=STYLED_ITEM('',(#3727),#3886);
#3622=STYLED_ITEM('',(#3727),#3887);
#3623=STYLED_ITEM('',(#3727),#3888);
#3624=STYLED_ITEM('',(#3727),#3889);
#3625=STYLED_ITEM('',(#3727),#3890);
#3626=STYLED_ITEM('',(#3727),#3891);
#3627=STYLED_ITEM('',(#3727),#3892);
#3628=STYLED_ITEM('',(#3727),#3893);
#3629=STYLED_ITEM('',(#3727),#3894);
#3630=STYLED_ITEM('',(#3727),#3895);
#3631=STYLED_ITEM('',(#3727),#3896);
#3632=STYLED_ITEM('',(#3727),#3897);
#3633=STYLED_ITEM('',(#3727),#3898);
#3634=STYLED_ITEM('',(#3727),#3899);
#3635=STYLED_ITEM('',(#3727),#3900);
#3636=STYLED_ITEM('',(#3727),#3901);
#3637=STYLED_ITEM('',(#3727),#3902);
#3638=STYLED_ITEM('',(#3727),#3903);
#3639=STYLED_ITEM('',(#3727),#3904);
#3640=STYLED_ITEM('',(#3727),#3905);
#3641=STYLED_ITEM('',(#3727),#3906);
#3642=STYLED_ITEM('',(#3727),#3907);
#3643=STYLED_ITEM('',(#3727),#3908);
#3644=STYLED_ITEM('',(#3727),#3909);
#3645=STYLED_ITEM('',(#3727),#3910);
#3646=STYLED_ITEM('',(#3727),#3911);
#3647=STYLED_ITEM('',(#3727),#3912);
#3648=STYLED_ITEM('',(#3727),#3913);
#3649=STYLED_ITEM('',(#3727),#3914);
#3650=STYLED_ITEM('',(#3727),#3915);
#3651=STYLED_ITEM('',(#3727),#3916);
#3652=STYLED_ITEM('',(#3727),#3917);
#3653=STYLED_ITEM('',(#3727),#3918);
#3654=STYLED_ITEM('',(#3727),#3919);
#3655=STYLED_ITEM('',(#3727),#3920);
#3656=STYLED_ITEM('',(#3727),#3921);
#3657=STYLED_ITEM('',(#3727),#3922);
#3658=STYLED_ITEM('',(#3727),#3923);
#3659=STYLED_ITEM('',(#3727),#3924);
#3660=STYLED_ITEM('',(#3727),#3925);
#3661=STYLED_ITEM('',(#3727),#3926);
#3662=STYLED_ITEM('',(#3727),#3927);
#3663=STYLED_ITEM('',(#3727),#3928);
#3664=STYLED_ITEM('',(#3727),#3929);
#3665=STYLED_ITEM('',(#3727),#3930);
#3666=STYLED_ITEM('',(#3727),#3931);
#3667=STYLED_ITEM('',(#3727),#3932);
#3668=STYLED_ITEM('',(#3727),#3933);
#3669=STYLED_ITEM('',(#3727),#3934);
#3670=STYLED_ITEM('',(#3727),#3935);
#3671=STYLED_ITEM('',(#3727),#3936);
#3672=STYLED_ITEM('',(#3727),#3937);
#3673=STYLED_ITEM('',(#3727),#3938);
#3674=STYLED_ITEM('',(#3727),#3939);
#3675=STYLED_ITEM('',(#3727),#3940);
#3676=STYLED_ITEM('',(#3727),#3941);
#3677=STYLED_ITEM('',(#3727),#3942);
#3678=STYLED_ITEM('',(#3727),#3943);
#3679=STYLED_ITEM('',(#3727),#3944);
#3680=STYLED_ITEM('',(#3727),#3945);
#3681=STYLED_ITEM('',(#3727),#3946);
#3682=STYLED_ITEM('',(#3727),#3947);
#3683=STYLED_ITEM('',(#3727),#3948);
#3684=STYLED_ITEM('',(#3727),#3949);
#3685=STYLED_ITEM('',(#3727),#3950);
#3686=STYLED_ITEM('',(#3727),#3951);
#3687=STYLED_ITEM('',(#3727),#3952);
#3688=STYLED_ITEM('',(#3727),#3953);
#3689=STYLED_ITEM('',(#3727),#3954);
#3690=STYLED_ITEM('',(#3727),#3955);
#3691=STYLED_ITEM('',(#3727),#3956);
#3692=STYLED_ITEM('',(#3727),#3957);
#3693=STYLED_ITEM('',(#3727),#3958);
#3694=STYLED_ITEM('',(#3727),#3959);
#3695=STYLED_ITEM('',(#3727),#3960);
#3696=STYLED_ITEM('',(#3727),#3961);
#3697=STYLED_ITEM('',(#3727),#3962);
#3698=STYLED_ITEM('',(#3727),#3963);
#3699=STYLED_ITEM('',(#3727),#3964);
#3700=STYLED_ITEM('',(#3727),#3965);
#3701=STYLED_ITEM('',(#3727),#3966);
#3702=STYLED_ITEM('',(#3727),#3967);
#3703=STYLED_ITEM('',(#3727),#3968);
#3704=STYLED_ITEM('',(#3727),#3969);
#3705=STYLED_ITEM('',(#3727),#3970);
#3706=STYLED_ITEM('',(#3727),#3971);
#3707=STYLED_ITEM('',(#3727),#3972);
#3708=STYLED_ITEM('',(#3727),#3973);
#3709=STYLED_ITEM('',(#3727),#3974);
#3710=STYLED_ITEM('',(#3727),#3975);
#3711=STYLED_ITEM('',(#3727),#3976);
#3712=STYLED_ITEM('',(#3727),#3977);
#3713=STYLED_ITEM('',(#3727),#3978);
#3714=STYLED_ITEM('',(#3727),#3979);
#3715=STYLED_ITEM('',(#3727),#3980);
#3716=STYLED_ITEM('',(#3727),#3981);
#3717=STYLED_ITEM('',(#3727),#3982);
#3718=STYLED_ITEM('',(#3727),#3983);
#3719=STYLED_ITEM('',(#3727),#3984);
#3720=STYLED_ITEM('',(#3727),#3985);
#3721=STYLED_ITEM('',(#3727),#3986);
#3722=STYLED_ITEM('',(#3727),#3987);
#3723=STYLED_ITEM('',(#3727),#3988);
#3724=STYLED_ITEM('',(#3727),#3989);
#3725=PRESENTATION_STYLE_ASSIGNMENT((#3728));
#3726=PRESENTATION_STYLE_ASSIGNMENT((#3729));
#3727=PRESENTATION_STYLE_ASSIGNMENT((#3730));
#3728=SURFACE_STYLE_USAGE(.BOTH.,#3731);
#3729=SURFACE_STYLE_USAGE(.BOTH.,#3732);
#3730=SURFACE_STYLE_USAGE(.BOTH.,#3733);
#3731=SURFACE_SIDE_STYLE('',(#3734));
#3732=SURFACE_SIDE_STYLE('',(#3735));
#3733=SURFACE_SIDE_STYLE('',(#3736));
#3734=SURFACE_STYLE_FILL_AREA(#3737);
#3735=SURFACE_STYLE_FILL_AREA(#3738);
#3736=SURFACE_STYLE_FILL_AREA(#3739);
#3737=FILL_AREA_STYLE('',(#3740));
#3738=FILL_AREA_STYLE('',(#3741));
#3739=FILL_AREA_STYLE('',(#3742));
#3740=FILL_AREA_STYLE_COLOUR('',#3743);
#3741=FILL_AREA_STYLE_COLOUR('',#333);
#3742=FILL_AREA_STYLE_COLOUR('',#334);
#3743=DRAUGHTING_PRE_DEFINED_COLOUR('white');
#3744=ADVANCED_FACE('',(#3026),#3290,.F.);
#3745=ADVANCED_FACE('',(#3027),#3291,.T.);
#3746=ADVANCED_FACE('',(#3028),#3292,.T.);
#3747=ADVANCED_FACE('',(#3029),#3293,.T.);
#3748=ADVANCED_FACE('',(#3030),#3293,.T.);
#3749=ADVANCED_FACE('',(#3031),#3294,.T.);
#3750=ADVANCED_FACE('',(#3032),#3295,.T.);
#3751=ADVANCED_FACE('',(#3033),#3296,.T.);
#3752=ADVANCED_FACE('',(#3034),#3297,.T.);
#3753=ADVANCED_FACE('',(#3035),#3293,.T.);
#3754=ADVANCED_FACE('',(#3036),#3298,.T.);
#3755=ADVANCED_FACE('',(#3037),#3299,.F.);
#3756=ADVANCED_FACE('',(#3038),#3300,.F.);
#3757=ADVANCED_FACE('',(#3039),#3290,.F.);
#3758=ADVANCED_FACE('',(#3040),#3301,.T.);
#3759=ADVANCED_FACE('',(#3041),#3302,.F.);
#3760=ADVANCED_FACE('',(#3042),#3303,.F.);
#3761=ADVANCED_FACE('',(#3043),#3290,.F.);
#3762=ADVANCED_FACE('',(#3044),#3304,.F.);
#3763=ADVANCED_FACE('',(#3045),#3305,.F.);
#3764=ADVANCED_FACE('',(#3046),#3306,.T.);
#3765=ADVANCED_FACE('',(#3047),#3307,.T.);
#3766=ADVANCED_FACE('',(#3048),#3308,.T.);
#3767=ADVANCED_FACE('',(#3049),#3309,.T.);
#3768=ADVANCED_FACE('',(#3050),#3310,.T.);
#3769=ADVANCED_FACE('',(#3051),#3311,.T.);
#3770=ADVANCED_FACE('',(#3052),#3312,.T.);
#3771=ADVANCED_FACE('',(#3053),#3313,.T.);
#3772=ADVANCED_FACE('',(#3054),#3314,.T.);
#3773=ADVANCED_FACE('',(#3055),#3315,.T.);
#3774=ADVANCED_FACE('',(#3056),#3316,.T.);
#3775=ADVANCED_FACE('',(#3057),#3317,.T.);
#3776=ADVANCED_FACE('',(#3058),#3318,.T.);
#3777=ADVANCED_FACE('',(#3059),#3319,.T.);
#3778=ADVANCED_FACE('',(#3060),#3320,.T.);
#3779=ADVANCED_FACE('',(#3061),#3321,.T.);
#3780=ADVANCED_FACE('',(#3062,#3063,#3064),#3322,.F.);
#3781=ADVANCED_FACE('',(#3065),#3323,.T.);
#3782=ADVANCED_FACE('',(#3066),#3324,.T.);
#3783=ADVANCED_FACE('',(#3067),#3324,.T.);
#3784=ADVANCED_FACE('',(#3068),#3323,.T.);
#3785=ADVANCED_FACE('',(#3069),#3296,.T.);
#3786=ADVANCED_FACE('',(#3070),#3297,.T.);
#3787=ADVANCED_FACE('',(#3071),#3325,.T.);
#3788=ADVANCED_FACE('',(#3072),#3326,.T.);
#3789=ADVANCED_FACE('',(#3073),#3327,.F.);
#3790=ADVANCED_FACE('',(#3074),#3328,.T.);
#3791=ADVANCED_FACE('',(#3075),#3329,.T.);
#3792=ADVANCED_FACE('',(#3076),#3330,.T.);
#3793=ADVANCED_FACE('',(#3077),#3331,.T.);
#3794=ADVANCED_FACE('',(#3078),#3319,.T.);
#3795=ADVANCED_FACE('',(#3079),#3318,.T.);
#3796=ADVANCED_FACE('',(#3080),#3321,.T.);
#3797=ADVANCED_FACE('',(#3081),#3320,.T.);
#3798=ADVANCED_FACE('',(#3082),#3291,.T.);
#3799=ADVANCED_FACE('',(#3083),#3292,.T.);
#3800=ADVANCED_FACE('',(#3084),#3332,.T.);
#3801=ADVANCED_FACE('',(#3085),#3333,.T.);
#3802=ADVANCED_FACE('',(#3086),#3334,.F.);
#3803=ADVANCED_FACE('',(#3087),#3335,.T.);
#3804=ADVANCED_FACE('',(#3088),#3336,.T.);
#3805=ADVANCED_FACE('',(#3089),#3337,.T.);
#3806=ADVANCED_FACE('',(#3090),#3338,.T.);
#3807=ADVANCED_FACE('',(#3091),#3315,.T.);
#3808=ADVANCED_FACE('',(#3092),#3314,.T.);
#3809=ADVANCED_FACE('',(#3093),#3317,.T.);
#3810=ADVANCED_FACE('',(#3094),#3316,.T.);
#3811=ADVANCED_FACE('',(#3095),#3339,.F.);
#3812=ADVANCED_FACE('',(#3096),#3340,.F.);
#3813=ADVANCED_FACE('',(#3097),#3341,.F.);
#3814=ADVANCED_FACE('',(#3098),#3342,.F.);
#3815=ADVANCED_FACE('',(#3099),#3343,.F.);
#3816=ADVANCED_FACE('',(#3100),#3344,.F.);
#3817=ADVANCED_FACE('',(#3101),#3345,.F.);
#3818=ADVANCED_FACE('',(#3102),#3346,.F.);
#3819=ADVANCED_FACE('',(#3103),#30,.F.);
#3820=ADVANCED_FACE('',(#3104),#3347,.F.);
#3821=ADVANCED_FACE('',(#3105),#31,.F.);
#3822=ADVANCED_FACE('',(#3106),#3348,.F.);
#3823=ADVANCED_FACE('',(#3107),#3349,.F.);
#3824=ADVANCED_FACE('',(#3108),#3350,.T.);
#3825=ADVANCED_FACE('',(#3109,#3110),#32,.F.);
#3826=ADVANCED_FACE('',(#3111,#3112),#33,.F.);
#3827=ADVANCED_FACE('',(#3113,#3114),#3351,.F.);
#3828=ADVANCED_FACE('',(#3115,#3116),#3352,.T.);
#3829=ADVANCED_FACE('',(#3117),#34,.F.);
#3830=ADVANCED_FACE('',(#3118),#3353,.F.);
#3831=ADVANCED_FACE('',(#3119),#35,.F.);
#3832=ADVANCED_FACE('',(#3120),#3354,.F.);
#3833=ADVANCED_FACE('',(#3121),#3355,.F.);
#3834=ADVANCED_FACE('',(#3122),#3356,.F.);
#3835=ADVANCED_FACE('',(#3123),#3357,.F.);
#3836=ADVANCED_FACE('',(#3124),#3358,.F.);
#3837=ADVANCED_FACE('',(#3125),#3359,.F.);
#3838=ADVANCED_FACE('',(#3126),#3360,.T.);
#3839=ADVANCED_FACE('',(#3127),#36,.F.);
#3840=ADVANCED_FACE('',(#3128),#3361,.F.);
#3841=ADVANCED_FACE('',(#3129),#37,.F.);
#3842=ADVANCED_FACE('',(#3130),#3362,.F.);
#3843=ADVANCED_FACE('',(#3131),#3363,.F.);
#3844=ADVANCED_FACE('',(#3132),#3364,.F.);
#3845=ADVANCED_FACE('',(#3133),#3365,.F.);
#3846=ADVANCED_FACE('',(#3134),#3366,.T.);
#3847=ADVANCED_FACE('',(#3135),#3367,.F.);
#3848=ADVANCED_FACE('',(#3136),#3368,.F.);
#3849=ADVANCED_FACE('',(#3137),#3369,.F.);
#3850=ADVANCED_FACE('',(#3138),#3370,.F.);
#3851=ADVANCED_FACE('',(#3139),#3371,.F.);
#3852=ADVANCED_FACE('',(#3140),#3372,.F.);
#3853=ADVANCED_FACE('',(#3141),#3373,.F.);
#3854=ADVANCED_FACE('',(#3142),#3374,.F.);
#3855=ADVANCED_FACE('',(#3143),#3375,.F.);
#3856=ADVANCED_FACE('',(#3144),#3376,.F.);
#3857=ADVANCED_FACE('',(#3145),#3377,.F.);
#3858=ADVANCED_FACE('',(#3146),#3378,.F.);
#3859=ADVANCED_FACE('',(#3147),#3379,.F.);
#3860=ADVANCED_FACE('',(#3148),#3380,.F.);
#3861=ADVANCED_FACE('',(#3149),#3381,.T.);
#3862=ADVANCED_FACE('',(#3150),#3382,.F.);
#3863=ADVANCED_FACE('',(#3151),#3383,.F.);
#3864=ADVANCED_FACE('',(#3152),#3384,.F.);
#3865=ADVANCED_FACE('',(#3153),#3385,.F.);
#3866=ADVANCED_FACE('',(#3154),#3386,.F.);
#3867=ADVANCED_FACE('',(#3155),#3387,.T.);
#3868=ADVANCED_FACE('',(#3156),#3388,.F.);
#3869=ADVANCED_FACE('',(#3157),#3389,.F.);
#3870=ADVANCED_FACE('',(#3158),#3390,.F.);
#3871=ADVANCED_FACE('',(#3159),#3391,.F.);
#3872=ADVANCED_FACE('',(#3160),#3392,.F.);
#3873=ADVANCED_FACE('',(#3161),#3393,.T.);
#3874=ADVANCED_FACE('',(#3162),#3394,.F.);
#3875=ADVANCED_FACE('',(#3163),#38,.F.);
#3876=ADVANCED_FACE('',(#3164),#39,.F.);
#3877=ADVANCED_FACE('',(#3165),#3395,.F.);
#3878=ADVANCED_FACE('',(#3166),#40,.F.);
#3879=ADVANCED_FACE('',(#3167),#41,.F.);
#3880=ADVANCED_FACE('',(#3168),#3396,.F.);
#3881=ADVANCED_FACE('',(#3169),#3397,.T.);
#3882=ADVANCED_FACE('',(#3170),#42,.F.);
#3883=ADVANCED_FACE('',(#3171),#3398,.F.);
#3884=ADVANCED_FACE('',(#3172),#43,.F.);
#3885=ADVANCED_FACE('',(#3173),#3399,.F.);
#3886=ADVANCED_FACE('',(#3174),#3400,.F.);
#3887=ADVANCED_FACE('',(#3175),#3401,.F.);
#3888=ADVANCED_FACE('',(#3176),#3402,.F.);
#3889=ADVANCED_FACE('',(#3177),#3403,.F.);
#3890=ADVANCED_FACE('',(#3178),#3404,.F.);
#3891=ADVANCED_FACE('',(#3179),#3405,.T.);
#3892=ADVANCED_FACE('',(#3180),#3406,.F.);
#3893=ADVANCED_FACE('',(#3181),#44,.F.);
#3894=ADVANCED_FACE('',(#3182),#45,.F.);
#3895=ADVANCED_FACE('',(#3183),#3407,.F.);
#3896=ADVANCED_FACE('',(#3184),#46,.F.);
#3897=ADVANCED_FACE('',(#3185),#47,.F.);
#3898=ADVANCED_FACE('',(#3186,#3187),#3408,.F.);
#3899=ADVANCED_FACE('',(#3188,#3189),#3409,.T.);
#3900=ADVANCED_FACE('',(#3190),#48,.F.);
#3901=ADVANCED_FACE('',(#3191),#3410,.F.);
#3902=ADVANCED_FACE('',(#3192),#49,.F.);
#3903=ADVANCED_FACE('',(#3193),#3411,.F.);
#3904=ADVANCED_FACE('',(#3194),#3412,.F.);
#3905=ADVANCED_FACE('',(#3195),#50,.F.);
#3906=ADVANCED_FACE('',(#3196),#3413,.F.);
#3907=ADVANCED_FACE('',(#3197,#3198),#3414,.F.);
#3908=ADVANCED_FACE('',(#3199,#3200),#3415,.T.);
#3909=ADVANCED_FACE('',(#3201),#51,.F.);
#3910=ADVANCED_FACE('',(#3202),#3416,.F.);
#3911=ADVANCED_FACE('',(#3203),#52,.F.);
#3912=ADVANCED_FACE('',(#3204),#3417,.F.);
#3913=ADVANCED_FACE('',(#3205),#3418,.T.);
#3914=ADVANCED_FACE('',(#3206),#3419,.F.);
#3915=ADVANCED_FACE('',(#3207),#3420,.F.);
#3916=ADVANCED_FACE('',(#3208),#3421,.F.);
#3917=ADVANCED_FACE('',(#3209),#3422,.F.);
#3918=ADVANCED_FACE('',(#3210),#3423,.F.);
#3919=ADVANCED_FACE('',(#3211),#3424,.F.);
#3920=ADVANCED_FACE('',(#3212),#3425,.F.);
#3921=ADVANCED_FACE('',(#3213),#3426,.F.);
#3922=ADVANCED_FACE('',(#3214),#3427,.T.);
#3923=ADVANCED_FACE('',(#3215,#3216),#53,.F.);
#3924=ADVANCED_FACE('',(#3217,#3218),#54,.F.);
#3925=ADVANCED_FACE('',(#3219,#3220),#3428,.F.);
#3926=ADVANCED_FACE('',(#3221,#3222),#3429,.T.);
#3927=ADVANCED_FACE('',(#3223),#55,.F.);
#3928=ADVANCED_FACE('',(#3224),#3430,.F.);
#3929=ADVANCED_FACE('',(#3225),#56,.F.);
#3930=ADVANCED_FACE('',(#3226),#3431,.F.);
#3931=ADVANCED_FACE('',(#3227),#3432,.F.);
#3932=ADVANCED_FACE('',(#3228),#57,.F.);
#3933=ADVANCED_FACE('',(#3229),#3433,.F.);
#3934=ADVANCED_FACE('',(#3230,#3231),#3434,.F.);
#3935=ADVANCED_FACE('',(#3232,#3233),#3435,.T.);
#3936=ADVANCED_FACE('',(#3234),#3436,.F.);
#3937=ADVANCED_FACE('',(#3235),#58,.F.);
#3938=ADVANCED_FACE('',(#3236),#3437,.F.);
#3939=ADVANCED_FACE('',(#3237),#3438,.F.);
#3940=ADVANCED_FACE('',(#3238),#3439,.F.);
#3941=ADVANCED_FACE('',(#3239),#3440,.F.);
#3942=ADVANCED_FACE('',(#3240),#3441,.F.);
#3943=ADVANCED_FACE('',(#3241),#3442,.F.);
#3944=ADVANCED_FACE('',(#3242),#3443,.F.);
#3945=ADVANCED_FACE('',(#3243),#3444,.F.);
#3946=ADVANCED_FACE('',(#3244),#3445,.F.);
#3947=ADVANCED_FACE('',(#3245),#59,.F.);
#3948=ADVANCED_FACE('',(#3246),#3446,.F.);
#3949=ADVANCED_FACE('',(#3247),#3447,.T.);
#3950=ADVANCED_FACE('',(#3248),#3448,.F.);
#3951=ADVANCED_FACE('',(#3249),#3449,.F.);
#3952=ADVANCED_FACE('',(#3250),#60,.F.);
#3953=ADVANCED_FACE('',(#3251),#3450,.F.);
#3954=ADVANCED_FACE('',(#3252),#3451,.F.);
#3955=ADVANCED_FACE('',(#3253),#3452,.F.);
#3956=ADVANCED_FACE('',(#3254),#3453,.F.);
#3957=ADVANCED_FACE('',(#3255),#3454,.F.);
#3958=ADVANCED_FACE('',(#3256),#3455,.F.);
#3959=ADVANCED_FACE('',(#3257),#3456,.F.);
#3960=ADVANCED_FACE('',(#3258),#3457,.F.);
#3961=ADVANCED_FACE('',(#3259),#3458,.F.);
#3962=ADVANCED_FACE('',(#3260),#61,.F.);
#3963=ADVANCED_FACE('',(#3261),#3459,.F.);
#3964=ADVANCED_FACE('',(#3262),#3460,.T.);
#3965=ADVANCED_FACE('',(#3263),#3461,.F.);
#3966=ADVANCED_FACE('',(#3264),#62,.F.);
#3967=ADVANCED_FACE('',(#3265),#3462,.F.);
#3968=ADVANCED_FACE('',(#3266),#63,.F.);
#3969=ADVANCED_FACE('',(#3267),#3463,.F.);
#3970=ADVANCED_FACE('',(#3268),#3464,.T.);
#3971=ADVANCED_FACE('',(#3269),#3465,.F.);
#3972=ADVANCED_FACE('',(#3270),#64,.F.);
#3973=ADVANCED_FACE('',(#3271),#3466,.F.);
#3974=ADVANCED_FACE('',(#3272),#65,.F.);
#3975=ADVANCED_FACE('',(#3273),#3467,.F.);
#3976=ADVANCED_FACE('',(#3274),#3468,.F.);
#3977=ADVANCED_FACE('',(#3275),#66,.F.);
#3978=ADVANCED_FACE('',(#3276),#3469,.F.);
#3979=ADVANCED_FACE('',(#3277,#3278),#3470,.F.);
#3980=ADVANCED_FACE('',(#3279,#3280),#3471,.T.);
#3981=ADVANCED_FACE('',(#3281),#3472,.F.);
#3982=ADVANCED_FACE('',(#3282),#3473,.F.);
#3983=ADVANCED_FACE('',(#3283),#67,.F.);
#3984=ADVANCED_FACE('',(#3284),#3474,.F.);
#3985=ADVANCED_FACE('',(#3285),#3475,.F.);
#3986=ADVANCED_FACE('',(#3286),#3476,.F.);
#3987=ADVANCED_FACE('',(#3287),#68,.F.);
#3988=ADVANCED_FACE('',(#3288),#3477,.T.);
#3989=ADVANCED_FACE('',(#3289),#3478,.F.);
#3990=CLOSED_SHELL('',(#3744,#3745,#3746,#3747,#3748,#3749,#3750,#3751,#3752,#3753,#3754,#3755,#3756,#3757,#3758,#3759,#3760,#3761,#3762,#3763,#3764,#3765,#3766,#3767,#3768,#3769,#3770,#3771,#3772,#3773,#3774,#3775,#3776,#3777,#3778,#3779,#3780,#3781,#3782,#3783,#3784,#3785,#3786,#3787,#3788,#3789,#3790,#3791,#3792,#3793,#3794,#3795,#3796,#3797,#3798,#3799,#3800,#3801,#3802,#3803,#3804,#3805,#3806,#3807,#3808,#3809,#3810,#3811,#3812,#3813,#3814,#3815,#3816,#3817));
#3991=CLOSED_SHELL('',(#3818,#3819,#3820,#3821,#3822,#3823,#3824));
#3992=CLOSED_SHELL('',(#3825,#3826,#3827,#3828));
#3993=CLOSED_SHELL('',(#3829,#3830,#3831,#3832,#3833,#3834,#3835,#3836,#3837,#3838));
#3994=CLOSED_SHELL('',(#3839,#3840,#3841,#3842,#3843,#3844,#3845,#3846));
#3995=CLOSED_SHELL('',(#3847,#3848,#3849,#3850,#3851,#3852,#3853,#3854,#3855,#3856,#3857,#3858,#3859,#3860,#3861));
#3996=CLOSED_SHELL('',(#3862,#3863,#3864,#3865,#3866,#3867));
#3997=CLOSED_SHELL('',(#3868,#3869,#3870,#3871,#3872,#3873));
#3998=CLOSED_SHELL('',(#3874,#3875,#3876,#3877,#3878,#3879,#3880,#3881));
#3999=CLOSED_SHELL('',(#3882,#3883,#3884,#3885,#3886,#3887,#3888,#3889,#3890,#3891));
#4000=CLOSED_SHELL('',(#3892,#3893,#3894,#3895,#3896,#3897,#3898,#3899));
#4001=CLOSED_SHELL('',(#3900,#3901,#3902,#3903,#3904,#3905,#3906,#3907,#3908));
#4002=CLOSED_SHELL('',(#3909,#3910,#3911,#3912,#3913,#3914));
#4003=CLOSED_SHELL('',(#3915,#3916,#3917,#3918,#3919,#3920,#3921,#3922));
#4004=CLOSED_SHELL('',(#3923,#3924,#3925,#3926));
#4005=CLOSED_SHELL('',(#3927,#3928,#3929,#3930,#3931,#3932,#3933,#3934,#3935));
#4006=CLOSED_SHELL('',(#3936,#3937,#3938,#3939,#3940,#3941,#3942,#3943,#3944,#3945,#3946,#3947,#3948,#3949,#3950));
#4007=CLOSED_SHELL('',(#3951,#3952,#3953,#3954,#3955,#3956,#3957,#3958,#3959,#3960,#3961,#3962,#3963,#3964,#3965));
#4008=CLOSED_SHELL('',(#3966,#3967,#3968,#3969,#3970,#3971));
#4009=CLOSED_SHELL('',(#3972,#3973,#3974,#3975,#3976,#3977,#3978,#3979,#3980));
#4010=CLOSED_SHELL('',(#3981,#3982,#3983,#3984,#3985,#3986,#3987,#3988,#3989));
#4011=BREP_WITH_VOIDS('',#3990,(#10,#11,#12,#13,#14,#15,#16,#17,#18,#19,#20,#21,#22,#23,#24,#25,#26,#27,#28,#29));
#4012=SHAPE_DEFINITION_REPRESENTATION(#6282,#4013);
#4013=SHAPE_REPRESENTATION('JST - XH - Thru - 2Pin',(#4014),#6277);
#4014=AXIS2_PLACEMENT_3D('',#4280,#4204,#4205);
#4015=AXIS2_PLACEMENT_3D('',#4281,#4206,#4207);
#4016=AXIS2_PLACEMENT_3D('',#4288,#4207,#4204);
#4017=AXIS2_PLACEMENT_3D('',#4293,#4205,#4206);
#4018=AXIS2_PLACEMENT_3D('',#4280,#4206,#4207);
#4019=AXIS2_PLACEMENT_3D('',#4316,#4210,#4204);
#4020=AXIS2_PLACEMENT_3D('',#4323,#4208,#4206);
#4021=AXIS2_PLACEMENT_3D('',#4334,#4207,#4204);
#4022=AXIS2_PLACEMENT_3D('',#4321,#4205,#4206);
#4023=AXIS2_PLACEMENT_3D('',#4329,#4207,#4204);
#4024=AXIS2_PLACEMENT_3D('',#4345,#4207,#4204);
#4025=AXIS2_PLACEMENT_3D('',#4353,#4205,#4206);
#4026=AXIS2_PLACEMENT_3D('',#4319,#4205,#4206);
#4027=AXIS2_PLACEMENT_3D('',#4284,#4222,#4223);
#4028=AXIS2_PLACEMENT_3D('',#4351,#4210,#4204);
#4029=AXIS2_PLACEMENT_3D('',#4371,#4206,#4207);
#4030=AXIS2_PLACEMENT_3D('',#4380,#4206,#4207);
#4031=AXIS2_PLACEMENT_3D('',#4389,#4225,#4226);
#4032=AXIS2_PLACEMENT_3D('',#4394,#4229,#4230);
#4033=AXIS2_PLACEMENT_3D('',#4397,#4232,#4233);
#4034=AXIS2_PLACEMENT_3D('',#4400,#4235,#4236);
#4035=AXIS2_PLACEMENT_3D('',#4401,#4235,#4236);
#4036=AXIS2_PLACEMENT_3D('',#4406,#4225,#4226);
#4037=AXIS2_PLACEMENT_3D('',#4409,#4229,#4230);
#4038=AXIS2_PLACEMENT_3D('',#4412,#4232,#4233);
#4039=AXIS2_PLACEMENT_3D('',#4390,#4205,#4206);
#4040=AXIS2_PLACEMENT_3D('',#4395,#4210,#4204);
#4041=AXIS2_PLACEMENT_3D('',#4398,#4207,#4204);
#4042=AXIS2_PLACEMENT_3D('',#4391,#4208,#4206);
#4043=AXIS2_PLACEMENT_3D('',#4402,#4208,#4206);
#4044=AXIS2_PLACEMENT_3D('',#4407,#4205,#4206);
#4045=AXIS2_PLACEMENT_3D('',#4410,#4210,#4204);
#4046=AXIS2_PLACEMENT_3D('',#4403,#4207,#4204);
#4047=AXIS2_PLACEMENT_3D('',#4421,#4206,#4207);
#4048=AXIS2_PLACEMENT_3D('',#4363,#4208,#4206);
#4049=AXIS2_PLACEMENT_3D('',#4362,#4237,#4221);
#4050=AXIS2_PLACEMENT_3D('',#4310,#4239,#4212);
#4051=AXIS2_PLACEMENT_3D('',#4422,#4240,#4238);
#4052=AXIS2_PLACEMENT_3D('',#4423,#4204,#4205);
#4053=AXIS2_PLACEMENT_3D('',#4432,#4242,#4243);
#4054=AXIS2_PLACEMENT_3D('',#4437,#4246,#4247);
#4055=AXIS2_PLACEMENT_3D('',#4440,#4249,#4250);
#4056=AXIS2_PLACEMENT_3D('',#4443,#4252,#4253);
#4057=AXIS2_PLACEMENT_3D('',#4294,#4239,#4212);
#4058=AXIS2_PLACEMENT_3D('',#4444,#4240,#4238);
#4059=AXIS2_PLACEMENT_3D('',#4445,#4204,#4205);
#4060=AXIS2_PLACEMENT_3D('',#4454,#4246,#4247);
#4061=AXIS2_PLACEMENT_3D('',#4459,#4249,#4250);
#4062=AXIS2_PLACEMENT_3D('',#4462,#4252,#4253);
#4063=AXIS2_PLACEMENT_3D('',#4465,#4242,#4243);
#4064=AXIS2_PLACEMENT_3D('',#4364,#4206,#4207);
#4065=AXIS2_PLACEMENT_3D('',#4282,#4254,#4255);
#4066=AXIS2_PLACEMENT_3D('',#4369,#4256,#4257);
#4067=AXIS2_PLACEMENT_3D('',#4370,#4207,#4204);
#4068=AXIS2_PLACEMENT_3D('',#4365,#4205,#4206);
#4069=AXIS2_PLACEMENT_3D('',#4366,#4258,#4259);
#4070=AXIS2_PLACEMENT_3D('',#4367,#4260,#4261);
#4071=AXIS2_PLACEMENT_3D('',#4466,#4205,#4206);
#4072=AXIS2_PLACEMENT_3D('',#4478,#4207,#4204);
#4073=AXIS2_PLACEMENT_3D('',#4510,#4204,#4205);
#4074=AXIS2_PLACEMENT_3D('',#4532,#4208,#4206);
#4075=AXIS2_PLACEMENT_3D('',#4533,#4208,#4206);
#4076=AXIS2_PLACEMENT_3D('',#4676,#4208,#4206);
#4077=AXIS2_PLACEMENT_3D('',#4677,#4208,#4206);
#4078=AXIS2_PLACEMENT_3D('',#4688,#4206,#4207);
#4079=AXIS2_PLACEMENT_3D('',#4733,#4205,#4206);
#4080=AXIS2_PLACEMENT_3D('',#4745,#4206,#4207);
#4081=AXIS2_PLACEMENT_3D('',#4751,#4207,#4204);
#4082=AXIS2_PLACEMENT_3D('',#4757,#4262,#4263);
#4083=AXIS2_PLACEMENT_3D('',#4763,#4205,#4206);
#4084=AXIS2_PLACEMENT_3D('',#4770,#4208,#4206);
#4085=AXIS2_PLACEMENT_3D('',#4771,#4208,#4206);
#4086=AXIS2_PLACEMENT_3D('',#4782,#4206,#4207);
#4087=AXIS2_PLACEMENT_3D('',#4814,#4205,#4206);
#4088=AXIS2_PLACEMENT_3D('',#4841,#4264,#4265);
#4089=AXIS2_PLACEMENT_3D('',#4847,#4207,#4204);
#4090=AXIS2_PLACEMENT_3D('',#4854,#4208,#4206);
#4091=AXIS2_PLACEMENT_3D('',#4855,#4208,#4206);
#4092=AXIS2_PLACEMENT_3D('',#4856,#4205,#4206);
#4093=AXIS2_PLACEMENT_3D('',#4859,#4206,#4207);
#4094=AXIS2_PLACEMENT_3D('',#4861,#4207,#4204);
#4095=AXIS2_PLACEMENT_3D('',#4863,#4266,#4267);
#4096=AXIS2_PLACEMENT_3D('',#4865,#4206,#4207);
#4097=AXIS2_PLACEMENT_3D('',#4867,#4268,#4269);
#4098=AXIS2_PLACEMENT_3D('',#4869,#4205,#4206);
#4099=AXIS2_PLACEMENT_3D('',#4871,#4206,#4207);
#4100=AXIS2_PLACEMENT_3D('',#4873,#4207,#4204);
#4101=AXIS2_PLACEMENT_3D('',#4875,#4270,#4271);
#4102=AXIS2_PLACEMENT_3D('',#4877,#4272,#4273);
#4103=AXIS2_PLACEMENT_3D('',#4879,#4274,#4275);
#4104=AXIS2_PLACEMENT_3D('',#4881,#4276,#4277);
#4105=AXIS2_PLACEMENT_3D('',#4882,#4208,#4206);
#4106=AXIS2_PLACEMENT_3D('',#4883,#4208,#4206);
#4107=AXIS2_PLACEMENT_3D('',#4884,#4205,#4206);
#4108=AXIS2_PLACEMENT_3D('',#4887,#4206,#4207);
#4109=AXIS2_PLACEMENT_3D('',#4889,#4207,#4204);
#4110=AXIS2_PLACEMENT_3D('',#4891,#4204,#4205);
#4111=AXIS2_PLACEMENT_3D('',#4892,#4208,#4206);
#4112=AXIS2_PLACEMENT_3D('',#4893,#4208,#4206);
#4113=AXIS2_PLACEMENT_3D('',#4894,#4205,#4206);
#4114=AXIS2_PLACEMENT_3D('',#4897,#4206,#4207);
#4115=AXIS2_PLACEMENT_3D('',#4899,#4207,#4204);
#4116=AXIS2_PLACEMENT_3D('',#4901,#4204,#4205);
#4117=AXIS2_PLACEMENT_3D('',#4902,#4208,#4206);
#4118=AXIS2_PLACEMENT_3D('',#4903,#4208,#4206);
#4119=AXIS2_PLACEMENT_3D('',#4904,#4205,#4206);
#4120=AXIS2_PLACEMENT_3D('',#4948,#4205,#4206);
#4121=AXIS2_PLACEMENT_3D('',#5018,#4208,#4206);
#4122=AXIS2_PLACEMENT_3D('',#5019,#4208,#4206);
#4123=AXIS2_PLACEMENT_3D('',#5030,#4206,#4207);
#4124=AXIS2_PLACEMENT_3D('',#5062,#4205,#4206);
#4125=AXIS2_PLACEMENT_3D('',#5083,#4206,#4207);
#4126=AXIS2_PLACEMENT_3D('',#5089,#4207,#4204);
#4127=AXIS2_PLACEMENT_3D('',#5095,#4278,#4279);
#4128=AXIS2_PLACEMENT_3D('',#5101,#4205,#4206);
#4129=AXIS2_PLACEMENT_3D('',#5108,#4208,#4206);
#4130=AXIS2_PLACEMENT_3D('',#5109,#4208,#4206);
#4131=AXIS2_PLACEMENT_3D('',#5110,#4205,#4206);
#4132=AXIS2_PLACEMENT_3D('',#5180,#4207,#4204);
#4133=AXIS2_PLACEMENT_3D('',#5248,#4208,#4206);
#4134=AXIS2_PLACEMENT_3D('',#5249,#4208,#4206);
#4135=AXIS2_PLACEMENT_3D('',#5266,#4206,#4207);
#4136=AXIS2_PLACEMENT_3D('',#5348,#4204,#4205);
#4137=AXIS2_PLACEMENT_3D('',#5353,#4207,#4204);
#4138=AXIS2_PLACEMENT_3D('',#5330,#4205,#4206);
#4139=AXIS2_PLACEMENT_3D('',#5398,#4208,#4206);
#4140=AXIS2_PLACEMENT_3D('',#5399,#4208,#4206);
#4141=AXIS2_PLACEMENT_3D('',#5408,#4205,#4206);
#4142=AXIS2_PLACEMENT_3D('',#5438,#4204,#4205);
#4143=AXIS2_PLACEMENT_3D('',#5460,#4210,#4204);
#4144=AXIS2_PLACEMENT_3D('',#5461,#4210,#4204);
#4145=AXIS2_PLACEMENT_3D('',#5462,#4205,#4206);
#4146=AXIS2_PLACEMENT_3D('',#5465,#4206,#4207);
#4147=AXIS2_PLACEMENT_3D('',#5467,#4207,#4204);
#4148=AXIS2_PLACEMENT_3D('',#5469,#4204,#4205);
#4149=AXIS2_PLACEMENT_3D('',#5471,#4205,#4206);
#4150=AXIS2_PLACEMENT_3D('',#5473,#4204,#4205);
#4151=AXIS2_PLACEMENT_3D('',#5474,#4208,#4206);
#4152=AXIS2_PLACEMENT_3D('',#5475,#4208,#4206);
#4153=AXIS2_PLACEMENT_3D('',#5616,#4208,#4206);
#4154=AXIS2_PLACEMENT_3D('',#5617,#4208,#4206);
#4155=AXIS2_PLACEMENT_3D('',#5634,#4206,#4207);
#4156=AXIS2_PLACEMENT_3D('',#5716,#4204,#4205);
#4157=AXIS2_PLACEMENT_3D('',#5721,#4207,#4204);
#4158=AXIS2_PLACEMENT_3D('',#5698,#4205,#4206);
#4159=AXIS2_PLACEMENT_3D('',#5764,#4208,#4206);
#4160=AXIS2_PLACEMENT_3D('',#5765,#4208,#4206);
#4161=AXIS2_PLACEMENT_3D('',#5766,#4206,#4207);
#4162=AXIS2_PLACEMENT_3D('',#5778,#4204,#4205);
#4163=AXIS2_PLACEMENT_3D('',#5799,#4205,#4206);
#4164=AXIS2_PLACEMENT_3D('',#5805,#4206,#4207);
#4165=AXIS2_PLACEMENT_3D('',#5811,#4205,#4206);
#4166=AXIS2_PLACEMENT_3D('',#5817,#4206,#4207);
#4167=AXIS2_PLACEMENT_3D('',#5823,#4207,#4204);
#4168=AXIS2_PLACEMENT_3D('',#5829,#4206,#4207);
#4169=AXIS2_PLACEMENT_3D('',#5835,#4207,#4204);
#4170=AXIS2_PLACEMENT_3D('',#5841,#4204,#4205);
#4171=AXIS2_PLACEMENT_3D('',#5856,#4205,#4206);
#4172=AXIS2_PLACEMENT_3D('',#5878,#4210,#4204);
#4173=AXIS2_PLACEMENT_3D('',#5879,#4210,#4204);
#4174=AXIS2_PLACEMENT_3D('',#5880,#4206,#4207);
#4175=AXIS2_PLACEMENT_3D('',#5892,#4204,#4205);
#4176=AXIS2_PLACEMENT_3D('',#5913,#4205,#4206);
#4177=AXIS2_PLACEMENT_3D('',#5919,#4206,#4207);
#4178=AXIS2_PLACEMENT_3D('',#5925,#4205,#4206);
#4179=AXIS2_PLACEMENT_3D('',#5931,#4206,#4207);
#4180=AXIS2_PLACEMENT_3D('',#5937,#4207,#4204);
#4181=AXIS2_PLACEMENT_3D('',#5943,#4206,#4207);
#4182=AXIS2_PLACEMENT_3D('',#5949,#4207,#4204);
#4183=AXIS2_PLACEMENT_3D('',#5955,#4204,#4205);
#4184=AXIS2_PLACEMENT_3D('',#5970,#4205,#4206);
#4185=AXIS2_PLACEMENT_3D('',#5992,#4210,#4204);
#4186=AXIS2_PLACEMENT_3D('',#5993,#4210,#4204);
#4187=AXIS2_PLACEMENT_3D('',#6002,#4205,#4206);
#4188=AXIS2_PLACEMENT_3D('',#6032,#4204,#4205);
#4189=AXIS2_PLACEMENT_3D('',#6054,#4210,#4204);
#4190=AXIS2_PLACEMENT_3D('',#6055,#4210,#4204);
#4191=AXIS2_PLACEMENT_3D('',#6072,#4206,#4207);
#4192=AXIS2_PLACEMENT_3D('',#6154,#4204,#4205);
#4193=AXIS2_PLACEMENT_3D('',#6159,#4207,#4204);
#4194=AXIS2_PLACEMENT_3D('',#6136,#4205,#4206);
#4195=AXIS2_PLACEMENT_3D('',#6204,#4208,#4206);
#4196=AXIS2_PLACEMENT_3D('',#6205,#4208,#4206);
#4197=AXIS2_PLACEMENT_3D('',#6206,#4205,#4206);
#4198=AXIS2_PLACEMENT_3D('',#6211,#4206,#4207);
#4199=AXIS2_PLACEMENT_3D('',#6224,#4205,#4206);
#4200=AXIS2_PLACEMENT_3D('',#6239,#4206,#4207);
#4201=AXIS2_PLACEMENT_3D('',#6245,#4207,#4204);
#4202=AXIS2_PLACEMENT_3D('',#6274,#4210,#4204);
#4203=AXIS2_PLACEMENT_3D('',#6275,#4210,#4204);
#4204=DIRECTION('',(0.,0.,1.));
#4205=DIRECTION('',(1.,0.,0.));
#4206=DIRECTION('',(0.,0.,-1.));
#4207=DIRECTION('',(-1.,0.,0.));
#4208=DIRECTION('',(0.,-1.,0.));
#4209=DIRECTION('',(-1.,-1.50814043316748E-16,0.));
#4210=DIRECTION('',(0.,1.,0.));
#4211=DIRECTION('',(-1.,-1.20910244272831E-16,0.));
#4212=DIRECTION('',(0.,0.978775874117619,0.204933619119193));
#4213=DIRECTION('',(-1.,2.13425624505021E-16,0.));
#4214=DIRECTION('',(-0.85609340182704,0.,-0.516821136708055));
#4215=DIRECTION('',(0.281321190923918,0.,-0.959613665772403));
#4216=DIRECTION('',(1.,-2.13425624505021E-16,0.));
#4217=DIRECTION('',(0.281321190923918,0.,0.959613665772403));
#4218=DIRECTION('',(-0.85609340182704,0.,0.516821136708055));
#4219=DIRECTION('',(0.,0.707106781186547,-0.707106781186548));
#4220=DIRECTION('',(0.,-1.30336259239707E-16,-1.));
#4221=DIRECTION('',(0.,-0.707106781186547,0.707106781186548));
#4222=DIRECTION('',(1.50814043316748E-16,-1.,0.));
#4223=DIRECTION('',(1.,1.50814043316748E-16,0.));
#4224=DIRECTION('',(-1.,-8.47032947254298E-17,0.));
#4225=DIRECTION('',(0.939692620785908,0.,0.342020143325669));
#4226=DIRECTION('',(0.342020143325669,0.,-0.939692620785908));
#4227=DIRECTION('',(0.323615577118185,0.323615577118185,-0.889126490715988));
#4228=DIRECTION('',(0.323615577118185,-0.323615577118185,-0.889126490715988));
#4229=DIRECTION('',(0.,0.939692620785908,0.342020143325669));
#4230=DIRECTION('',(0.,-0.342020143325669,0.939692620785908));
#4231=DIRECTION('',(-0.323615577118185,0.323615577118185,-0.889126490715988));
#4232=DIRECTION('',(-0.939692620785908,0.,0.342020143325669));
#4233=DIRECTION('',(0.342020143325669,0.,0.939692620785908));
#4234=DIRECTION('',(-0.323615577118185,-0.323615577118185,-0.889126490715988));
#4235=DIRECTION('',(7.95950610097404E-17,-0.939692620785908,0.342020143325669));
#4236=DIRECTION('',(0.,-0.342020143325669,-0.939692620785908));
#4237=DIRECTION('',(0.,0.707106781186548,0.707106781186547));
#4238=DIRECTION('',(0.,0.959724023858964,-0.280944474990984));
#4239=DIRECTION('',(0.,0.204933619119193,-0.978775874117619));
#4240=DIRECTION('',(0.,-0.280944474990984,-0.959724023858964));
#4241=DIRECTION('',(-1.,8.47032947254298E-17,0.));
#4242=DIRECTION('',(7.95950610097404E-17,0.939692620785908,-0.342020143325669));
#4243=DIRECTION('',(0.,0.342020143325669,0.939692620785908));
#4244=DIRECTION('',(0.323615577118185,0.323615577118185,0.889126490715988));
#4245=DIRECTION('',(-0.323615577118185,0.323615577118185,0.889126490715988));
#4246=DIRECTION('',(-0.939692620785908,0.,-0.342020143325669));
#4247=DIRECTION('',(-0.342020143325669,0.,0.939692620785908));
#4248=DIRECTION('',(-0.323615577118185,-0.323615577118185,0.889126490715988));
#4249=DIRECTION('',(0.,-0.939692620785908,-0.342020143325669));
#4250=DIRECTION('',(0.,0.342020143325669,-0.939692620785908));
#4251=DIRECTION('',(0.323615577118185,-0.323615577118185,0.889126490715988));
#4252=DIRECTION('',(0.939692620785908,0.,-0.342020143325669));
#4253=DIRECTION('',(-0.342020143325669,0.,-0.939692620785908));
#4254=DIRECTION('',(-0.959613665772403,0.,-0.281321190923918));
#4255=DIRECTION('',(-0.281321190923918,0.,0.959613665772403));
#4256=DIRECTION('',(-0.516821136708055,0.,0.85609340182704));
#4257=DIRECTION('',(0.85609340182704,0.,0.516821136708055));
#4258=DIRECTION('',(0.516821136708055,0.,0.85609340182704));
#4259=DIRECTION('',(0.85609340182704,0.,-0.516821136708055));
#4260=DIRECTION('',(0.959613665772403,0.,-0.281321190923918));
#4261=DIRECTION('',(-0.281321190923918,0.,-0.959613665772403));
#4262=DIRECTION('',(-0.0107520666114143,0.,0.999942194861075));
#4263=DIRECTION('',(0.999942194861075,0.,0.0107520666114143));
#4264=DIRECTION('',(-0.0215004051520631,0.,-0.999768839571577));
#4265=DIRECTION('',(-0.999768839571577,0.,0.0215004051520631));
#4266=DIRECTION('',(0.894427190999915,0.,-0.447213595499959));
#4267=DIRECTION('',(-0.447213595499959,0.,-0.894427190999915));
#4268=DIRECTION('',(-0.894748234251417,0.,-0.446570931996219));
#4269=DIRECTION('',(-0.446570931996219,0.,0.894748234251417));
#4270=DIRECTION('',(0.0238027779462998,0.,0.999716673744136));
#4271=DIRECTION('',(0.999716673744136,0.,-0.0238027779462998));
#4272=DIRECTION('',(0.898492256670634,0.,0.438989367414419));
#4273=DIRECTION('',(0.438989367414419,0.,-0.898492256670634));
#4274=DIRECTION('',(-0.901715721272301,0.,0.432329455404527));
#4275=DIRECTION('',(0.432329455404527,0.,0.901715721272301));
#4276=DIRECTION('',(-0.0229824337698131,0.,0.999735868986412));
#4277=DIRECTION('',(0.999735868986412,0.,0.0229824337698131));
#4278=DIRECTION('',(-0.0106376959373882,0.,0.999943418111817));
#4279=DIRECTION('',(0.999943418111817,0.,0.0106376959373882));
#4280=CARTESIAN_POINT('',(0.,0.,0.));
#4281=CARTESIAN_POINT('',(0.,0.,7.2136));
#4282=CARTESIAN_POINT('',(-2.12630004,-1.778,7.2136));
#4283=CARTESIAN_POINT('',(-2.12630004,-2.4892,7.2136));
#4284=CARTESIAN_POINT('',(2.87560004,-1.778,7.2136));
#4285=CARTESIAN_POINT('',(-3.58680004,-1.778,7.2136));
#4286=CARTESIAN_POINT('',(-3.58680004,-2.4892,7.2136));
#4287=CARTESIAN_POINT('',(3.58680004,-2.4892,7.2136));
#4288=CARTESIAN_POINT('',(2.26600004,-2.48920000000001,0.635));
#4289=CARTESIAN_POINT('',(2.26600004,0.32,0.));
#4290=CARTESIAN_POINT('',(2.26600004,3.3528,0.635));
#4291=CARTESIAN_POINT('',(2.26600004,3.3528,0.));
#4292=CARTESIAN_POINT('',(2.26600004,-2.48920000000001,0.));
#4293=CARTESIAN_POINT('',(0.234000040000001,3.3528,0.635));
#4294=CARTESIAN_POINT('',(0.234000040000001,0.32,0.));
#4295=CARTESIAN_POINT('',(0.234000040000001,3.3528,0.));
#4296=CARTESIAN_POINT('',(-3.58680004,3.3528,0.));
#4297=CARTESIAN_POINT('',(-0.234000040000001,3.3528,0.));
#4298=CARTESIAN_POINT('',(0.93000004,0.32,0.));
#4299=CARTESIAN_POINT('',(0.93000004,-0.32,0.));
#4300=CARTESIAN_POINT('',(0.234000040000001,-0.32,0.));
#4301=CARTESIAN_POINT('',(0.234000040000001,-0.32,-1.0842021724855E-16));
#4302=CARTESIAN_POINT('',(0.234000040000001,-2.48920000000001,0.));
#4303=CARTESIAN_POINT('',(3.58680004,-2.4892,0.));
#4304=CARTESIAN_POINT('',(-0.234000040000001,-2.48920000000001,0.));
#4305=CARTESIAN_POINT('',(-0.234000040000001,-0.32,0.));
#4306=CARTESIAN_POINT('',(-2.26600004,-0.32,0.));
#4307=CARTESIAN_POINT('',(-0.93000004,-0.32,0.));
#4308=CARTESIAN_POINT('',(-0.93000004,0.320000000000003,0.));
#4309=CARTESIAN_POINT('',(-0.93000004,0.32,0.));
#4310=CARTESIAN_POINT('',(-2.26600004,0.32,0.));
#4311=CARTESIAN_POINT('',(-0.234000040000001,0.32,0.));
#4312=CARTESIAN_POINT('',(2.26600004,-0.32,0.));
#4313=CARTESIAN_POINT('',(1.57000004,-0.32,0.));
#4314=CARTESIAN_POINT('',(1.57000004,0.320000000000003,0.));
#4315=CARTESIAN_POINT('',(3.58680004,3.3528,0.));
#4316=CARTESIAN_POINT('',(-3.58680004,3.3528,0.7112));
#4317=CARTESIAN_POINT('',(-3.58680004,3.3528,7.2136));
#4318=CARTESIAN_POINT('',(3.58680004,3.3528,7.2136));
#4319=CARTESIAN_POINT('',(3.58680004,3.3528,0.7112));
#4320=CARTESIAN_POINT('',(-0.234000040000001,3.3528,0.635));
#4321=CARTESIAN_POINT('',(-2.26600004,3.3528,0.635));
#4322=CARTESIAN_POINT('',(-2.26600004,3.3528,0.));
#4323=CARTESIAN_POINT('',(3.58680004,-2.4892,0.7112));
#4324=CARTESIAN_POINT('',(2.12630004,-2.4892,3.2766));
#4325=CARTESIAN_POINT('',(2.12630004,-2.4892,6.01778792687719));
#4326=CARTESIAN_POINT('',(-2.12630004,-2.4892,3.2766));
#4327=CARTESIAN_POINT('',(-2.12630004,-2.4892,6.01778792687719));
#4328=CARTESIAN_POINT('',(-1.8284485814668,-2.4892,6.1976));
#4329=CARTESIAN_POINT('',(-3.58680004,-2.4892,0.7112));
#4330=CARTESIAN_POINT('',(-3.58680004,-2.4892,0.));
#4331=CARTESIAN_POINT('',(-2.26600004,-2.48920000000001,0.));
#4332=CARTESIAN_POINT('',(-2.26600004,-2.48920000000001,0.635));
#4333=CARTESIAN_POINT('',(-0.234000040000001,-2.4892,0.635));
#4334=CARTESIAN_POINT('',(-0.234000040000001,-2.48920000000001,0.635));
#4335=CARTESIAN_POINT('',(0.234000040000001,-2.48920000000001,0.635));
#4336=CARTESIAN_POINT('',(2.26600004,-2.4892,0.635));
#4337=CARTESIAN_POINT('',(2.12630004,-2.4892,7.2136));
#4338=CARTESIAN_POINT('',(1.8284485814668,-2.4892,6.1976));
#4339=CARTESIAN_POINT('',(-1.57000004,0.320000000000003,0.));
#4340=CARTESIAN_POINT('',(-1.57000004,-0.32,0.));
#4341=CARTESIAN_POINT('',(-2.26600004,-0.32,-1.0842021724855E-16));
#4342=CARTESIAN_POINT('',(-3.58680004,-1.778,3.8862));
#4343=CARTESIAN_POINT('',(-3.58680004,-0.9652,3.0734));
#4344=CARTESIAN_POINT('',(-3.58680004,-0.9652,7.2136));
#4345=CARTESIAN_POINT('',(-2.87560004,-1.778,7.2136));
#4346=CARTESIAN_POINT('',(-2.87560004,-3.4417,5.5499));
#4347=CARTESIAN_POINT('',(-2.87560004,-1.778,3.8862));
#4348=CARTESIAN_POINT('',(-2.87560004,-0.9652,3.0734));
#4349=CARTESIAN_POINT('',(-2.87560004,-1.778,0.7112));
#4350=CARTESIAN_POINT('',(-2.87560004,2.6416,0.7112));
#4351=CARTESIAN_POINT('',(-2.87560004,2.6416,7.2136));
#4352=CARTESIAN_POINT('',(-2.87560004,-0.9652,7.2136));
#4353=CARTESIAN_POINT('',(2.87560004,2.6416,7.2136));
#4354=CARTESIAN_POINT('',(2.87560004,-1.2319,3.3401));
#4355=CARTESIAN_POINT('',(2.87560004,-0.9652,3.0734));
#4356=CARTESIAN_POINT('',(2.87560004,-1.778,3.8862));
#4357=CARTESIAN_POINT('',(2.87560004,-0.9652,7.2136));
#4358=CARTESIAN_POINT('',(2.87560004,2.6416,0.7112));
#4359=CARTESIAN_POINT('',(2.87560004,-1.778,0.7112));
#4360=CARTESIAN_POINT('',(3.58680004,-0.9652,7.2136));
#4361=CARTESIAN_POINT('',(3.58680004,-1.778,7.2136));
#4362=CARTESIAN_POINT('',(3.58680004,-1.778,3.8862));
#4363=CARTESIAN_POINT('',(3.58680004,-0.9652,3.0734));
#4364=CARTESIAN_POINT('',(-2.12630004,-1.778,3.2766));
#4365=CARTESIAN_POINT('',(2.12630004,-1.778,3.2766));
#4366=CARTESIAN_POINT('',(2.12630004,-1.778,6.01778792687719));
#4367=CARTESIAN_POINT('',(1.8284485814668,-1.778,6.1976));
#4368=CARTESIAN_POINT('',(2.12630004,-1.778,7.2136));
#4369=CARTESIAN_POINT('',(-1.8284485814668,-1.778,6.1976));
#4370=CARTESIAN_POINT('',(-2.12630004,-1.778,6.01778792687719));
#4371=CARTESIAN_POINT('',(2.50000008,0.,7.0056));
#4372=CARTESIAN_POINT('',(1.03919111027986,0.,7.0056));
#4373=CARTESIAN_POINT('',(1.03919111027986,-0.21080892972014,7.0056));
#4374=CARTESIAN_POINT('',(1.03919111027986,0.210808929720142,7.0056));
#4375=CARTESIAN_POINT('',(2.50000008,-0.210808929720139,7.0056));
#4376=CARTESIAN_POINT('',(1.46080896972014,-0.21080892972014,7.0056));
#4377=CARTESIAN_POINT('',(1.46080896972014,0.,7.0056));
#4378=CARTESIAN_POINT('',(1.46080896972014,0.210808929720142,7.0056));
#4379=CARTESIAN_POINT('',(2.50000008,0.210808929720142,7.0056));
#4380=CARTESIAN_POINT('',(0.,0.,7.0056));
#4381=CARTESIAN_POINT('',(-1.46080896972014,0.,7.0056));
#4382=CARTESIAN_POINT('',(-1.46080896972014,-0.21080892972014,7.0056));
#4383=CARTESIAN_POINT('',(-1.46080896972014,0.210808929720142,7.0056));
#4384=CARTESIAN_POINT('',(1.78562109048374E-17,-0.210808929720139,7.0056));
#4385=CARTESIAN_POINT('',(-1.03919111027986,-0.21080892972014,7.0056));
#4386=CARTESIAN_POINT('',(-1.03919111027986,0.,7.0056));
#4387=CARTESIAN_POINT('',(-1.03919111027986,0.210808929720142,7.0056));
#4388=CARTESIAN_POINT('',(0.,0.210808929720142,7.0056));
#4389=CARTESIAN_POINT('',(1.57000004,0.,6.7056));
#4390=CARTESIAN_POINT('',(1.57000004,0.320000000000003,6.7056));
#4391=CARTESIAN_POINT('',(1.57000004,-0.32,6.7056));
#4392=CARTESIAN_POINT('',(1.53648738663887,0.286487346638871,6.79767525837572));
#4393=CARTESIAN_POINT('',(1.53648738663887,-0.286487346638869,6.79767525837572));
#4394=CARTESIAN_POINT('',(1.25000004,0.320000000000003,6.7056));
#4395=CARTESIAN_POINT('',(0.93000004,0.320000000000003,6.7056));
#4396=CARTESIAN_POINT('',(0.963512693361132,0.286487346638871,6.79767525837572));
#4397=CARTESIAN_POINT('',(0.93000004,0.,6.7056));
#4398=CARTESIAN_POINT('',(0.93000004,-0.32,6.7056));
#4399=CARTESIAN_POINT('',(0.963512693361131,-0.286487346638869,6.79767525837572));
#4400=CARTESIAN_POINT('',(1.25000004,-0.32,6.7056));
#4401=CARTESIAN_POINT('',(-1.25000004,-0.32,6.7056));
#4402=CARTESIAN_POINT('',(-0.93000004,-0.32,6.7056));
#4403=CARTESIAN_POINT('',(-1.57000004,-0.32,6.7056));
#4404=CARTESIAN_POINT('',(-0.963512693361132,-0.286487346638869,6.79767525837572));
#4405=CARTESIAN_POINT('',(-1.53648738663887,-0.286487346638869,6.79767525837572));
#4406=CARTESIAN_POINT('',(-0.93000004,0.,6.7056));
#4407=CARTESIAN_POINT('',(-0.93000004,0.320000000000003,6.7056));
#4408=CARTESIAN_POINT('',(-0.963512693361132,0.286487346638871,6.79767525837572));
#4409=CARTESIAN_POINT('',(-1.25000004,0.320000000000003,6.7056));
#4410=CARTESIAN_POINT('',(-1.57000004,0.320000000000003,6.7056));
#4411=CARTESIAN_POINT('',(-1.53648738663887,0.286487346638871,6.79767525837572));
#4412=CARTESIAN_POINT('',(-1.57000004,0.,6.7056));
#4413=CARTESIAN_POINT('',(1.57000004,-0.32,0.711199999999999));
#4414=CARTESIAN_POINT('',(1.57000004,0.320000000000003,0.711199999999999));
#4415=CARTESIAN_POINT('',(0.93000004,0.320000000000003,0.711199999999999));
#4416=CARTESIAN_POINT('',(0.93000004,-0.32,0.711199999999999));
#4417=CARTESIAN_POINT('',(-1.57000004,-0.32,0.711199999999999));
#4418=CARTESIAN_POINT('',(-0.93000004,-0.32,0.711199999999999));
#4419=CARTESIAN_POINT('',(-0.93000004,0.320000000000003,0.711199999999999));
#4420=CARTESIAN_POINT('',(-1.57000004,0.320000000000003,0.711199999999999));
#4421=CARTESIAN_POINT('',(0.,0.,0.7112));
#4422=CARTESIAN_POINT('',(-2.26600004,-2.4892,0.635));
#4423=CARTESIAN_POINT('',(0.,0.,-2.9972));
#4424=CARTESIAN_POINT('',(-1.45906191259566,0.,-2.9972));
#4425=CARTESIAN_POINT('',(-1.45906191259566,0.209061872595664,-2.9972));
#4426=CARTESIAN_POINT('',(-1.45906191259566,-0.209061872595662,-2.9972));
#4427=CARTESIAN_POINT('',(1.77082294103208E-17,0.209061872595664,-2.9972));
#4428=CARTESIAN_POINT('',(-1.04093816740434,0.209061872595664,-2.9972));
#4429=CARTESIAN_POINT('',(-1.04093816740434,0.,-2.9972));
#4430=CARTESIAN_POINT('',(-1.04093816740434,-0.209061872595662,-2.9972));
#4431=CARTESIAN_POINT('',(0.,-0.209061872595662,-2.9972));
#4432=CARTESIAN_POINT('',(-1.25000004,0.320000000000003,-2.6924));
#4433=CARTESIAN_POINT('',(-1.57000004,0.320000000000003,-2.6924));
#4434=CARTESIAN_POINT('',(-0.93000004,0.320000000000003,-2.6924));
#4435=CARTESIAN_POINT('',(-0.963512693361132,0.286487346638871,-2.78447525837572));
#4436=CARTESIAN_POINT('',(-1.53648738663887,0.286487346638872,-2.78447525837572));
#4437=CARTESIAN_POINT('',(-1.57000004,0.,-2.6924));
#4438=CARTESIAN_POINT('',(-1.57000004,-0.32,-2.6924));
#4439=CARTESIAN_POINT('',(-1.53648738663887,-0.286487346638869,-2.78447525837572));
#4440=CARTESIAN_POINT('',(-1.25000004,-0.32,-2.6924));
#4441=CARTESIAN_POINT('',(-0.93000004,-0.32,-2.6924));
#4442=CARTESIAN_POINT('',(-0.963512693361132,-0.286487346638868,-2.78447525837572));
#4443=CARTESIAN_POINT('',(-0.93000004,0.,-2.6924));
#4444=CARTESIAN_POINT('',(0.234000040000001,-2.4892,0.635));
#4445=CARTESIAN_POINT('',(2.50000008,0.,-2.9972));
#4446=CARTESIAN_POINT('',(1.04093816740434,0.,-2.9972));
#4447=CARTESIAN_POINT('',(1.04093816740434,0.209061872595664,-2.9972));
#4448=CARTESIAN_POINT('',(1.04093816740434,-0.209061872595662,-2.9972));
#4449=CARTESIAN_POINT('',(2.50000008,0.209061872595664,-2.9972));
#4450=CARTESIAN_POINT('',(1.45906191259566,0.209061872595664,-2.9972));
#4451=CARTESIAN_POINT('',(1.45906191259566,0.,-2.9972));
#4452=CARTESIAN_POINT('',(1.45906191259566,-0.209061872595662,-2.9972));
#4453=CARTESIAN_POINT('',(2.50000008,-0.209061872595662,-2.9972));
#4454=CARTESIAN_POINT('',(0.93000004,0.,-2.6924));
#4455=CARTESIAN_POINT('',(0.93000004,-0.32,-2.6924));
#4456=CARTESIAN_POINT('',(0.93000004,0.320000000000003,-2.6924));
#4457=CARTESIAN_POINT('',(0.963512693361131,0.286487346638872,-2.78447525837572));
#4458=CARTESIAN_POINT('',(0.963512693361131,-0.286487346638869,-2.78447525837572));
#4459=CARTESIAN_POINT('',(1.25000004,-0.32,-2.6924));
#4460=CARTESIAN_POINT('',(1.57000004,-0.32,-2.6924));
#4461=CARTESIAN_POINT('',(1.53648738663887,-0.286487346638868,-2.78447525837572));
#4462=CARTESIAN_POINT('',(1.57000004,0.,-2.6924));
#4463=CARTESIAN_POINT('',(1.57000004,0.320000000000003,-2.6924));
#4464=CARTESIAN_POINT('',(1.53648738663887,0.286487346638871,-2.78447525837572));
#4465=CARTESIAN_POINT('',(1.25000004,0.320000000000003,-2.6924));
#4466=CARTESIAN_POINT('',(-0.37601001540832,-2.1844,2.55825411842395));
#4467=CARTESIAN_POINT('',(-0.37601001540832,-2.1336,2.55825411842395));
#4468=CARTESIAN_POINT('',(-0.37601001540832,-2.1336,2.48402402083792));
#4469=CARTESIAN_POINT('',(-0.37601001540832,-2.1336,2.40979392325189));
#4470=CARTESIAN_POINT('',(-0.37601001540832,-2.1336,2.33556382566586));
#4471=CARTESIAN_POINT('',(-0.37601001540832,-2.1844,2.33556382566586));
#4472=CARTESIAN_POINT('',(-0.37601001540832,-2.1844,2.48402402083792));
#4473=CARTESIAN_POINT('',(-0.37601001540832,-2.1844,2.40979392325189));
#4474=CARTESIAN_POINT('',(-0.37601001540832,-2.1844,2.29224482838836));
#4475=CARTESIAN_POINT('',(-0.37601001540832,-2.1336,2.29224482838836));
#4476=CARTESIAN_POINT('',(-0.437287980679416,-2.1844,2.30562391811578));
#4477=CARTESIAN_POINT('',(-0.437287980679416,-2.1336,2.30562391811578));
#4478=CARTESIAN_POINT('',(-0.476592449922958,-2.1844,2.30562391811578));
#4479=CARTESIAN_POINT('',(-0.476592449922958,-2.1336,2.30562391811578));
#4480=CARTESIAN_POINT('',(-0.37601001540832,-2.1336,2.32675797050407));
#4481=CARTESIAN_POINT('',(-0.37894530046225,-2.1336,2.31951760070438));
#4482=CARTESIAN_POINT('',(-0.384815870570108,-2.1336,2.31403840193705));
#4483=CARTESIAN_POINT('',(-0.390784051107313,-2.1336,2.30846810010232));
#4484=CARTESIAN_POINT('',(-0.39812249614792,-2.1336,2.30562391811578));
#4485=CARTESIAN_POINT('',(-0.407124036979969,-2.1336,2.30562391811578));
#4486=CARTESIAN_POINT('',(-0.430280174627632,-2.1336,2.30562391811578));
#4487=CARTESIAN_POINT('',(-0.453436312275295,-2.1336,2.30562391811578));
#4488=CARTESIAN_POINT('',(-0.37601001540832,-2.1844,2.32675797050407));
#4489=CARTESIAN_POINT('',(-0.37894530046225,-2.1844,2.31951760070438));
#4490=CARTESIAN_POINT('',(-0.384815870570108,-2.1844,2.31403840193705));
#4491=CARTESIAN_POINT('',(-0.390784051107313,-2.1844,2.30846810010232));
#4492=CARTESIAN_POINT('',(-0.39812249614792,-2.1844,2.30562391811578));
#4493=CARTESIAN_POINT('',(-0.407124036979969,-2.1844,2.30562391811578));
#4494=CARTESIAN_POINT('',(-0.430280174627632,-2.1844,2.30562391811578));
#4495=CARTESIAN_POINT('',(-0.453436312275295,-2.1844,2.30562391811578));
#4496=CARTESIAN_POINT('',(-0.476592449922958,-2.1336,2.31175540245066));
#4497=CARTESIAN_POINT('',(-0.476592449922958,-2.1336,2.31788688678553));
#4498=CARTESIAN_POINT('',(-0.476592449922958,-2.1336,2.3240183711204));
#4499=CARTESIAN_POINT('',(-0.476592449922958,-2.1844,2.3240183711204));
#4500=CARTESIAN_POINT('',(-0.476592449922958,-2.1844,2.31175540245066));
#4501=CARTESIAN_POINT('',(-0.476592449922958,-2.1844,2.31788688678553));
#4502=CARTESIAN_POINT('',(-0.450847664070928,-2.1844,2.3240183711204));
#4503=CARTESIAN_POINT('',(-0.450847664070928,-2.1336,2.3240183711204));
#4504=CARTESIAN_POINT('',(-0.377791267860079,-2.1844,2.30873414729182));
#4505=CARTESIAN_POINT('',(-0.377791267860079,-2.1336,2.30873414729182));
#4506=CARTESIAN_POINT('',(-0.404372388744661,-2.1844,2.44015313490724));
#4507=CARTESIAN_POINT('',(-0.404372388744661,-2.1336,2.44015313490724));
#4508=CARTESIAN_POINT('',(-0.394404468412943,-2.1844,2.50675162492472));
#4509=CARTESIAN_POINT('',(-0.394404468412943,-2.1336,2.50675162492472));
#4510=CARTESIAN_POINT('',(-0.394404468412943,-2.1844,2.55825411842395));
#4511=CARTESIAN_POINT('',(-0.394404468412943,-2.1336,2.55825411842395));
#4512=CARTESIAN_POINT('',(-0.45663251155624,-2.1336,2.3240183711204));
#4513=CARTESIAN_POINT('',(-0.436672573189522,-2.1336,2.3240183711204));
#4514=CARTESIAN_POINT('',(-0.416712634822804,-2.1336,2.3240183711204));
#4515=CARTESIAN_POINT('',(-0.401840523882897,-2.1336,2.3240183711204));
#4516=CARTESIAN_POINT('',(-0.394404468412943,-2.1336,2.32988894122826));
#4517=CARTESIAN_POINT('',(-0.394404468412943,-2.1336,2.3420214527845));
#4518=CARTESIAN_POINT('',(-0.394404468412943,-2.1336,2.41409900799765));
#4519=CARTESIAN_POINT('',(-0.394404468412943,-2.1336,2.4861765632108));
#4520=CARTESIAN_POINT('',(-0.45663251155624,-2.1844,2.3240183711204));
#4521=CARTESIAN_POINT('',(-0.436672573189522,-2.1844,2.3240183711204));
#4522=CARTESIAN_POINT('',(-0.416712634822804,-2.1844,2.3240183711204));
#4523=CARTESIAN_POINT('',(-0.401840523882897,-2.1844,2.3240183711204));
#4524=CARTESIAN_POINT('',(-0.394404468412943,-2.1844,2.32988894122826));
#4525=CARTESIAN_POINT('',(-0.394404468412943,-2.1844,2.3420214527845));
#4526=CARTESIAN_POINT('',(-0.394404468412943,-2.1844,2.41409900799765));
#4527=CARTESIAN_POINT('',(-0.394404468412943,-2.1844,2.4861765632108));
#4528=CARTESIAN_POINT('',(-0.388272984078069,-2.1336,2.55825411842395));
#4529=CARTESIAN_POINT('',(-0.382141499743194,-2.1336,2.55825411842395));
#4530=CARTESIAN_POINT('',(-0.388272984078069,-2.1844,2.55825411842395));
#4531=CARTESIAN_POINT('',(-0.382141499743194,-2.1844,2.55825411842395));
#4532=CARTESIAN_POINT('',(-0.417635746057645,-2.1844,2.30562391811578));
#4533=CARTESIAN_POINT('',(-0.417635746057645,-2.1336,2.30562391811578));
#4534=CARTESIAN_POINT('',(-0.256752848143483,-2.1844,2.32061609480312));
#4535=CARTESIAN_POINT('',(-0.256752848143483,-2.1336,2.32061609480312));
#4536=CARTESIAN_POINT('',(-0.246080151050525,-2.1844,2.37564598694887));
#4537=CARTESIAN_POINT('',(-0.246080151050525,-2.1336,2.37564598694887));
#4538=CARTESIAN_POINT('',(-0.248135795700018,-2.1844,2.41613752953794));
#4539=CARTESIAN_POINT('',(-0.248135795700018,-2.1336,2.41613752953794));
#4540=CARTESIAN_POINT('',(-0.252865621068911,-2.1844,2.47079547613877));
#4541=CARTESIAN_POINT('',(-0.252865621068911,-2.1336,2.47079547613877));
#4542=CARTESIAN_POINT('',(-0.306933441591824,-2.1844,2.47810915357077));
#4543=CARTESIAN_POINT('',(-0.306933441591824,-2.1336,2.47810915357077));
#4544=CARTESIAN_POINT('',(-0.324833658289178,-2.1844,2.4236255075999));
#4545=CARTESIAN_POINT('',(-0.324833658289178,-2.1336,2.4236255075999));
#4546=CARTESIAN_POINT('',(-0.32192808603198,-2.1844,2.37829955605032));
#4547=CARTESIAN_POINT('',(-0.32192808603198,-2.1336,2.37829955605032));
#4548=CARTESIAN_POINT('',(-0.312420756553692,-2.1844,2.32235071538805));
#4549=CARTESIAN_POINT('',(-0.312420756553692,-2.1336,2.32235071538805));
#4550=CARTESIAN_POINT('',(-0.249401386748844,-2.1844,2.36256844816201));
#4551=CARTESIAN_POINT('',(-0.249401386748844,-2.1844,2.38605072859344));
#4552=CARTESIAN_POINT('',(-0.249401386748844,-2.1844,2.40953300902487));
#4553=CARTESIAN_POINT('',(-0.249401386748844,-2.1844,2.43301528945631));
#4554=CARTESIAN_POINT('',(-0.249401386748844,-2.1844,2.44377800132071));
#4555=CARTESIAN_POINT('',(-0.252140986132511,-2.1844,2.45297522782302));
#4556=CARTESIAN_POINT('',(-0.257815870570108,-2.1844,2.46041128329298));
#4557=CARTESIAN_POINT('',(-0.264178695046747,-2.1844,2.46874877743478));
#4558=CARTESIAN_POINT('',(-0.272492295839753,-2.1844,2.47313085186));
#4559=CARTESIAN_POINT('',(-0.291865177195685,-2.1844,2.47313085186));
#4560=CARTESIAN_POINT('',(-0.299888289676425,-2.1844,2.46999988113581));
#4561=CARTESIAN_POINT('',(-0.306737288135593,-2.1844,2.46412931102795));
#4562=CARTESIAN_POINT('',(-0.315358968548899,-2.1844,2.45673929924512));
#4563=CARTESIAN_POINT('',(-0.319456856702619,-2.1844,2.44632191503412));
#4564=CARTESIAN_POINT('',(-0.319456856702619,-2.1844,2.43340666079683));
#4565=CARTESIAN_POINT('',(-0.319456856702619,-2.1844,2.40979392325189));
#4566=CARTESIAN_POINT('',(-0.319456856702619,-2.1844,2.38618118570695));
#4567=CARTESIAN_POINT('',(-0.319456856702619,-2.1844,2.36256844816201));
#4568=CARTESIAN_POINT('',(-0.319456856702619,-2.1844,2.35004456526524));
#4569=CARTESIAN_POINT('',(-0.315151771956857,-2.1844,2.33986891041162));
#4570=CARTESIAN_POINT('',(-0.306541602465331,-2.1844,2.33243285494167));
#4571=CARTESIAN_POINT('',(-0.299103231188629,-2.1844,2.32600880702088));
#4572=CARTESIAN_POINT('',(-0.291473805855162,-2.1844,2.32264857142857));
#4573=CARTESIAN_POINT('',(-0.272883667180277,-2.1844,2.32264857142857));
#4574=CARTESIAN_POINT('',(-0.264469183359014,-2.1844,2.32695365617433));
#4575=CARTESIAN_POINT('',(-0.257815870570108,-2.1844,2.3353681399956));
#4576=CARTESIAN_POINT('',(-0.252205389835636,-2.1844,2.34246374798331));
#4577=CARTESIAN_POINT('',(-0.249401386748844,-2.1844,2.35161005062734));
#4578=CARTESIAN_POINT('',(-0.249401386748844,-2.1336,2.36256844816201));
#4579=CARTESIAN_POINT('',(-0.249401386748844,-2.1336,2.38605072859344));
#4580=CARTESIAN_POINT('',(-0.249401386748844,-2.1336,2.40953300902487));
#4581=CARTESIAN_POINT('',(-0.249401386748844,-2.1336,2.43301528945631));
#4582=CARTESIAN_POINT('',(-0.249401386748844,-2.1336,2.44377800132071));
#4583=CARTESIAN_POINT('',(-0.252140986132511,-2.1336,2.45297522782302));
#4584=CARTESIAN_POINT('',(-0.257815870570108,-2.1336,2.46041128329298));
#4585=CARTESIAN_POINT('',(-0.264178695046747,-2.1336,2.46874877743478));
#4586=CARTESIAN_POINT('',(-0.272492295839753,-2.1336,2.47313085186));
#4587=CARTESIAN_POINT('',(-0.291865177195685,-2.1336,2.47313085186));
#4588=CARTESIAN_POINT('',(-0.299888289676425,-2.1336,2.46999988113581));
#4589=CARTESIAN_POINT('',(-0.306737288135593,-2.1336,2.46412931102795));
#4590=CARTESIAN_POINT('',(-0.315358968548899,-2.1336,2.45673929924512));
#4591=CARTESIAN_POINT('',(-0.319456856702619,-2.1336,2.44632191503412));
#4592=CARTESIAN_POINT('',(-0.319456856702619,-2.1336,2.43340666079683));
#4593=CARTESIAN_POINT('',(-0.319456856702619,-2.1336,2.40979392325189));
#4594=CARTESIAN_POINT('',(-0.319456856702619,-2.1336,2.38618118570695));
#4595=CARTESIAN_POINT('',(-0.319456856702619,-2.1336,2.36256844816201));
#4596=CARTESIAN_POINT('',(-0.319456856702619,-2.1336,2.35004456526524));
#4597=CARTESIAN_POINT('',(-0.315151771956857,-2.1336,2.33986891041162));
#4598=CARTESIAN_POINT('',(-0.306541602465331,-2.1336,2.33243285494167));
#4599=CARTESIAN_POINT('',(-0.299103231188629,-2.1336,2.32600880702088));
#4600=CARTESIAN_POINT('',(-0.291473805855162,-2.1336,2.32264857142857));
#4601=CARTESIAN_POINT('',(-0.272883667180277,-2.1336,2.32264857142857));
#4602=CARTESIAN_POINT('',(-0.264469183359014,-2.1336,2.32695365617433));
#4603=CARTESIAN_POINT('',(-0.257815870570108,-2.1336,2.3353681399956));
#4604=CARTESIAN_POINT('',(-0.252205389835636,-2.1336,2.34246374798331));
#4605=CARTESIAN_POINT('',(-0.249401386748844,-2.1336,2.35161005062734));
#4606=CARTESIAN_POINT('',(-0.225453509789597,-2.1844,2.42700949617215));
#4607=CARTESIAN_POINT('',(-0.225453509789597,-2.1336,2.42700949617215));
#4608=CARTESIAN_POINT('',(-0.224652952698645,-2.1844,2.36540732782369));
#4609=CARTESIAN_POINT('',(-0.224652952698645,-2.1336,2.36540732782369));
#4610=CARTESIAN_POINT('',(-0.251921817655406,-2.1844,2.29843591887445));
#4611=CARTESIAN_POINT('',(-0.251921817655406,-2.1336,2.29843591887445));
#4612=CARTESIAN_POINT('',(-0.320971905927306,-2.1844,2.30580569263891));
#4613=CARTESIAN_POINT('',(-0.320971905927306,-2.1336,2.30580569263891));
#4614=CARTESIAN_POINT('',(-0.343924444722744,-2.1844,2.36636825212574));
#4615=CARTESIAN_POINT('',(-0.343924444722744,-2.1336,2.36636825212574));
#4616=CARTESIAN_POINT('',(-0.340248805413444,-2.1844,2.42153724427914));
#4617=CARTESIAN_POINT('',(-0.340248805413444,-2.1336,2.42153724427914));
#4618=CARTESIAN_POINT('',(-0.32774601989834,-2.1844,2.49182165905243));
#4619=CARTESIAN_POINT('',(-0.32774601989834,-2.1336,2.49182165905243));
#4620=CARTESIAN_POINT('',(-0.24819664560164,-2.1844,2.49701962492496));
#4621=CARTESIAN_POINT('',(-0.24819664560164,-2.1336,2.49701962492496));
#4622=CARTESIAN_POINT('',(-0.231006933744222,-2.1844,2.35865473475677));
#4623=CARTESIAN_POINT('',(-0.231006933744222,-2.1844,2.3435869381466));
#4624=CARTESIAN_POINT('',(-0.236094761171032,-2.1844,2.33086736957957));
#4625=CARTESIAN_POINT('',(-0.256446070878274,-2.1844,2.30973331719128));
#4626=CARTESIAN_POINT('',(-0.268969953775038,-2.1844,2.30444980409421));
#4627=CARTESIAN_POINT('',(-0.298518489984592,-2.1844,2.30444980409421));
#4628=CARTESIAN_POINT('',(-0.311238058551618,-2.1844,2.30992900286154));
#4629=CARTESIAN_POINT('',(-0.321805084745763,-2.1844,2.32069171472595));
#4630=CARTESIAN_POINT('',(-0.332469937305953,-2.1844,2.33155406455578));
#4631=CARTESIAN_POINT('',(-0.33765562403698,-2.1844,2.34436968082765));
#4632=CARTESIAN_POINT('',(-0.33765562403698,-2.1844,2.35904610609729));
#4633=CARTESIAN_POINT('',(-0.33765562403698,-2.1844,2.38494184312862));
#4634=CARTESIAN_POINT('',(-0.33765562403698,-2.1844,2.41083758015995));
#4635=CARTESIAN_POINT('',(-0.33765562403698,-2.1844,2.43673331719128));
#4636=CARTESIAN_POINT('',(-0.33765562403698,-2.1844,2.45180111380145));
#4637=CARTESIAN_POINT('',(-0.332567796610169,-2.1844,2.46471636803874));
#4638=CARTESIAN_POINT('',(-0.322196456086287,-2.1844,2.47547907990315));
#4639=CARTESIAN_POINT('',(-0.311922891312972,-2.1844,2.48614032636602));
#4640=CARTESIAN_POINT('',(-0.299105546995377,-2.1844,2.49132961919436));
#4641=CARTESIAN_POINT('',(-0.268969953775038,-2.1844,2.49132961919436));
#4642=CARTESIAN_POINT('',(-0.256446070878274,-2.1844,2.48585042042703));
#4643=CARTESIAN_POINT('',(-0.246270416024653,-2.1844,2.47528339423289));
#4644=CARTESIAN_POINT('',(-0.23599698797493,-2.1844,2.4646148343351));
#4645=CARTESIAN_POINT('',(-0.231006933744222,-2.1844,2.45160542813119));
#4646=CARTESIAN_POINT('',(-0.231006933744222,-2.1844,2.43673331719128));
#4647=CARTESIAN_POINT('',(-0.231006933744222,-2.1844,2.41070712304644));
#4648=CARTESIAN_POINT('',(-0.231006933744222,-2.1844,2.38468092890161));
#4649=CARTESIAN_POINT('',(-0.231006933744222,-2.1336,2.35865473475677));
#4650=CARTESIAN_POINT('',(-0.231006933744222,-2.1336,2.3435869381466));
#4651=CARTESIAN_POINT('',(-0.236094761171032,-2.1336,2.33086736957957));
#4652=CARTESIAN_POINT('',(-0.256446070878274,-2.1336,2.30973331719128));
#4653=CARTESIAN_POINT('',(-0.268969953775038,-2.1336,2.30444980409421));
#4654=CARTESIAN_POINT('',(-0.298518489984592,-2.1336,2.30444980409421));
#4655=CARTESIAN_POINT('',(-0.311238058551618,-2.1336,2.30992900286154));
#4656=CARTESIAN_POINT('',(-0.321805084745763,-2.1336,2.32069171472595));
#4657=CARTESIAN_POINT('',(-0.332469937305953,-2.1336,2.33155406455578));
#4658=CARTESIAN_POINT('',(-0.33765562403698,-2.1336,2.34436968082765));
#4659=CARTESIAN_POINT('',(-0.33765562403698,-2.1336,2.35904610609729));
#4660=CARTESIAN_POINT('',(-0.33765562403698,-2.1336,2.38494184312862));
#4661=CARTESIAN_POINT('',(-0.33765562403698,-2.1336,2.41083758015995));
#4662=CARTESIAN_POINT('',(-0.33765562403698,-2.1336,2.43673331719128));
#4663=CARTESIAN_POINT('',(-0.33765562403698,-2.1336,2.45180111380145));
#4664=CARTESIAN_POINT('',(-0.332567796610169,-2.1336,2.46471636803874));
#4665=CARTESIAN_POINT('',(-0.322196456086287,-2.1336,2.47547907990315));
#4666=CARTESIAN_POINT('',(-0.311922891312972,-2.1336,2.48614032636602));
#4667=CARTESIAN_POINT('',(-0.299105546995377,-2.1336,2.49132961919436));
#4668=CARTESIAN_POINT('',(-0.268969953775038,-2.1336,2.49132961919436));
#4669=CARTESIAN_POINT('',(-0.256446070878274,-2.1336,2.48585042042703));
#4670=CARTESIAN_POINT('',(-0.246270416024653,-2.1336,2.47528339423289));
#4671=CARTESIAN_POINT('',(-0.23599698797493,-2.1336,2.4646148343351));
#4672=CARTESIAN_POINT('',(-0.231006933744222,-2.1336,2.45160542813119));
#4673=CARTESIAN_POINT('',(-0.231006933744222,-2.1336,2.43673331719128));
#4674=CARTESIAN_POINT('',(-0.231006933744222,-2.1336,2.41070712304644));
#4675=CARTESIAN_POINT('',(-0.231006933744222,-2.1336,2.38468092890161));
#4676=CARTESIAN_POINT('',(-0.337653102496863,-2.1844,2.43731320403873));
#4677=CARTESIAN_POINT('',(-0.337653102496863,-2.1336,2.43731320403873));
#4678=CARTESIAN_POINT('',(-0.175040832049307,-2.1844,2.49015550517279));
#4679=CARTESIAN_POINT('',(-0.175040832049307,-2.1336,2.49015550517279));
#4680=CARTESIAN_POINT('',(-0.15412948561681,-2.1844,2.49015550517279));
#4681=CARTESIAN_POINT('',(-0.15412948561681,-2.1336,2.49015550517279));
#4682=CARTESIAN_POINT('',(-0.0972040559167032,-2.1844,2.49837073858181));
#4683=CARTESIAN_POINT('',(-0.0972040559167032,-2.1336,2.49837073858181));
#4684=CARTESIAN_POINT('',(-0.0908683214576821,-2.1844,2.40745382873413));
#4685=CARTESIAN_POINT('',(-0.0908683214576821,-2.1336,2.40745382873413));
#4686=CARTESIAN_POINT('',(-0.093244221879815,-2.1844,2.34744661098078));
#4687=CARTESIAN_POINT('',(-0.093244221879815,-2.1336,2.34744661098078));
#4688=CARTESIAN_POINT('',(-0.093244221879815,-2.1844,2.30562391811578));
#4689=CARTESIAN_POINT('',(-0.093244221879815,-2.1336,2.30562391811578));
#4690=CARTESIAN_POINT('',(-0.175040832049306,-2.1336,2.49015550517279));
#4691=CARTESIAN_POINT('',(-0.162256034925526,-2.1336,2.49015550517279));
#4692=CARTESIAN_POINT('',(-0.149471237801746,-2.1336,2.49015550517279));
#4693=CARTESIAN_POINT('',(-0.136686440677966,-2.1336,2.49015550517279));
#4694=CARTESIAN_POINT('',(-0.107724961479199,-2.1336,2.49015550517279));
#4695=CARTESIAN_POINT('',(-0.093244221879815,-2.1336,2.4772402509355));
#4696=CARTESIAN_POINT('',(-0.093244221879815,-2.1336,2.45180111380145));
#4697=CARTESIAN_POINT('',(-0.093244221879815,-2.1336,2.40307538190623));
#4698=CARTESIAN_POINT('',(-0.093244221879815,-2.1336,2.35434965001101));
#4699=CARTESIAN_POINT('',(-0.175040832049306,-2.1844,2.49015550517279));
#4700=CARTESIAN_POINT('',(-0.162256034925526,-2.1844,2.49015550517279));
#4701=CARTESIAN_POINT('',(-0.149471237801746,-2.1844,2.49015550517279));
#4702=CARTESIAN_POINT('',(-0.136686440677966,-2.1844,2.49015550517279));
#4703=CARTESIAN_POINT('',(-0.107724961479199,-2.1844,2.49015550517279));
#4704=CARTESIAN_POINT('',(-0.093244221879815,-2.1844,2.4772402509355));
#4705=CARTESIAN_POINT('',(-0.093244221879815,-2.1844,2.45180111380145));
#4706=CARTESIAN_POINT('',(-0.093244221879815,-2.1844,2.40307538190623));
#4707=CARTESIAN_POINT('',(-0.093244221879815,-2.1844,2.35434965001101));
#4708=CARTESIAN_POINT('',(-0.0993757062146892,-2.1336,2.30562391811578));
#4709=CARTESIAN_POINT('',(-0.105507190549563,-2.1336,2.30562391811578));
#4710=CARTESIAN_POINT('',(-0.111638674884438,-2.1336,2.30562391811578));
#4711=CARTESIAN_POINT('',(-0.111638674884438,-2.1844,2.30562391811578));
#4712=CARTESIAN_POINT('',(-0.0993757062146892,-2.1844,2.30562391811578));
#4713=CARTESIAN_POINT('',(-0.105507190549563,-2.1844,2.30562391811578));
#4714=CARTESIAN_POINT('',(-0.111638674884438,-2.1844,2.3422691657641));
#4715=CARTESIAN_POINT('',(-0.111638674884438,-2.1336,2.3422691657641));
#4716=CARTESIAN_POINT('',(-0.1140249779498,-2.1844,2.39140975658889));
#4717=CARTESIAN_POINT('',(-0.1140249779498,-2.1336,2.39140975658889));
#4718=CARTESIAN_POINT('',(-0.107661503108834,-2.1844,2.48023966694604));
#4719=CARTESIAN_POINT('',(-0.107661503108834,-2.1336,2.48023966694604));
#4720=CARTESIAN_POINT('',(-0.156718208225147,-2.1844,2.47313085186));
#4721=CARTESIAN_POINT('',(-0.156718208225147,-2.1336,2.47313085186));
#4722=CARTESIAN_POINT('',(-0.175040832049307,-2.1844,2.47313085186));
#4723=CARTESIAN_POINT('',(-0.175040832049307,-2.1336,2.47313085186));
#4724=CARTESIAN_POINT('',(-0.111638674884438,-2.1336,2.3518057362976));
#4725=CARTESIAN_POINT('',(-0.111638674884438,-2.1336,2.39798755447942));
#4726=CARTESIAN_POINT('',(-0.111638674884438,-2.1336,2.44416937266124));
#4727=CARTESIAN_POINT('',(-0.111638674884438,-2.1336,2.46334656834691));
#4728=CARTESIAN_POINT('',(-0.121422958397535,-2.1336,2.47313085186));
#4729=CARTESIAN_POINT('',(-0.141187211093991,-2.1336,2.47313085186));
#4730=CARTESIAN_POINT('',(-0.152471751412429,-2.1336,2.47313085186));
#4731=CARTESIAN_POINT('',(-0.163756291730868,-2.1336,2.47313085186));
#4732=CARTESIAN_POINT('',(-0.175040832049306,-2.1336,2.47313085186));
#4733=CARTESIAN_POINT('',(-0.175040832049306,-2.1844,2.47313085186));
#4734=CARTESIAN_POINT('',(-0.111638674884438,-2.1844,2.3518057362976));
#4735=CARTESIAN_POINT('',(-0.111638674884438,-2.1844,2.39798755447942));
#4736=CARTESIAN_POINT('',(-0.111638674884438,-2.1844,2.44416937266124));
#4737=CARTESIAN_POINT('',(-0.111638674884438,-2.1844,2.46334656834691));
#4738=CARTESIAN_POINT('',(-0.121422958397535,-2.1844,2.47313085186));
#4739=CARTESIAN_POINT('',(-0.141187211093991,-2.1844,2.47313085186));
#4740=CARTESIAN_POINT('',(-0.152471751412429,-2.1844,2.47313085186));
#4741=CARTESIAN_POINT('',(-0.163756291730868,-2.1844,2.47313085186));
#4742=CARTESIAN_POINT('',(-0.175040832049306,-2.1336,2.4172952072786));
#4743=CARTESIAN_POINT('',(-0.175040832049306,-2.1336,2.36145956269719));
#4744=CARTESIAN_POINT('',(-0.175040832049306,-2.1336,2.30562391811578));
#4745=CARTESIAN_POINT('',(-0.175040832049306,-2.1844,2.30562391811578));
#4746=CARTESIAN_POINT('',(-0.175040832049306,-2.1844,2.4172952072786));
#4747=CARTESIAN_POINT('',(-0.175040832049306,-2.1844,2.36145956269719));
#4748=CARTESIAN_POINT('',(-0.181107087827427,-2.1336,2.30562391811578));
#4749=CARTESIAN_POINT('',(-0.187173343605547,-2.1336,2.30562391811578));
#4750=CARTESIAN_POINT('',(-0.193239599383667,-2.1336,2.30562391811578));
#4751=CARTESIAN_POINT('',(-0.193239599383667,-2.1844,2.30562391811578));
#4752=CARTESIAN_POINT('',(-0.181107087827427,-2.1844,2.30562391811578));
#4753=CARTESIAN_POINT('',(-0.187173343605547,-2.1844,2.30562391811578));
#4754=CARTESIAN_POINT('',(-0.193239599383667,-2.1336,2.38996444199868));
#4755=CARTESIAN_POINT('',(-0.193239599383667,-2.1336,2.47430496588158));
#4756=CARTESIAN_POINT('',(-0.193239599383667,-2.1336,2.55864548976447));
#4757=CARTESIAN_POINT('',(-0.193239599383667,-2.1844,2.55864548976447));
#4758=CARTESIAN_POINT('',(-0.193239599383667,-2.1844,2.38996444199868));
#4759=CARTESIAN_POINT('',(-0.193239599383667,-2.1844,2.47430496588158));
#4760=CARTESIAN_POINT('',(-0.187173343605547,-2.1336,2.55871071832123));
#4761=CARTESIAN_POINT('',(-0.181107087827427,-2.1336,2.55877594687798));
#4762=CARTESIAN_POINT('',(-0.175040832049306,-2.1336,2.55884117543473));
#4763=CARTESIAN_POINT('',(-0.175040832049306,-2.1844,2.55884117543473));
#4764=CARTESIAN_POINT('',(-0.187173343605547,-2.1844,2.55871071832123));
#4765=CARTESIAN_POINT('',(-0.181107087827427,-2.1844,2.55877594687798));
#4766=CARTESIAN_POINT('',(-0.175040832049306,-2.1336,2.53594595201409));
#4767=CARTESIAN_POINT('',(-0.175040832049306,-2.1336,2.51305072859344));
#4768=CARTESIAN_POINT('',(-0.175040832049306,-2.1844,2.53594595201409));
#4769=CARTESIAN_POINT('',(-0.175040832049306,-2.1844,2.51305072859344));
#4770=CARTESIAN_POINT('',(-0.093244221879815,-2.1844,2.43109199671076));
#4771=CARTESIAN_POINT('',(-0.093244221879815,-2.1336,2.43109199671076));
#4772=CARTESIAN_POINT('',(-0.0548898305084744,-2.1844,2.49015550517279));
#4773=CARTESIAN_POINT('',(-0.0548898305084744,-2.1336,2.49015550517279));
#4774=CARTESIAN_POINT('',(-0.0324838170570166,-2.1844,2.49015550517279));
#4775=CARTESIAN_POINT('',(-0.0324838170570166,-2.1336,2.49015550517279));
#4776=CARTESIAN_POINT('',(0.0249038194019198,-2.1844,2.50262045637349));
#4777=CARTESIAN_POINT('',(0.0249038194019198,-2.1336,2.50262045637349));
#4778=CARTESIAN_POINT('',(0.0550349040445182,-2.1844,2.4185699526218));
#4779=CARTESIAN_POINT('',(0.0550349040445182,-2.1336,2.4185699526218));
#4780=CARTESIAN_POINT('',(0.0437357473035438,-2.1844,2.34926183099713));
#4781=CARTESIAN_POINT('',(0.0437357473035438,-2.1336,2.34926183099713));
#4782=CARTESIAN_POINT('',(0.0437357473035438,-2.1844,2.30444980409421));
#4783=CARTESIAN_POINT('',(0.0437357473035438,-2.1336,2.30444980409421));
#4784=CARTESIAN_POINT('',(-0.03629969183359,-2.1336,2.49015550517279));
#4785=CARTESIAN_POINT('',(-0.0177095531587056,-2.1336,2.49015550517279));
#4786=CARTESIAN_POINT('',(0.000880585516178837,-2.1336,2.49015550517279));
#4787=CARTESIAN_POINT('',(0.0294506933744223,-2.1336,2.49015550517279));
#4788=CARTESIAN_POINT('',(0.0437357473035438,-2.1336,2.47704456526524));
#4789=CARTESIAN_POINT('',(0.0437357473035438,-2.1336,2.45082268545014));
#4790=CARTESIAN_POINT('',(0.0437357473035438,-2.1336,2.40203172499817));
#4791=CARTESIAN_POINT('',(0.0437357473035438,-2.1336,2.35324076454619));
#4792=CARTESIAN_POINT('',(-0.03629969183359,-2.1844,2.49015550517279));
#4793=CARTESIAN_POINT('',(-0.0177095531587056,-2.1844,2.49015550517279));
#4794=CARTESIAN_POINT('',(0.000880585516178837,-2.1844,2.49015550517279));
#4795=CARTESIAN_POINT('',(0.0294506933744223,-2.1844,2.49015550517279));
#4796=CARTESIAN_POINT('',(0.0437357473035438,-2.1844,2.47704456526524));
#4797=CARTESIAN_POINT('',(0.0437357473035438,-2.1844,2.45082268545014));
#4798=CARTESIAN_POINT('',(0.0437357473035438,-2.1844,2.40203172499817));
#4799=CARTESIAN_POINT('',(0.0437357473035438,-2.1844,2.35324076454619));
#4800=CARTESIAN_POINT('',(0.0376694915254237,-2.1336,2.30444980409421));
#4801=CARTESIAN_POINT('',(0.0316032357473035,-2.1336,2.30444980409421));
#4802=CARTESIAN_POINT('',(0.0255369799691834,-2.1336,2.30444980409421));
#4803=CARTESIAN_POINT('',(0.0255369799691834,-2.1844,2.30444980409421));
#4804=CARTESIAN_POINT('',(0.0376694915254237,-2.1844,2.30444980409421));
#4805=CARTESIAN_POINT('',(0.0316032357473035,-2.1844,2.30444980409421));
#4806=CARTESIAN_POINT('',(0.0255369799691834,-2.1844,2.34092717585287));
#4807=CARTESIAN_POINT('',(0.0255369799691834,-2.1336,2.34092717585287));
#4808=CARTESIAN_POINT('',(0.0223829641979288,-2.1844,2.38885715811347));
#4809=CARTESIAN_POINT('',(0.0223829641979288,-2.1336,2.38885715811347));
#4810=CARTESIAN_POINT('',(0.0307936729212744,-2.1844,2.47990810263718));
#4811=CARTESIAN_POINT('',(0.0307936729212744,-2.1336,2.47990810263718));
#4812=CARTESIAN_POINT('',(-0.018478877529004,-2.1844,2.4705869381466));
#4813=CARTESIAN_POINT('',(-0.018478877529004,-2.1336,2.4705869381466));
#4814=CARTESIAN_POINT('',(-0.036691063174114,-2.1844,2.4705869381466));
#4815=CARTESIAN_POINT('',(-0.036691063174114,-2.1336,2.4705869381466));
#4816=CARTESIAN_POINT('',(0.0255369799691834,-2.1336,2.34971842248147));
#4817=CARTESIAN_POINT('',(0.0255369799691834,-2.1336,2.39498704086874));
#4818=CARTESIAN_POINT('',(0.0255369799691834,-2.1336,2.440255659256));
#4819=CARTESIAN_POINT('',(0.0255369799691834,-2.1336,2.4510183711204));
#4820=CARTESIAN_POINT('',(0.0235801232665639,-2.1336,2.45904148360114));
#4821=CARTESIAN_POINT('',(0.0196664098613253,-2.1336,2.46393362535769));
#4822=CARTESIAN_POINT('',(0.015867244165508,-2.1336,2.46868258247746));
#4823=CARTESIAN_POINT('',(0.00968644067796621,-2.1336,2.4705869381466));
#4824=CARTESIAN_POINT('',(0.00166332819722663,-2.1336,2.4705869381466));
#4825=CARTESIAN_POINT('',(-0.0111214689265535,-2.1336,2.4705869381466));
#4826=CARTESIAN_POINT('',(-0.0239062660503337,-2.1336,2.4705869381466));
#4827=CARTESIAN_POINT('',(0.0255369799691834,-2.1844,2.34971842248147));
#4828=CARTESIAN_POINT('',(0.0255369799691834,-2.1844,2.39498704086874));
#4829=CARTESIAN_POINT('',(0.0255369799691834,-2.1844,2.440255659256));
#4830=CARTESIAN_POINT('',(0.0255369799691834,-2.1844,2.4510183711204));
#4831=CARTESIAN_POINT('',(0.0235801232665639,-2.1844,2.45904148360114));
#4832=CARTESIAN_POINT('',(0.0196664098613253,-2.1844,2.46393362535769));
#4833=CARTESIAN_POINT('',(0.015867244165508,-2.1844,2.46868258247746));
#4834=CARTESIAN_POINT('',(0.00968644067796621,-2.1844,2.4705869381466));
#4835=CARTESIAN_POINT('',(0.00166332819722663,-2.1844,2.4705869381466));
#4836=CARTESIAN_POINT('',(-0.0111214689265535,-2.1844,2.4705869381466));
#4837=CARTESIAN_POINT('',(-0.0239062660503337,-2.1844,2.4705869381466));
#4838=CARTESIAN_POINT('',(-0.036691063174114,-2.1336,2.41520789346247));
#4839=CARTESIAN_POINT('',(-0.036691063174114,-2.1336,2.35982884877834));
#4840=CARTESIAN_POINT('',(-0.036691063174114,-2.1336,2.30444980409421));
#4841=CARTESIAN_POINT('',(-0.036691063174114,-2.1844,2.30444980409421));
#4842=CARTESIAN_POINT('',(-0.036691063174114,-2.1844,2.41520789346247));
#4843=CARTESIAN_POINT('',(-0.036691063174114,-2.1844,2.35982884877834));
#4844=CARTESIAN_POINT('',(-0.0427573189522341,-2.1336,2.30458026120772));
#4845=CARTESIAN_POINT('',(-0.0488235747303543,-2.1336,2.30471071832123));
#4846=CARTESIAN_POINT('',(-0.0548898305084744,-2.1336,2.30484117543473));
#4847=CARTESIAN_POINT('',(-0.0548898305084744,-2.1844,2.30484117543473));
#4848=CARTESIAN_POINT('',(-0.0427573189522341,-2.1844,2.30458026120772));
#4849=CARTESIAN_POINT('',(-0.0488235747303543,-2.1844,2.30471071832123));
#4850=CARTESIAN_POINT('',(-0.0548898305084744,-2.1336,2.36661261868075));
#4851=CARTESIAN_POINT('',(-0.0548898305084744,-2.1336,2.42838406192677));
#4852=CARTESIAN_POINT('',(-0.0548898305084744,-2.1844,2.36661261868075));
#4853=CARTESIAN_POINT('',(-0.0548898305084744,-2.1844,2.42838406192677));
#4854=CARTESIAN_POINT('',(0.0437357473035438,-2.1844,2.43888588480296));
#4855=CARTESIAN_POINT('',(0.0437357473035438,-2.1336,2.43888588480296));
#4856=CARTESIAN_POINT('',(-0.309085516178736,-2.1844,2.22461005062734));
#4857=CARTESIAN_POINT('',(-0.309085516178736,-2.1336,2.22461005062734));
#4858=CARTESIAN_POINT('',(-0.309085516178736,-2.1336,1.9708057362976));
#4859=CARTESIAN_POINT('',(-0.309085516178736,-2.1844,1.9708057362976));
#4860=CARTESIAN_POINT('',(-0.327284283513097,-2.1336,1.9708057362976));
#4861=CARTESIAN_POINT('',(-0.327284283513097,-2.1844,1.9708057362976));
#4862=CARTESIAN_POINT('',(-0.327284283513097,-2.1336,2.17549294739159));
#4863=CARTESIAN_POINT('',(-0.327284283513097,-2.1844,2.17549294739159));
#4864=CARTESIAN_POINT('',(-0.381880585516179,-2.1336,2.06630034338543));
#4865=CARTESIAN_POINT('',(-0.381880585516179,-2.1844,2.06630034338543));
#4866=CARTESIAN_POINT('',(-0.394208782742681,-2.1336,2.06630034338543));
#4867=CARTESIAN_POINT('',(-0.394208782742681,-2.1844,2.06630034338543));
#4868=CARTESIAN_POINT('',(-0.448609399075501,-2.1336,2.17529726172133));
#4869=CARTESIAN_POINT('',(-0.448609399075501,-2.1844,2.17529726172133));
#4870=CARTESIAN_POINT('',(-0.448609399075501,-2.1336,1.9708057362976));
#4871=CARTESIAN_POINT('',(-0.448609399075501,-2.1844,1.9708057362976));
#4872=CARTESIAN_POINT('',(-0.467003852080123,-2.1336,1.9708057362976));
#4873=CARTESIAN_POINT('',(-0.467003852080123,-2.1844,1.9708057362976));
#4874=CARTESIAN_POINT('',(-0.467003852080123,-2.1336,2.22461005062734));
#4875=CARTESIAN_POINT('',(-0.467003852080123,-2.1844,2.22461005062734));
#4876=CARTESIAN_POINT('',(-0.45056625577812,-2.1336,2.22421867928681));
#4877=CARTESIAN_POINT('',(-0.45056625577812,-2.1844,2.22421867928681));
#4878=CARTESIAN_POINT('',(-0.387751155624037,-2.1336,2.09565319392472));
#4879=CARTESIAN_POINT('',(-0.387751155624037,-2.1844,2.09565319392472));
#4880=CARTESIAN_POINT('',(-0.326110169491525,-2.1336,2.22421867928681));
#4881=CARTESIAN_POINT('',(-0.326110169491525,-2.1844,2.22421867928681));
#4882=CARTESIAN_POINT('',(-0.309085516178736,-2.1844,2.09770789346247));
#4883=CARTESIAN_POINT('',(-0.309085516178736,-2.1336,2.09770789346247));
#4884=CARTESIAN_POINT('',(-0.242552388289676,-2.1844,2.22461005062734));
#4885=CARTESIAN_POINT('',(-0.242552388289676,-2.1336,2.22461005062734));
#4886=CARTESIAN_POINT('',(-0.242552388289676,-2.1336,2.19799679947171));
#4887=CARTESIAN_POINT('',(-0.242552388289676,-2.1844,2.19799679947171));
#4888=CARTESIAN_POINT('',(-0.260946841294299,-2.1336,2.19799679947171));
#4889=CARTESIAN_POINT('',(-0.260946841294299,-2.1844,2.19799679947171));
#4890=CARTESIAN_POINT('',(-0.260946841294299,-2.1336,2.22461005062734));
#4891=CARTESIAN_POINT('',(-0.260946841294299,-2.1844,2.22461005062734));
#4892=CARTESIAN_POINT('',(-0.242552388289676,-2.1844,2.21130342504953));
#4893=CARTESIAN_POINT('',(-0.242552388289676,-2.1336,2.21130342504953));
#4894=CARTESIAN_POINT('',(-0.242552388289676,-2.1844,2.15533732335461));
#4895=CARTESIAN_POINT('',(-0.242552388289676,-2.1336,2.15533732335461));
#4896=CARTESIAN_POINT('',(-0.242552388289676,-2.1336,1.97139279330839));
#4897=CARTESIAN_POINT('',(-0.242552388289676,-2.1844,1.97139279330839));
#4898=CARTESIAN_POINT('',(-0.260946841294299,-2.1336,1.97139279330839));
#4899=CARTESIAN_POINT('',(-0.260946841294299,-2.1844,1.97139279330839));
#4900=CARTESIAN_POINT('',(-0.260946841294299,-2.1336,2.15533732335461));
#4901=CARTESIAN_POINT('',(-0.260946841294299,-2.1844,2.15533732335461));
#4902=CARTESIAN_POINT('',(-0.242552388289676,-2.1844,2.0633650583315));
#4903=CARTESIAN_POINT('',(-0.242552388289676,-2.1336,2.0633650583315));
#4904=CARTESIAN_POINT('',(-0.104985362095532,-2.1844,1.98978724631301));
#4905=CARTESIAN_POINT('',(-0.104985362095532,-2.1336,1.98978724631301));
#4906=CARTESIAN_POINT('',(-0.104985362095532,-2.1336,1.98365576197813));
#4907=CARTESIAN_POINT('',(-0.104985362095532,-2.1336,1.97752427764326));
#4908=CARTESIAN_POINT('',(-0.104985362095532,-2.1336,1.97139279330839));
#4909=CARTESIAN_POINT('',(-0.104985362095532,-2.1844,1.97139279330839));
#4910=CARTESIAN_POINT('',(-0.104985362095532,-2.1844,1.98365576197813));
#4911=CARTESIAN_POINT('',(-0.104985362095532,-2.1844,1.97752427764326));
#4912=CARTESIAN_POINT('',(-0.124208251378905,-2.1844,1.97139279330839));
#4913=CARTESIAN_POINT('',(-0.124208251378905,-2.1336,1.97139279330839));
#4914=CARTESIAN_POINT('',(-0.167441873227344,-2.1844,1.96183324818024));
#4915=CARTESIAN_POINT('',(-0.167441873227344,-2.1336,1.96183324818024));
#4916=CARTESIAN_POINT('',(-0.215606370670681,-2.1844,2.01919051894911));
#4917=CARTESIAN_POINT('',(-0.215606370670681,-2.1336,2.01919051894911));
#4918=CARTESIAN_POINT('',(-0.19754468412943,-2.1844,2.08420357826392));
#4919=CARTESIAN_POINT('',(-0.19754468412943,-2.1336,2.08420357826392));
#4920=CARTESIAN_POINT('',(-0.19754468412943,-2.1844,2.12265781642087));
#4921=CARTESIAN_POINT('',(-0.19754468412943,-2.1336,2.12265781642087));
#4922=CARTESIAN_POINT('',(-0.125728043143297,-2.1336,1.97139279330839));
#4923=CARTESIAN_POINT('',(-0.146470724191063,-2.1336,1.97139279330839));
#4924=CARTESIAN_POINT('',(-0.167213405238829,-2.1336,1.97139279330839));
#4925=CARTESIAN_POINT('',(-0.176802003081664,-2.1336,1.97139279330839));
#4926=CARTESIAN_POINT('',(-0.18443374422188,-2.1336,1.9749151353731));
#4927=CARTESIAN_POINT('',(-0.189912942989214,-2.1336,1.98176413383227));
#4928=CARTESIAN_POINT('',(-0.194857585779247,-2.1336,1.98794493731981));
#4929=CARTESIAN_POINT('',(-0.19754468412943,-2.1336,1.99604918776139));
#4930=CARTESIAN_POINT('',(-0.19754468412943,-2.1336,2.00583347127449));
#4931=CARTESIAN_POINT('',(-0.19754468412943,-2.1336,2.04477491965661));
#4932=CARTESIAN_POINT('',(-0.19754468412943,-2.1336,2.08371636803874));
#4933=CARTESIAN_POINT('',(-0.125728043143297,-2.1844,1.97139279330839));
#4934=CARTESIAN_POINT('',(-0.146470724191063,-2.1844,1.97139279330839));
#4935=CARTESIAN_POINT('',(-0.167213405238829,-2.1844,1.97139279330839));
#4936=CARTESIAN_POINT('',(-0.176802003081664,-2.1844,1.97139279330839));
#4937=CARTESIAN_POINT('',(-0.18443374422188,-2.1844,1.9749151353731));
#4938=CARTESIAN_POINT('',(-0.189912942989214,-2.1844,1.98176413383227));
#4939=CARTESIAN_POINT('',(-0.194857585779247,-2.1844,1.98794493731981));
#4940=CARTESIAN_POINT('',(-0.19754468412943,-2.1844,1.99604918776139));
#4941=CARTESIAN_POINT('',(-0.19754468412943,-2.1844,2.00583347127449));
#4942=CARTESIAN_POINT('',(-0.19754468412943,-2.1844,2.04477491965661));
#4943=CARTESIAN_POINT('',(-0.19754468412943,-2.1844,2.08371636803874));
#4944=CARTESIAN_POINT('',(-0.192124613822231,-2.1844,2.15982401281308));
#4945=CARTESIAN_POINT('',(-0.192124613822231,-2.1336,2.15982401281308));
#4946=CARTESIAN_POINT('',(-0.142539958103106,-2.1844,2.15651143737618));
#4947=CARTESIAN_POINT('',(-0.142539958103106,-2.1336,2.15651143737618));
#4948=CARTESIAN_POINT('',(-0.104985362095532,-2.1844,2.15651143737618));
#4949=CARTESIAN_POINT('',(-0.104985362095532,-2.1336,2.15651143737618));
#4950=CARTESIAN_POINT('',(-0.197088084232152,-2.1336,2.12578878714506));
#4951=CARTESIAN_POINT('',(-0.196631484334874,-2.1336,2.12891975786925));
#4952=CARTESIAN_POINT('',(-0.196174884437596,-2.1336,2.13205072859344));
#4953=CARTESIAN_POINT('',(-0.194517502490018,-2.1336,2.14341563337683));
#4954=CARTESIAN_POINT('',(-0.187564714946071,-2.1336,2.15103223860885));
#4955=CARTESIAN_POINT('',(-0.17543220338983,-2.1336,2.15455458067356));
#4956=CARTESIAN_POINT('',(-0.170966926823786,-2.1336,2.15585095128951));
#4957=CARTESIAN_POINT('',(-0.164865177195686,-2.1336,2.15651143737618));
#4958=CARTESIAN_POINT('',(-0.157429121725732,-2.1336,2.15651143737618));
#4959=CARTESIAN_POINT('',(-0.139947868515665,-2.1336,2.15651143737618));
#4960=CARTESIAN_POINT('',(-0.122466615305598,-2.1336,2.15651143737618));
#4961=CARTESIAN_POINT('',(-0.197088084232152,-2.1844,2.12578878714506));
#4962=CARTESIAN_POINT('',(-0.196631484334874,-2.1844,2.12891975786925));
#4963=CARTESIAN_POINT('',(-0.196174884437596,-2.1844,2.13205072859344));
#4964=CARTESIAN_POINT('',(-0.194517502490018,-2.1844,2.14341563337683));
#4965=CARTESIAN_POINT('',(-0.187564714946071,-2.1844,2.15103223860885));
#4966=CARTESIAN_POINT('',(-0.17543220338983,-2.1844,2.15455458067356));
#4967=CARTESIAN_POINT('',(-0.170966926823786,-2.1844,2.15585095128951));
#4968=CARTESIAN_POINT('',(-0.164865177195686,-2.1844,2.15651143737618));
#4969=CARTESIAN_POINT('',(-0.157429121725732,-2.1844,2.15651143737618));
#4970=CARTESIAN_POINT('',(-0.139947868515665,-2.1844,2.15651143737618));
#4971=CARTESIAN_POINT('',(-0.122466615305598,-2.1844,2.15651143737618));
#4972=CARTESIAN_POINT('',(-0.104985362095532,-2.1336,2.15083655293859));
#4973=CARTESIAN_POINT('',(-0.104985362095532,-2.1336,2.14516166850099));
#4974=CARTESIAN_POINT('',(-0.104985362095532,-2.1336,2.13948678406339));
#4975=CARTESIAN_POINT('',(-0.104985362095532,-2.1844,2.13948678406339));
#4976=CARTESIAN_POINT('',(-0.104985362095532,-2.1844,2.15083655293859));
#4977=CARTESIAN_POINT('',(-0.104985362095532,-2.1844,2.14516166850099));
#4978=CARTESIAN_POINT('',(-0.121715851343904,-2.1844,2.13948678406339));
#4979=CARTESIAN_POINT('',(-0.121715851343904,-2.1336,2.13948678406339));
#4980=CARTESIAN_POINT('',(-0.161668765054019,-2.1844,2.14868551279613));
#4981=CARTESIAN_POINT('',(-0.161668765054019,-2.1336,2.14868551279613));
#4982=CARTESIAN_POINT('',(-0.18963911076728,-2.1844,2.09349314039974));
#4983=CARTESIAN_POINT('',(-0.18963911076728,-2.1336,2.09349314039974));
#4984=CARTESIAN_POINT('',(-0.179150231124807,-2.1844,2.03890307843071));
#4985=CARTESIAN_POINT('',(-0.179150231124807,-2.1336,2.03890307843071));
#4986=CARTESIAN_POINT('',(-0.179150231124807,-2.1844,2.00544209993396));
#4987=CARTESIAN_POINT('',(-0.179150231124807,-2.1336,2.00544209993396));
#4988=CARTESIAN_POINT('',(-0.1233145865434,-2.1336,2.13948678406339));
#4989=CARTESIAN_POINT('',(-0.141643810991269,-2.1336,2.13948678406339));
#4990=CARTESIAN_POINT('',(-0.159973035439137,-2.1336,2.13948678406339));
#4991=CARTESIAN_POINT('',(-0.172888289676425,-2.1336,2.13948678406339));
#4992=CARTESIAN_POINT('',(-0.179150231124807,-2.1336,2.13263778560423));
#4993=CARTESIAN_POINT('',(-0.179150231124807,-2.1336,2.11893978868589));
#4994=CARTESIAN_POINT('',(-0.179150231124807,-2.1336,2.08110722576858));
#4995=CARTESIAN_POINT('',(-0.179150231124807,-2.1336,2.04327466285127));
#4996=CARTESIAN_POINT('',(-0.1233145865434,-2.1844,2.13948678406339));
#4997=CARTESIAN_POINT('',(-0.141643810991269,-2.1844,2.13948678406339));
#4998=CARTESIAN_POINT('',(-0.159973035439137,-2.1844,2.13948678406339));
#4999=CARTESIAN_POINT('',(-0.172888289676425,-2.1844,2.13948678406339));
#5000=CARTESIAN_POINT('',(-0.179150231124807,-2.1844,2.13263778560423));
#5001=CARTESIAN_POINT('',(-0.179150231124807,-2.1844,2.11893978868589));
#5002=CARTESIAN_POINT('',(-0.179150231124807,-2.1844,2.08110722576858));
#5003=CARTESIAN_POINT('',(-0.179150231124807,-2.1844,2.04327466285127));
#5004=CARTESIAN_POINT('',(-0.173730593858172,-2.1844,1.97292427633415));
#5005=CARTESIAN_POINT('',(-0.173730593858172,-2.1336,1.97292427633415));
#5006=CARTESIAN_POINT('',(-0.132524719274868,-2.1844,1.98978724631301));
#5007=CARTESIAN_POINT('',(-0.132524719274868,-2.1336,1.98978724631301));
#5008=CARTESIAN_POINT('',(-0.17738906009245,-2.1336,1.99487507373982));
#5009=CARTESIAN_POINT('',(-0.171127118644068,-2.1336,1.98959156064275));
#5010=CARTESIAN_POINT('',(-0.160755778120185,-2.1336,1.98978724631301));
#5011=CARTESIAN_POINT('',(-0.142172255153014,-2.1336,1.99013787882182));
#5012=CARTESIAN_POINT('',(-0.123575500770416,-2.1336,1.98978724631301));
#5013=CARTESIAN_POINT('',(-0.17738906009245,-2.1844,1.99487507373982));
#5014=CARTESIAN_POINT('',(-0.171127118644068,-2.1844,1.98959156064275));
#5015=CARTESIAN_POINT('',(-0.160755778120185,-2.1844,1.98978724631301));
#5016=CARTESIAN_POINT('',(-0.142172255153014,-2.1844,1.99013787882182));
#5017=CARTESIAN_POINT('',(-0.123575500770416,-2.1844,1.98978724631301));
#5018=CARTESIAN_POINT('',(-0.19754468412943,-2.1844,2.00729510195002));
#5019=CARTESIAN_POINT('',(-0.19754468412943,-2.1336,2.00729510195002));
#5020=CARTESIAN_POINT('',(-0.0511718027734975,-2.1844,2.1559243803654));
#5021=CARTESIAN_POINT('',(-0.0511718027734975,-2.1336,2.1559243803654));
#5022=CARTESIAN_POINT('',(-0.0302767634801896,-2.1844,2.1559243803654));
#5023=CARTESIAN_POINT('',(-0.0302767634801896,-2.1336,2.1559243803654));
#5024=CARTESIAN_POINT('',(0.026608324592575,-2.1844,2.16406412804951));
#5025=CARTESIAN_POINT('',(0.026608324592575,-2.1336,2.16406412804951));
#5026=CARTESIAN_POINT('',(0.0327216000056262,-2.1844,2.07309840111411));
#5027=CARTESIAN_POINT('',(0.0327216000056262,-2.1336,2.07309840111411));
#5028=CARTESIAN_POINT('',(0.030429121725732,-2.1844,2.013182871895));
#5029=CARTESIAN_POINT('',(0.030429121725732,-2.1336,2.013182871895));
#5030=CARTESIAN_POINT('',(0.030429121725732,-2.1844,1.97139279330839));
#5031=CARTESIAN_POINT('',(0.030429121725732,-2.1336,1.97139279330839));
#5032=CARTESIAN_POINT('',(-0.0384522342064713,-2.1336,2.1559243803654));
#5033=CARTESIAN_POINT('',(-0.0257326656394452,-2.1336,2.1559243803654));
#5034=CARTESIAN_POINT('',(-0.013013097072419,-2.1336,2.1559243803654));
#5035=CARTESIAN_POINT('',(0.0159483821263484,-2.1336,2.1559243803654));
#5036=CARTESIAN_POINT('',(0.030429121725732,-2.1336,2.14300912612811));
#5037=CARTESIAN_POINT('',(0.030429121725732,-2.1336,2.11756998899406));
#5038=CARTESIAN_POINT('',(0.030429121725732,-2.1336,2.06884425709883));
#5039=CARTESIAN_POINT('',(0.030429121725732,-2.1336,2.02011852520361));
#5040=CARTESIAN_POINT('',(-0.0384522342064713,-2.1844,2.1559243803654));
#5041=CARTESIAN_POINT('',(-0.0257326656394452,-2.1844,2.1559243803654));
#5042=CARTESIAN_POINT('',(-0.013013097072419,-2.1844,2.1559243803654));
#5043=CARTESIAN_POINT('',(0.0159483821263484,-2.1844,2.1559243803654));
#5044=CARTESIAN_POINT('',(0.030429121725732,-2.1844,2.14300912612811));
#5045=CARTESIAN_POINT('',(0.030429121725732,-2.1844,2.11756998899406));
#5046=CARTESIAN_POINT('',(0.030429121725732,-2.1844,2.06884425709883));
#5047=CARTESIAN_POINT('',(0.030429121725732,-2.1844,2.02011852520361));
#5048=CARTESIAN_POINT('',(0.0243628659476117,-2.1336,1.97139279330839));
#5049=CARTESIAN_POINT('',(0.0182966101694916,-2.1336,1.97139279330839));
#5050=CARTESIAN_POINT('',(0.0122303543913714,-2.1336,1.97139279330839));
#5051=CARTESIAN_POINT('',(0.0122303543913714,-2.1844,1.97139279330839));
#5052=CARTESIAN_POINT('',(0.0243628659476117,-2.1844,1.97139279330839));
#5053=CARTESIAN_POINT('',(0.0182966101694916,-2.1844,1.97139279330839));
#5054=CARTESIAN_POINT('',(0.0122303543913714,-2.1844,2.00802686448058));
#5055=CARTESIAN_POINT('',(0.0122303543913714,-2.1336,2.00802686448058));
#5056=CARTESIAN_POINT('',(0.00987485646170643,-2.1844,2.05718497823406));
#5057=CARTESIAN_POINT('',(0.00987485646170643,-2.1336,2.05718497823406));
#5058=CARTESIAN_POINT('',(0.0161561842741462,-2.1844,2.1459011019246));
#5059=CARTESIAN_POINT('',(0.0161561842741462,-2.1336,2.1459011019246));
#5060=CARTESIAN_POINT('',(-0.0328547671874015,-2.1844,2.13889972705261));
#5061=CARTESIAN_POINT('',(-0.0328547671874015,-2.1336,2.13889972705261));
#5062=CARTESIAN_POINT('',(-0.0511718027734975,-2.1844,2.13889972705261));
#5063=CARTESIAN_POINT('',(-0.0511718027734975,-2.1336,2.13889972705261));
#5064=CARTESIAN_POINT('',(0.0122303543913714,-2.1336,2.0175746114902));
#5065=CARTESIAN_POINT('',(0.0122303543913714,-2.1336,2.06375642967202));
#5066=CARTESIAN_POINT('',(0.0122303543913714,-2.1336,2.10993824785384));
#5067=CARTESIAN_POINT('',(0.0122303543913714,-2.1336,2.12911544353951));
#5068=CARTESIAN_POINT('',(0.0022503852080124,-2.1336,2.13889972705261));
#5069=CARTESIAN_POINT('',(-0.0175138674884436,-2.1336,2.13889972705261));
#5070=CARTESIAN_POINT('',(-0.0287331792501283,-2.1336,2.13889972705261));
#5071=CARTESIAN_POINT('',(-0.0399524910118129,-2.1336,2.13889972705261));
#5072=CARTESIAN_POINT('',(0.0122303543913714,-2.1844,2.0175746114902));
#5073=CARTESIAN_POINT('',(0.0122303543913714,-2.1844,2.06375642967202));
#5074=CARTESIAN_POINT('',(0.0122303543913714,-2.1844,2.10993824785384));
#5075=CARTESIAN_POINT('',(0.0122303543913714,-2.1844,2.12911544353951));
#5076=CARTESIAN_POINT('',(0.0022503852080124,-2.1844,2.13889972705261));
#5077=CARTESIAN_POINT('',(-0.0175138674884436,-2.1844,2.13889972705261));
#5078=CARTESIAN_POINT('',(-0.0287331792501283,-2.1844,2.13889972705261));
#5079=CARTESIAN_POINT('',(-0.0399524910118129,-2.1844,2.13889972705261));
#5080=CARTESIAN_POINT('',(-0.0511718027734975,-2.1336,2.0830640824712));
#5081=CARTESIAN_POINT('',(-0.0511718027734976,-2.1336,2.02722843788979));
#5082=CARTESIAN_POINT('',(-0.0511718027734975,-2.1336,1.97139279330839));
#5083=CARTESIAN_POINT('',(-0.0511718027734975,-2.1844,1.97139279330839));
#5084=CARTESIAN_POINT('',(-0.0511718027734975,-2.1844,2.0830640824712));
#5085=CARTESIAN_POINT('',(-0.0511718027734976,-2.1844,2.02722843788979));
#5086=CARTESIAN_POINT('',(-0.0573032871083717,-2.1336,1.97139279330839));
#5087=CARTESIAN_POINT('',(-0.0634347714432458,-2.1336,1.97139279330839));
#5088=CARTESIAN_POINT('',(-0.06956625577812,-2.1336,1.97139279330839));
#5089=CARTESIAN_POINT('',(-0.06956625577812,-2.1844,1.97139279330839));
#5090=CARTESIAN_POINT('',(-0.0573032871083717,-2.1844,1.97139279330839));
#5091=CARTESIAN_POINT('',(-0.0634347714432458,-2.1844,1.97139279330839));
#5092=CARTESIAN_POINT('',(-0.06956625577812,-2.1336,2.05573331719128));
#5093=CARTESIAN_POINT('',(-0.06956625577812,-2.1336,2.14007384107418));
#5094=CARTESIAN_POINT('',(-0.06956625577812,-2.1336,2.22441436495708));
#5095=CARTESIAN_POINT('',(-0.06956625577812,-2.1844,2.22441436495708));
#5096=CARTESIAN_POINT('',(-0.06956625577812,-2.1844,2.05573331719128));
#5097=CARTESIAN_POINT('',(-0.06956625577812,-2.1844,2.14007384107418));
#5098=CARTESIAN_POINT('',(-0.0634347714432458,-2.1336,2.22447959351383));
#5099=CARTESIAN_POINT('',(-0.0573032871083717,-2.1336,2.22454482207058));
#5100=CARTESIAN_POINT('',(-0.0511718027734975,-2.1336,2.22461005062734));
#5101=CARTESIAN_POINT('',(-0.0511718027734975,-2.1844,2.22461005062734));
#5102=CARTESIAN_POINT('',(-0.0634347714432458,-2.1844,2.22447959351383));
#5103=CARTESIAN_POINT('',(-0.0573032871083717,-2.1844,2.22454482207058));
#5104=CARTESIAN_POINT('',(-0.0511718027734975,-2.1336,2.20171482720669));
#5105=CARTESIAN_POINT('',(-0.0511718027734975,-2.1336,2.17881960378604));
#5106=CARTESIAN_POINT('',(-0.0511718027734975,-2.1844,2.20171482720669));
#5107=CARTESIAN_POINT('',(-0.0511718027734975,-2.1844,2.17881960378604));
#5108=CARTESIAN_POINT('',(0.030429121725732,-2.1844,2.09676302906823));
#5109=CARTESIAN_POINT('',(0.030429121725732,-2.1336,2.09676302906823));
#5110=CARTESIAN_POINT('',(0.193826656394453,-2.1844,1.98978724631301));
#5111=CARTESIAN_POINT('',(0.193826656394453,-2.1336,1.98978724631301));
#5112=CARTESIAN_POINT('',(0.193826656394453,-2.1336,1.98365576197813));
#5113=CARTESIAN_POINT('',(0.193826656394453,-2.1336,1.97752427764326));
#5114=CARTESIAN_POINT('',(0.193826656394453,-2.1336,1.97139279330839));
#5115=CARTESIAN_POINT('',(0.193826656394453,-2.1844,1.97139279330839));
#5116=CARTESIAN_POINT('',(0.193826656394453,-2.1844,1.98365576197813));
#5117=CARTESIAN_POINT('',(0.193826656394453,-2.1844,1.97752427764326));
#5118=CARTESIAN_POINT('',(0.181365249033181,-2.1844,1.97139279330839));
#5119=CARTESIAN_POINT('',(0.181365249033181,-2.1336,1.97139279330839));
#5120=CARTESIAN_POINT('',(0.169978167646574,-2.1844,1.97237093672269));
#5121=CARTESIAN_POINT('',(0.169978167646574,-2.1336,1.97237093672269));
#5122=CARTESIAN_POINT('',(0.161734206471495,-2.1844,1.98528647589698));
#5123=CARTESIAN_POINT('',(0.161734206471495,-2.1336,1.98528647589698));
#5124=CARTESIAN_POINT('',(0.190239085772984,-2.1336,1.97139279330839));
#5125=CARTESIAN_POINT('',(0.186651515151515,-2.1336,1.97139279330839));
#5126=CARTESIAN_POINT('',(0.183063944530046,-2.1336,1.97139279330839));
#5127=CARTESIAN_POINT('',(0.174845146379045,-2.1336,1.97139279330839));
#5128=CARTESIAN_POINT('',(0.167604776579353,-2.1336,1.97608924939467));
#5129=CARTESIAN_POINT('',(0.190239085772984,-2.1844,1.97139279330839));
#5130=CARTESIAN_POINT('',(0.186651515151515,-2.1844,1.97139279330839));
#5131=CARTESIAN_POINT('',(0.183063944530046,-2.1844,1.97139279330839));
#5132=CARTESIAN_POINT('',(0.174845146379045,-2.1844,1.97139279330839));
#5133=CARTESIAN_POINT('',(0.167604776579353,-2.1844,1.97608924939467));
#5134=CARTESIAN_POINT('',(0.142092173137721,-2.1844,1.9622070867298));
#5135=CARTESIAN_POINT('',(0.142092173137721,-2.1336,1.9622070867298));
#5136=CARTESIAN_POINT('',(0.0516504531197611,-2.1844,1.95994003700637));
#5137=CARTESIAN_POINT('',(0.0516504531197611,-2.1336,1.95994003700637));
#5138=CARTESIAN_POINT('',(0.07407283781624,-2.1844,2.06593762049911));
#5139=CARTESIAN_POINT('',(0.07407283781624,-2.1336,2.06593762049911));
#5140=CARTESIAN_POINT('',(0.0612369321329985,-2.1844,2.17149852869825));
#5141=CARTESIAN_POINT('',(0.0612369321329985,-2.1336,2.17149852869825));
#5142=CARTESIAN_POINT('',(0.143138019143757,-2.1844,2.15651143737618));
#5143=CARTESIAN_POINT('',(0.143138019143757,-2.1336,2.15651143737618));
#5144=CARTESIAN_POINT('',(0.173083975346687,-2.1844,2.15651143737618));
#5145=CARTESIAN_POINT('',(0.173083975346687,-2.1336,2.15651143737618));
#5146=CARTESIAN_POINT('',(0.153906779661017,-2.1336,1.97608924939467));
#5147=CARTESIAN_POINT('',(0.143339753466872,-2.1336,1.97139279330839));
#5148=CARTESIAN_POINT('',(0.13003312788906,-2.1336,1.97139279330839));
#5149=CARTESIAN_POINT('',(0.119922701592193,-2.1336,1.97139279330839));
#5150=CARTESIAN_POINT('',(0.109812275295326,-2.1336,1.97139279330839));
#5151=CARTESIAN_POINT('',(0.0997018489984591,-2.1336,1.97139279330839));
#5152=CARTESIAN_POINT('',(0.0787634822804315,-2.1336,1.97139279330839));
#5153=CARTESIAN_POINT('',(0.0681964560862866,-2.1336,1.98293824785384));
#5154=CARTESIAN_POINT('',(0.0681964560862866,-2.1336,2.00583347127449));
#5155=CARTESIAN_POINT('',(0.0681964560862866,-2.1336,2.04183963460268));
#5156=CARTESIAN_POINT('',(0.0681964560862866,-2.1336,2.07784579793088));
#5157=CARTESIAN_POINT('',(0.0681964560862866,-2.1336,2.11385196125908));
#5158=CARTESIAN_POINT('',(0.0681964560862866,-2.1336,2.14222638344706));
#5159=CARTESIAN_POINT('',(0.0820901386748845,-2.1336,2.15651143737618));
#5160=CARTESIAN_POINT('',(0.109486132511556,-2.1336,2.15651143737618));
#5161=CARTESIAN_POINT('',(0.1306854134566,-2.1336,2.15651143737618));
#5162=CARTESIAN_POINT('',(0.151884694401644,-2.1336,2.15651143737618));
#5163=CARTESIAN_POINT('',(0.153906779661017,-2.1844,1.97608924939467));
#5164=CARTESIAN_POINT('',(0.143339753466872,-2.1844,1.97139279330839));
#5165=CARTESIAN_POINT('',(0.13003312788906,-2.1844,1.97139279330839));
#5166=CARTESIAN_POINT('',(0.119922701592193,-2.1844,1.97139279330839));
#5167=CARTESIAN_POINT('',(0.109812275295326,-2.1844,1.97139279330839));
#5168=CARTESIAN_POINT('',(0.0997018489984591,-2.1844,1.97139279330839));
#5169=CARTESIAN_POINT('',(0.0787634822804315,-2.1844,1.97139279330839));
#5170=CARTESIAN_POINT('',(0.0681964560862866,-2.1844,1.98293824785384));
#5171=CARTESIAN_POINT('',(0.0681964560862866,-2.1844,2.00583347127449));
#5172=CARTESIAN_POINT('',(0.0681964560862866,-2.1844,2.04183963460268));
#5173=CARTESIAN_POINT('',(0.0681964560862866,-2.1844,2.07784579793088));
#5174=CARTESIAN_POINT('',(0.0681964560862866,-2.1844,2.11385196125908));
#5175=CARTESIAN_POINT('',(0.0681964560862866,-2.1844,2.14222638344706));
#5176=CARTESIAN_POINT('',(0.0820901386748845,-2.1844,2.15651143737618));
#5177=CARTESIAN_POINT('',(0.109486132511556,-2.1844,2.15651143737618));
#5178=CARTESIAN_POINT('',(0.1306854134566,-2.1844,2.15651143737618));
#5179=CARTESIAN_POINT('',(0.151884694401644,-2.1844,2.15651143737618));
#5180=CARTESIAN_POINT('',(0.154689522342065,-2.1844,2.01561775478758));
#5181=CARTESIAN_POINT('',(0.154689522342065,-2.1336,2.01561775478758));
#5182=CARTESIAN_POINT('',(0.154689522342065,-2.1336,2.05671174554259));
#5183=CARTESIAN_POINT('',(0.154689522342065,-2.1336,2.0978057362976));
#5184=CARTESIAN_POINT('',(0.154689522342065,-2.1336,2.13889972705261));
#5185=CARTESIAN_POINT('',(0.154689522342065,-2.1844,2.13889972705261));
#5186=CARTESIAN_POINT('',(0.154689522342065,-2.1844,2.05671174554259));
#5187=CARTESIAN_POINT('',(0.154689522342065,-2.1844,2.0978057362976));
#5188=CARTESIAN_POINT('',(0.130794472065373,-2.1844,2.13889972705261));
#5189=CARTESIAN_POINT('',(0.130794472065373,-2.1336,2.13889972705261));
#5190=CARTESIAN_POINT('',(0.0691875213411944,-2.1844,2.14416434720138));
#5191=CARTESIAN_POINT('',(0.0691875213411944,-2.1336,2.14416434720138));
#5192=CARTESIAN_POINT('',(0.0937830313542333,-2.1844,2.05345010879417));
#5193=CARTESIAN_POINT('',(0.0937830313542333,-2.1336,2.05345010879417));
#5194=CARTESIAN_POINT('',(0.0740516937657558,-2.1844,1.97250305537343));
#5195=CARTESIAN_POINT('',(0.0740516937657558,-2.1336,1.97250305537343));
#5196=CARTESIAN_POINT('',(0.154689522342065,-2.1844,1.98861504866914));
#5197=CARTESIAN_POINT('',(0.154689522342065,-2.1336,1.98861504866914));
#5198=CARTESIAN_POINT('',(0.139360811504879,-2.1336,2.13889972705261));
#5199=CARTESIAN_POINT('',(0.124032100667694,-2.1336,2.13889972705261));
#5200=CARTESIAN_POINT('',(0.108703389830509,-2.1336,2.13889972705261));
#5201=CARTESIAN_POINT('',(0.093831278890601,-2.1336,2.13889972705261));
#5202=CARTESIAN_POINT('',(0.0863952234206472,-2.1336,2.13087661457187));
#5203=CARTESIAN_POINT('',(0.0863952234206472,-2.1336,2.11463470394013));
#5204=CARTESIAN_POINT('',(0.0863952234206472,-2.1336,2.07804148360114));
#5205=CARTESIAN_POINT('',(0.0863952234206472,-2.1336,2.04144826326216));
#5206=CARTESIAN_POINT('',(0.0863952234206472,-2.1336,2.00485504292318));
#5207=CARTESIAN_POINT('',(0.0863952234206472,-2.1336,1.99448370239929));
#5208=CARTESIAN_POINT('',(0.0926571648690294,-2.1336,1.98920018930222));
#5209=CARTESIAN_POINT('',(0.104985362095532,-2.1336,1.98920018930222));
#5210=CARTESIAN_POINT('',(0.11118207498716,-2.1336,1.98920018930222));
#5211=CARTESIAN_POINT('',(0.117378787878788,-2.1336,1.98920018930222));
#5212=CARTESIAN_POINT('',(0.123575500770416,-2.1336,1.98920018930222));
#5213=CARTESIAN_POINT('',(0.144318181818182,-2.1336,1.98920018930222));
#5214=CARTESIAN_POINT('',(0.154689522342065,-2.1336,1.99800604446401));
#5215=CARTESIAN_POINT('',(0.139360811504879,-2.1844,2.13889972705261));
#5216=CARTESIAN_POINT('',(0.124032100667694,-2.1844,2.13889972705261));
#5217=CARTESIAN_POINT('',(0.108703389830509,-2.1844,2.13889972705261));
#5218=CARTESIAN_POINT('',(0.093831278890601,-2.1844,2.13889972705261));
#5219=CARTESIAN_POINT('',(0.0863952234206472,-2.1844,2.13087661457187));
#5220=CARTESIAN_POINT('',(0.0863952234206472,-2.1844,2.11463470394013));
#5221=CARTESIAN_POINT('',(0.0863952234206472,-2.1844,2.07804148360114));
#5222=CARTESIAN_POINT('',(0.0863952234206472,-2.1844,2.04144826326216));
#5223=CARTESIAN_POINT('',(0.0863952234206472,-2.1844,2.00485504292318));
#5224=CARTESIAN_POINT('',(0.0863952234206472,-2.1844,1.99448370239929));
#5225=CARTESIAN_POINT('',(0.0926571648690294,-2.1844,1.98920018930222));
#5226=CARTESIAN_POINT('',(0.104985362095532,-2.1844,1.98920018930222));
#5227=CARTESIAN_POINT('',(0.11118207498716,-2.1844,1.98920018930222));
#5228=CARTESIAN_POINT('',(0.117378787878788,-2.1844,1.98920018930222));
#5229=CARTESIAN_POINT('',(0.123575500770416,-2.1844,1.98920018930222));
#5230=CARTESIAN_POINT('',(0.144318181818182,-2.1844,1.98920018930222));
#5231=CARTESIAN_POINT('',(0.154689522342065,-2.1844,1.99800604446401));
#5232=CARTESIAN_POINT('',(0.173083975346687,-2.1844,2.12674994240238));
#5233=CARTESIAN_POINT('',(0.173083975346687,-2.1336,2.12674994240238));
#5234=CARTESIAN_POINT('',(0.178285794409936,-2.1844,2.07640465082771));
#5235=CARTESIAN_POINT('',(0.178285794409936,-2.1336,2.07640465082771));
#5236=CARTESIAN_POINT('',(0.162680337220189,-2.1844,1.98934856576126));
#5237=CARTESIAN_POINT('',(0.162680337220189,-2.1336,1.98934856576126));
#5238=CARTESIAN_POINT('',(0.173083975346687,-2.1336,2.11026439063761));
#5239=CARTESIAN_POINT('',(0.173083975346687,-2.1336,2.06401734389904));
#5240=CARTESIAN_POINT('',(0.173083975346687,-2.1336,2.01777029716047));
#5241=CARTESIAN_POINT('',(0.173083975346687,-2.1336,1.99898447281532));
#5242=CARTESIAN_POINT('',(0.179932973805855,-2.1336,1.98959156064275));
#5243=CARTESIAN_POINT('',(0.173083975346687,-2.1844,2.11026439063761));
#5244=CARTESIAN_POINT('',(0.173083975346687,-2.1844,2.06401734389904));
#5245=CARTESIAN_POINT('',(0.173083975346687,-2.1844,2.01777029716047));
#5246=CARTESIAN_POINT('',(0.173083975346687,-2.1844,1.99898447281532));
#5247=CARTESIAN_POINT('',(0.179932973805855,-2.1844,1.98959156064275));
#5248=CARTESIAN_POINT('',(0.175990625400952,-2.1844,1.97263761270162));
#5249=CARTESIAN_POINT('',(0.175990625400952,-2.1336,1.97263761270162));
#5250=CARTESIAN_POINT('',(0.326892912172573,-2.1844,1.97139279330839));
#5251=CARTESIAN_POINT('',(0.326892912172573,-2.1336,1.97139279330839));
#5252=CARTESIAN_POINT('',(0.290675109837037,-2.1844,1.97139279330839));
#5253=CARTESIAN_POINT('',(0.290675109837037,-2.1336,1.97139279330839));
#5254=CARTESIAN_POINT('',(0.216181552918289,-2.1844,1.9639545564635));
#5255=CARTESIAN_POINT('',(0.216181552918289,-2.1336,1.9639545564635));
#5256=CARTESIAN_POINT('',(0.225179299770742,-2.1844,2.04913824691453));
#5257=CARTESIAN_POINT('',(0.225179299770742,-2.1336,2.04913824691453));
#5258=CARTESIAN_POINT('',(0.218754738866527,-2.1844,2.10073122266527));
#5259=CARTESIAN_POINT('',(0.218754738866527,-2.1336,2.10073122266527));
#5260=CARTESIAN_POINT('',(0.237704672344047,-2.1844,2.15644361631455));
#5261=CARTESIAN_POINT('',(0.237704672344047,-2.1336,2.15644361631455));
#5262=CARTESIAN_POINT('',(0.328263068563882,-2.1844,2.16303609598941));
#5263=CARTESIAN_POINT('',(0.328263068563882,-2.1336,2.16303609598941));
#5264=CARTESIAN_POINT('',(0.32963251155624,-2.1844,2.09410322513845));
#5265=CARTESIAN_POINT('',(0.32963251155624,-2.1336,2.09410322513845));
#5266=CARTESIAN_POINT('',(0.32963251155624,-2.1844,2.05788585956416));
#5267=CARTESIAN_POINT('',(0.32963251155624,-2.1336,2.05788585956416));
#5268=CARTESIAN_POINT('',(0.30536748844376,-2.1336,1.97139279330839));
#5269=CARTESIAN_POINT('',(0.283842064714946,-2.1336,1.97139279330839));
#5270=CARTESIAN_POINT('',(0.262316640986133,-2.1336,1.97139279330839));
#5271=CARTESIAN_POINT('',(0.247053158705701,-2.1336,1.97139279330839));
#5272=CARTESIAN_POINT('',(0.236094761171032,-2.1336,1.97726336341624));
#5273=CARTESIAN_POINT('',(0.229441448382126,-2.1336,1.98920018930222));
#5274=CARTESIAN_POINT('',(0.22517552484493,-2.1336,1.99685375800131));
#5275=CARTESIAN_POINT('',(0.222983821263482,-2.1336,2.00563778560423));
#5276=CARTESIAN_POINT('',(0.222983821263482,-2.1336,2.01561775478758));
#5277=CARTESIAN_POINT('',(0.222983821263482,-2.1336,2.04516629099714));
#5278=CARTESIAN_POINT('',(0.222983821263482,-2.1336,2.07471482720669));
#5279=CARTESIAN_POINT('',(0.222983821263482,-2.1336,2.10426336341624));
#5280=CARTESIAN_POINT('',(0.222983821263482,-2.1336,2.11933116002641));
#5281=CARTESIAN_POINT('',(0.228267334360555,-2.1336,2.13185504292318));
#5282=CARTESIAN_POINT('',(0.238638674884438,-2.1336,2.1420306977768));
#5283=CARTESIAN_POINT('',(0.248912190320847,-2.1336,2.15211037329931));
#5284=CARTESIAN_POINT('',(0.261925269645609,-2.1336,2.15709849438697));
#5285=CARTESIAN_POINT('',(0.291865177195686,-2.1336,2.15709849438697));
#5286=CARTESIAN_POINT('',(0.30438906009245,-2.1336,2.15220635263042));
#5287=CARTESIAN_POINT('',(0.314369029275809,-2.1336,2.14261775478758));
#5288=CARTESIAN_POINT('',(0.324548518035005,-2.1336,2.132837461666));
#5289=CARTESIAN_POINT('',(0.32963251155624,-2.1336,2.12070095971825));
#5290=CARTESIAN_POINT('',(0.32963251155624,-2.1336,2.1060245344486));
#5291=CARTESIAN_POINT('',(0.32963251155624,-2.1336,2.08997830948712));
#5292=CARTESIAN_POINT('',(0.32963251155624,-2.1336,2.07393208452564));
#5293=CARTESIAN_POINT('',(0.30536748844376,-2.1844,1.97139279330839));
#5294=CARTESIAN_POINT('',(0.283842064714946,-2.1844,1.97139279330839));
#5295=CARTESIAN_POINT('',(0.262316640986133,-2.1844,1.97139279330839));
#5296=CARTESIAN_POINT('',(0.247053158705701,-2.1844,1.97139279330839));
#5297=CARTESIAN_POINT('',(0.236094761171032,-2.1844,1.97726336341624));
#5298=CARTESIAN_POINT('',(0.229441448382126,-2.1844,1.98920018930222));
#5299=CARTESIAN_POINT('',(0.22517552484493,-2.1844,1.99685375800131));
#5300=CARTESIAN_POINT('',(0.222983821263482,-2.1844,2.00563778560423));
#5301=CARTESIAN_POINT('',(0.222983821263482,-2.1844,2.01561775478758));
#5302=CARTESIAN_POINT('',(0.222983821263482,-2.1844,2.04516629099714));
#5303=CARTESIAN_POINT('',(0.222983821263482,-2.1844,2.07471482720669));
#5304=CARTESIAN_POINT('',(0.222983821263482,-2.1844,2.10426336341624));
#5305=CARTESIAN_POINT('',(0.222983821263482,-2.1844,2.11933116002641));
#5306=CARTESIAN_POINT('',(0.228267334360555,-2.1844,2.13185504292318));
#5307=CARTESIAN_POINT('',(0.238638674884438,-2.1844,2.1420306977768));
#5308=CARTESIAN_POINT('',(0.248912190320847,-2.1844,2.15211037329931));
#5309=CARTESIAN_POINT('',(0.261925269645609,-2.1844,2.15709849438697));
#5310=CARTESIAN_POINT('',(0.291865177195686,-2.1844,2.15709849438697));
#5311=CARTESIAN_POINT('',(0.30438906009245,-2.1844,2.15220635263042));
#5312=CARTESIAN_POINT('',(0.314369029275809,-2.1844,2.14261775478758));
#5313=CARTESIAN_POINT('',(0.324548518035005,-2.1844,2.132837461666));
#5314=CARTESIAN_POINT('',(0.32963251155624,-2.1844,2.12070095971825));
#5315=CARTESIAN_POINT('',(0.32963251155624,-2.1844,2.1060245344486));
#5316=CARTESIAN_POINT('',(0.32963251155624,-2.1844,2.08997830948712));
#5317=CARTESIAN_POINT('',(0.32963251155624,-2.1844,2.07393208452564));
#5318=CARTESIAN_POINT('',(0.300214432460195,-2.1336,2.05788585956416));
#5319=CARTESIAN_POINT('',(0.27079635336415,-2.1336,2.05788585956416));
#5320=CARTESIAN_POINT('',(0.241378274268105,-2.1336,2.05788585956416));
#5321=CARTESIAN_POINT('',(0.241378274268105,-2.1844,2.05788585956416));
#5322=CARTESIAN_POINT('',(0.300214432460195,-2.1844,2.05788585956416));
#5323=CARTESIAN_POINT('',(0.27079635336415,-2.1844,2.05788585956416));
#5324=CARTESIAN_POINT('',(0.241378274268105,-2.1844,2.03402727383968));
#5325=CARTESIAN_POINT('',(0.241378274268105,-2.1336,2.03402727383968));
#5326=CARTESIAN_POINT('',(0.236947315255821,-2.1844,1.973046904407));
#5327=CARTESIAN_POINT('',(0.236947315255821,-2.1336,1.973046904407));
#5328=CARTESIAN_POINT('',(0.303034495464714,-2.1844,1.98978724631301));
#5329=CARTESIAN_POINT('',(0.303034495464714,-2.1336,1.98978724631301));
#5330=CARTESIAN_POINT('',(0.326892912172573,-2.1844,1.98978724631301));
#5331=CARTESIAN_POINT('',(0.326892912172573,-2.1336,1.98978724631301));
#5332=CARTESIAN_POINT('',(0.241378274268105,-2.1336,2.04438354831609));
#5333=CARTESIAN_POINT('',(0.241378274268105,-2.1336,2.03088123706802));
#5334=CARTESIAN_POINT('',(0.241378274268105,-2.1336,2.01737892581994));
#5335=CARTESIAN_POINT('',(0.241378274268105,-2.1336,1.99898447281532));
#5336=CARTESIAN_POINT('',(0.250771186440678,-2.1336,1.98959156064275));
#5337=CARTESIAN_POINT('',(0.269752696456086,-2.1336,1.98978724631301));
#5338=CARTESIAN_POINT('',(0.288797410932757,-2.1336,1.98998358357565));
#5339=CARTESIAN_POINT('',(0.307846173600411,-2.1336,1.98978724631301));
#5340=CARTESIAN_POINT('',(0.241378274268105,-2.1844,2.04438354831609));
#5341=CARTESIAN_POINT('',(0.241378274268105,-2.1844,2.03088123706802));
#5342=CARTESIAN_POINT('',(0.241378274268105,-2.1844,2.01737892581994));
#5343=CARTESIAN_POINT('',(0.241378274268105,-2.1844,1.99898447281532));
#5344=CARTESIAN_POINT('',(0.250771186440678,-2.1844,1.98959156064275));
#5345=CARTESIAN_POINT('',(0.269752696456086,-2.1844,1.98978724631301));
#5346=CARTESIAN_POINT('',(0.288797410932757,-2.1844,1.98998358357565));
#5347=CARTESIAN_POINT('',(0.307846173600411,-2.1844,1.98978724631301));
#5348=CARTESIAN_POINT('',(0.241378274268105,-2.1844,2.07549756988774));
#5349=CARTESIAN_POINT('',(0.241378274268105,-2.1336,2.07549756988774));
#5350=CARTESIAN_POINT('',(0.26473009758603,-2.1336,2.07549756988774));
#5351=CARTESIAN_POINT('',(0.288081920903955,-2.1336,2.07549756988774));
#5352=CARTESIAN_POINT('',(0.31143374422188,-2.1336,2.07549756988774));
#5353=CARTESIAN_POINT('',(0.31143374422188,-2.1844,2.07549756988774));
#5354=CARTESIAN_POINT('',(0.26473009758603,-2.1844,2.07549756988774));
#5355=CARTESIAN_POINT('',(0.288081920903955,-2.1844,2.07549756988774));
#5356=CARTESIAN_POINT('',(0.31143374422188,-2.1336,2.08443388216303));
#5357=CARTESIAN_POINT('',(0.31143374422188,-2.1336,2.09337019443833));
#5358=CARTESIAN_POINT('',(0.31143374422188,-2.1336,2.10230650671362));
#5359=CARTESIAN_POINT('',(0.31143374422188,-2.1844,2.10230650671362));
#5360=CARTESIAN_POINT('',(0.31143374422188,-2.1844,2.08443388216303));
#5361=CARTESIAN_POINT('',(0.31143374422188,-2.1844,2.09337019443833));
#5362=CARTESIAN_POINT('',(0.31143374422188,-2.1844,2.1285090219839));
#5363=CARTESIAN_POINT('',(0.31143374422188,-2.1336,2.1285090219839));
#5364=CARTESIAN_POINT('',(0.25037103215939,-2.1844,2.1592440248641));
#5365=CARTESIAN_POINT('',(0.25037103215939,-2.1336,2.1592440248641));
#5366=CARTESIAN_POINT('',(0.241378274268105,-2.1844,2.09897582804324));
#5367=CARTESIAN_POINT('',(0.241378274268105,-2.1336,2.09897582804324));
#5368=CARTESIAN_POINT('',(0.31143374422188,-2.1336,2.11287353290777));
#5369=CARTESIAN_POINT('',(0.308302773497689,-2.1336,2.12148370239929));
#5370=CARTESIAN_POINT('',(0.302236517719569,-2.1336,2.12852838652873));
#5371=CARTESIAN_POINT('',(0.296267021005698,-2.1336,2.13546070529322));
#5372=CARTESIAN_POINT('',(0.287951463790447,-2.1336,2.13889972705261));
#5373=CARTESIAN_POINT('',(0.268382896764253,-2.1336,2.13889972705261));
#5374=CARTESIAN_POINT('',(0.260751155624037,-2.1336,2.1363558133392));
#5375=CARTESIAN_POINT('',(0.254293528505393,-2.1336,2.13146367158265));
#5376=CARTESIAN_POINT('',(0.2456205660625,-2.1336,2.12489324548955));
#5377=CARTESIAN_POINT('',(0.241378274268105,-2.1336,2.11522176095091));
#5378=CARTESIAN_POINT('',(0.241378274268105,-2.1336,2.10250219238389));
#5379=CARTESIAN_POINT('',(0.241378274268105,-2.1336,2.09350065155184));
#5380=CARTESIAN_POINT('',(0.241378274268105,-2.1336,2.08449911071979));
#5381=CARTESIAN_POINT('',(0.31143374422188,-2.1844,2.11287353290777));
#5382=CARTESIAN_POINT('',(0.308302773497689,-2.1844,2.12148370239929));
#5383=CARTESIAN_POINT('',(0.302236517719569,-2.1844,2.12852838652873));
#5384=CARTESIAN_POINT('',(0.296267021005698,-2.1844,2.13546070529322));
#5385=CARTESIAN_POINT('',(0.287951463790447,-2.1844,2.13889972705261));
#5386=CARTESIAN_POINT('',(0.268382896764253,-2.1844,2.13889972705261));
#5387=CARTESIAN_POINT('',(0.260751155624037,-2.1844,2.1363558133392));
#5388=CARTESIAN_POINT('',(0.254293528505393,-2.1844,2.13146367158265));
#5389=CARTESIAN_POINT('',(0.2456205660625,-2.1844,2.12489324548955));
#5390=CARTESIAN_POINT('',(0.241378274268105,-2.1844,2.11522176095091));
#5391=CARTESIAN_POINT('',(0.241378274268105,-2.1844,2.10250219238389));
#5392=CARTESIAN_POINT('',(0.241378274268105,-2.1844,2.09350065155184));
#5393=CARTESIAN_POINT('',(0.241378274268105,-2.1844,2.08449911071979));
#5394=CARTESIAN_POINT('',(0.326892912172573,-2.1336,1.98365576197813));
#5395=CARTESIAN_POINT('',(0.326892912172573,-2.1336,1.97752427764326));
#5396=CARTESIAN_POINT('',(0.326892912172573,-2.1844,1.98365576197813));
#5397=CARTESIAN_POINT('',(0.326892912172573,-2.1844,1.97752427764326));
#5398=CARTESIAN_POINT('',(0.222983821263482,-2.1844,2.10141779231503));
#5399=CARTESIAN_POINT('',(0.222983821263482,-2.1336,2.10141779231503));
#5400=CARTESIAN_POINT('',(0.386381355932203,-2.1844,2.22461005062734));
#5401=CARTESIAN_POINT('',(0.386381355932203,-2.1336,2.22461005062734));
#5402=CARTESIAN_POINT('',(0.386381355932203,-2.1844,2.18024459722783));
#5403=CARTESIAN_POINT('',(0.386381355932203,-2.1336,2.18024459722783));
#5404=CARTESIAN_POINT('',(0.399298290798744,-2.1844,2.0985333142179));
#5405=CARTESIAN_POINT('',(0.399298290798744,-2.1336,2.0985333142179));
#5406=CARTESIAN_POINT('',(0.360547486199122,-2.1844,1.98874353605164));
#5407=CARTESIAN_POINT('',(0.360547486199122,-2.1336,1.98874353605164));
#5408=CARTESIAN_POINT('',(0.42630123266564,-2.1844,1.98978724631301));
#5409=CARTESIAN_POINT('',(0.42630123266564,-2.1336,1.98978724631301));
#5410=CARTESIAN_POINT('',(0.386381355932203,-2.1336,2.15214112407367));
#5411=CARTESIAN_POINT('',(0.386381355932203,-2.1336,2.07967219751999));
#5412=CARTESIAN_POINT('',(0.386381355932203,-2.1336,2.00720327096632));
#5413=CARTESIAN_POINT('',(0.386381355932203,-2.1336,1.99918015848558));
#5414=CARTESIAN_POINT('',(0.391469183359014,-2.1336,1.99389664538851));
#5415=CARTESIAN_POINT('',(0.401449152542373,-2.1336,1.9913527316751));
#5416=CARTESIAN_POINT('',(0.405588858171138,-2.1336,1.99029751259326));
#5417=CARTESIAN_POINT('',(0.413973035439137,-2.1336,1.98959156064275));
#5418=CARTESIAN_POINT('',(0.386381355932203,-2.1844,2.15214112407367));
#5419=CARTESIAN_POINT('',(0.386381355932203,-2.1844,2.07967219751999));
#5420=CARTESIAN_POINT('',(0.386381355932203,-2.1844,2.00720327096632));
#5421=CARTESIAN_POINT('',(0.386381355932203,-2.1844,1.99918015848558));
#5422=CARTESIAN_POINT('',(0.391469183359014,-2.1844,1.99389664538851));
#5423=CARTESIAN_POINT('',(0.401449152542373,-2.1844,1.9913527316751));
#5424=CARTESIAN_POINT('',(0.405588858171138,-2.1844,1.99029751259326));
#5425=CARTESIAN_POINT('',(0.413973035439137,-2.1844,1.98959156064275));
#5426=CARTESIAN_POINT('',(0.42630123266564,-2.1336,1.98365576197813));
#5427=CARTESIAN_POINT('',(0.42630123266564,-2.1336,1.97752427764326));
#5428=CARTESIAN_POINT('',(0.42630123266564,-2.1336,1.97139279330839));
#5429=CARTESIAN_POINT('',(0.42630123266564,-2.1844,1.97139279330839));
#5430=CARTESIAN_POINT('',(0.42630123266564,-2.1844,1.98365576197813));
#5431=CARTESIAN_POINT('',(0.42630123266564,-2.1844,1.97752427764326));
#5432=CARTESIAN_POINT('',(0.352997328653009,-2.1844,1.97139279330839));
#5433=CARTESIAN_POINT('',(0.352997328653009,-2.1336,1.97139279330839));
#5434=CARTESIAN_POINT('',(0.375481690064867,-2.1844,2.0785963855428));
#5435=CARTESIAN_POINT('',(0.375481690064867,-2.1336,2.0785963855428));
#5436=CARTESIAN_POINT('',(0.367986902927581,-2.1844,2.1750423608557));
#5437=CARTESIAN_POINT('',(0.367986902927581,-2.1336,2.1750423608557));
#5438=CARTESIAN_POINT('',(0.367986902927581,-2.1844,2.22461005062734));
#5439=CARTESIAN_POINT('',(0.367986902927581,-2.1336,2.22461005062734));
#5440=CARTESIAN_POINT('',(0.400862095531587,-2.1336,1.97139279330839));
#5441=CARTESIAN_POINT('',(0.38403312788906,-2.1336,1.97452376403258));
#5442=CARTESIAN_POINT('',(0.376401386748845,-2.1336,1.98098139115122));
#5443=CARTESIAN_POINT('',(0.370892497741884,-2.1336,1.9856427587725));
#5444=CARTESIAN_POINT('',(0.367986902927581,-2.1336,1.99409233105877));
#5445=CARTESIAN_POINT('',(0.367986902927581,-2.1336,2.0068118996258));
#5446=CARTESIAN_POINT('',(0.367986902927581,-2.1336,2.07941128329298));
#5447=CARTESIAN_POINT('',(0.367986902927581,-2.1336,2.15201066696016));
#5448=CARTESIAN_POINT('',(0.400862095531587,-2.1844,1.97139279330839));
#5449=CARTESIAN_POINT('',(0.38403312788906,-2.1844,1.97452376403258));
#5450=CARTESIAN_POINT('',(0.376401386748845,-2.1844,1.98098139115122));
#5451=CARTESIAN_POINT('',(0.370892497741884,-2.1844,1.9856427587725));
#5452=CARTESIAN_POINT('',(0.367986902927581,-2.1844,1.99409233105877));
#5453=CARTESIAN_POINT('',(0.367986902927581,-2.1844,2.0068118996258));
#5454=CARTESIAN_POINT('',(0.367986902927581,-2.1844,2.07941128329298));
#5455=CARTESIAN_POINT('',(0.367986902927581,-2.1844,2.15201066696016));
#5456=CARTESIAN_POINT('',(0.374118387262455,-2.1336,2.22461005062734));
#5457=CARTESIAN_POINT('',(0.380249871597329,-2.1336,2.22461005062734));
#5458=CARTESIAN_POINT('',(0.374118387262455,-2.1844,2.22461005062734));
#5459=CARTESIAN_POINT('',(0.380249871597329,-2.1844,2.22461005062734));
#5460=CARTESIAN_POINT('',(0.386381355932203,-2.1844,2.09151369042882));
#5461=CARTESIAN_POINT('',(0.386381355932203,-2.1336,2.09151369042882));
#5462=CARTESIAN_POINT('',(-0.37601001540832,-2.1844,1.65555612150561));
#5463=CARTESIAN_POINT('',(-0.37601001540832,-2.1336,1.65555612150561));
#5464=CARTESIAN_POINT('',(-0.37601001540832,-2.1336,1.63716166850099));
#5465=CARTESIAN_POINT('',(-0.37601001540832,-2.1844,1.63716166850099));
#5466=CARTESIAN_POINT('',(-0.46563405238829,-2.1336,1.63716166850099));
#5467=CARTESIAN_POINT('',(-0.46563405238829,-2.1844,1.63716166850099));
#5468=CARTESIAN_POINT('',(-0.46563405238829,-2.1336,1.89116166850099));
#5469=CARTESIAN_POINT('',(-0.46563405238829,-2.1844,1.89116166850099));
#5470=CARTESIAN_POINT('',(-0.447435285053929,-2.1336,1.89116166850099));
#5471=CARTESIAN_POINT('',(-0.447435285053929,-2.1844,1.89116166850099));
#5472=CARTESIAN_POINT('',(-0.447435285053929,-2.1336,1.65555612150561));
#5473=CARTESIAN_POINT('',(-0.447435285053929,-2.1844,1.65555612150561));
#5474=CARTESIAN_POINT('',(-0.37601001540832,-2.1844,1.6463588950033));
#5475=CARTESIAN_POINT('',(-0.37601001540832,-2.1336,1.6463588950033));
#5476=CARTESIAN_POINT('',(-0.267118835851106,-2.1844,1.65274721662903));
#5477=CARTESIAN_POINT('',(-0.267118835851106,-2.1336,1.65274721662903));
#5478=CARTESIAN_POINT('',(-0.25645442908389,-2.1844,1.70776382649567));
#5479=CARTESIAN_POINT('',(-0.25645442908389,-2.1336,1.70776382649567));
#5480=CARTESIAN_POINT('',(-0.2585066889116,-2.1844,1.74826302530781));
#5481=CARTESIAN_POINT('',(-0.2585066889116,-2.1336,1.74826302530781));
#5482=CARTESIAN_POINT('',(-0.263237119262553,-2.1844,1.80292004410927));
#5483=CARTESIAN_POINT('',(-0.263237119262553,-2.1336,1.80292004410927));
#5484=CARTESIAN_POINT('',(-0.317304715836758,-2.1844,1.81023403975243));
#5485=CARTESIAN_POINT('',(-0.317304715836758,-2.1336,1.81023403975243));
#5486=CARTESIAN_POINT('',(-0.335205128010211,-2.1844,1.7557501906037));
#5487=CARTESIAN_POINT('',(-0.335205128010211,-2.1336,1.7557501906037));
#5488=CARTESIAN_POINT('',(-0.332298701990518,-2.1844,1.71042501039414));
#5489=CARTESIAN_POINT('',(-0.332298701990518,-2.1336,1.71042501039414));
#5490=CARTESIAN_POINT('',(-0.322793967768194,-2.1844,1.65447605058574));
#5491=CARTESIAN_POINT('',(-0.322793967768194,-2.1336,1.65447605058574));
#5492=CARTESIAN_POINT('',(-0.259772727272727,-2.1844,1.694693255558));
#5493=CARTESIAN_POINT('',(-0.259772727272727,-2.1844,1.71817553598943));
#5494=CARTESIAN_POINT('',(-0.259772727272727,-2.1844,1.74165781642087));
#5495=CARTESIAN_POINT('',(-0.259772727272727,-2.1844,1.7651400968523));
#5496=CARTESIAN_POINT('',(-0.259772727272727,-2.1844,1.77590280871671));
#5497=CARTESIAN_POINT('',(-0.262512326656394,-2.1844,1.78510003521902));
#5498=CARTESIAN_POINT('',(-0.268187211093991,-2.1844,1.79253609068897));
#5499=CARTESIAN_POINT('',(-0.27455003557063,-2.1844,1.80087358483078));
#5500=CARTESIAN_POINT('',(-0.282863636363636,-2.1844,1.805255659256));
#5501=CARTESIAN_POINT('',(-0.302236517719568,-2.1844,1.805255659256));
#5502=CARTESIAN_POINT('',(-0.310259630200308,-2.1844,1.80212468853181));
#5503=CARTESIAN_POINT('',(-0.317108628659476,-2.1844,1.79625411842395));
#5504=CARTESIAN_POINT('',(-0.325730309072781,-2.1844,1.78886410664112));
#5505=CARTESIAN_POINT('',(-0.329828197226502,-2.1844,1.77844672243011));
#5506=CARTESIAN_POINT('',(-0.329828197226502,-2.1844,1.76553146819282));
#5507=CARTESIAN_POINT('',(-0.329828197226502,-2.1844,1.74191873064788));
#5508=CARTESIAN_POINT('',(-0.329828197226502,-2.1844,1.71830599310294));
#5509=CARTESIAN_POINT('',(-0.329828197226502,-2.1844,1.694693255558));
#5510=CARTESIAN_POINT('',(-0.329828197226502,-2.1844,1.68216937266124));
#5511=CARTESIAN_POINT('',(-0.325523112480739,-2.1844,1.67199371780762));
#5512=CARTESIAN_POINT('',(-0.316912942989214,-2.1844,1.66455766233766));
#5513=CARTESIAN_POINT('',(-0.309571372434606,-2.1844,1.6582172150405));
#5514=CARTESIAN_POINT('',(-0.301845146379045,-2.1844,1.65477337882456));
#5515=CARTESIAN_POINT('',(-0.28325500770416,-2.1844,1.65477337882456));
#5516=CARTESIAN_POINT('',(-0.274840523882897,-2.1844,1.65907846357033));
#5517=CARTESIAN_POINT('',(-0.268187211093991,-2.1844,1.66749294739159));
#5518=CARTESIAN_POINT('',(-0.262481524885335,-2.1844,1.67470896230254));
#5519=CARTESIAN_POINT('',(-0.259772727272727,-2.1844,1.68373485802333));
#5520=CARTESIAN_POINT('',(-0.259772727272727,-2.1336,1.694693255558));
#5521=CARTESIAN_POINT('',(-0.259772727272727,-2.1336,1.71817553598943));
#5522=CARTESIAN_POINT('',(-0.259772727272727,-2.1336,1.74165781642087));
#5523=CARTESIAN_POINT('',(-0.259772727272727,-2.1336,1.7651400968523));
#5524=CARTESIAN_POINT('',(-0.259772727272727,-2.1336,1.77590280871671));
#5525=CARTESIAN_POINT('',(-0.262512326656394,-2.1336,1.78510003521902));
#5526=CARTESIAN_POINT('',(-0.268187211093991,-2.1336,1.79253609068897));
#5527=CARTESIAN_POINT('',(-0.27455003557063,-2.1336,1.80087358483078));
#5528=CARTESIAN_POINT('',(-0.282863636363636,-2.1336,1.805255659256));
#5529=CARTESIAN_POINT('',(-0.302236517719568,-2.1336,1.805255659256));
#5530=CARTESIAN_POINT('',(-0.310259630200308,-2.1336,1.80212468853181));
#5531=CARTESIAN_POINT('',(-0.317108628659476,-2.1336,1.79625411842395));
#5532=CARTESIAN_POINT('',(-0.325730309072781,-2.1336,1.78886410664112));
#5533=CARTESIAN_POINT('',(-0.329828197226502,-2.1336,1.77844672243011));
#5534=CARTESIAN_POINT('',(-0.329828197226502,-2.1336,1.76553146819282));
#5535=CARTESIAN_POINT('',(-0.329828197226502,-2.1336,1.74191873064788));
#5536=CARTESIAN_POINT('',(-0.329828197226502,-2.1336,1.71830599310294));
#5537=CARTESIAN_POINT('',(-0.329828197226502,-2.1336,1.694693255558));
#5538=CARTESIAN_POINT('',(-0.329828197226502,-2.1336,1.68216937266124));
#5539=CARTESIAN_POINT('',(-0.325523112480739,-2.1336,1.67199371780762));
#5540=CARTESIAN_POINT('',(-0.316912942989214,-2.1336,1.66455766233766));
#5541=CARTESIAN_POINT('',(-0.309571372434606,-2.1336,1.6582172150405));
#5542=CARTESIAN_POINT('',(-0.301845146379045,-2.1336,1.65477337882456));
#5543=CARTESIAN_POINT('',(-0.28325500770416,-2.1336,1.65477337882456));
#5544=CARTESIAN_POINT('',(-0.274840523882897,-2.1336,1.65907846357033));
#5545=CARTESIAN_POINT('',(-0.268187211093991,-2.1336,1.66749294739159));
#5546=CARTESIAN_POINT('',(-0.262481524885335,-2.1336,1.67470896230254));
#5547=CARTESIAN_POINT('',(-0.259772727272727,-2.1336,1.68373485802333));
#5548=CARTESIAN_POINT('',(-0.23200971781245,-2.1844,1.76919169001842));
#5549=CARTESIAN_POINT('',(-0.23200971781245,-2.1336,1.76919169001842));
#5550=CARTESIAN_POINT('',(-0.235336632701054,-2.1844,1.69857296797444));
#5551=CARTESIAN_POINT('',(-0.235336632701054,-2.1336,1.69857296797444));
#5552=CARTESIAN_POINT('',(-0.262093085576695,-2.1844,1.63063461131295));
#5553=CARTESIAN_POINT('',(-0.262093085576695,-2.1336,1.63063461131295));
#5554=CARTESIAN_POINT('',(-0.331379045577384,-2.1844,1.63793125747199));
#5555=CARTESIAN_POINT('',(-0.331379045577384,-2.1336,1.63793125747199));
#5556=CARTESIAN_POINT('',(-0.354299525629532,-2.1844,1.69844794597745));
#5557=CARTESIAN_POINT('',(-0.354299525629532,-2.1336,1.69844794597745));
#5558=CARTESIAN_POINT('',(-0.350511884055349,-2.1844,1.75393864791279));
#5559=CARTESIAN_POINT('',(-0.350511884055349,-2.1336,1.75393864791279));
#5560=CARTESIAN_POINT('',(-0.339678990994081,-2.1844,1.81598007737933));
#5561=CARTESIAN_POINT('',(-0.339678990994081,-2.1336,1.81598007737933));
#5562=CARTESIAN_POINT('',(-0.271547020611192,-2.1844,1.83407052282326));
#5563=CARTESIAN_POINT('',(-0.271547020611192,-2.1336,1.83407052282326));
#5564=CARTESIAN_POINT('',(-0.241378274268105,-2.1844,1.69077954215276));
#5565=CARTESIAN_POINT('',(-0.241378274268105,-2.1844,1.67590743121285));
#5566=CARTESIAN_POINT('',(-0.246466101694915,-2.1844,1.66299217697557));
#5567=CARTESIAN_POINT('',(-0.266817411402157,-2.1844,1.64185812458728));
#5568=CARTESIAN_POINT('',(-0.279341294298921,-2.1844,1.6365746114902));
#5569=CARTESIAN_POINT('',(-0.308889830508475,-2.1844,1.6365746114902));
#5570=CARTESIAN_POINT('',(-0.321609399075501,-2.1844,1.64205381025754));
#5571=CARTESIAN_POINT('',(-0.332176425269645,-2.1844,1.65281652212195));
#5572=CARTESIAN_POINT('',(-0.342841277829836,-2.1844,1.66367887195177));
#5573=CARTESIAN_POINT('',(-0.348026964560863,-2.1844,1.67649448822364));
#5574=CARTESIAN_POINT('',(-0.348026964560863,-2.1844,1.69117091349329));
#5575=CARTESIAN_POINT('',(-0.348026964560863,-2.1844,1.71706665052462));
#5576=CARTESIAN_POINT('',(-0.348026964560863,-2.1844,1.74296238755595));
#5577=CARTESIAN_POINT('',(-0.348026964560863,-2.1844,1.76885812458728));
#5578=CARTESIAN_POINT('',(-0.348026964560863,-2.1844,1.78392592119745));
#5579=CARTESIAN_POINT('',(-0.342939137134052,-2.1844,1.79684117543473));
#5580=CARTESIAN_POINT('',(-0.332567796610169,-2.1844,1.80760388729914));
#5581=CARTESIAN_POINT('',(-0.322294231836855,-2.1844,1.81826513376202));
#5582=CARTESIAN_POINT('',(-0.30947688751926,-2.1844,1.82345442659036));
#5583=CARTESIAN_POINT('',(-0.279341294298921,-2.1844,1.82345442659036));
#5584=CARTESIAN_POINT('',(-0.266817411402157,-2.1844,1.81817091349329));
#5585=CARTESIAN_POINT('',(-0.246466101694915,-2.1844,1.79664548976447));
#5586=CARTESIAN_POINT('',(-0.241378274268105,-2.1844,1.78373023552718));
#5587=CARTESIAN_POINT('',(-0.241378274268105,-2.1844,1.76885812458728));
#5588=CARTESIAN_POINT('',(-0.241378274268105,-2.1844,1.74283193044244));
#5589=CARTESIAN_POINT('',(-0.241378274268105,-2.1844,1.7168057362976));
#5590=CARTESIAN_POINT('',(-0.241378274268105,-2.1336,1.69077954215276));
#5591=CARTESIAN_POINT('',(-0.241378274268105,-2.1336,1.67590743121285));
#5592=CARTESIAN_POINT('',(-0.246466101694915,-2.1336,1.66299217697557));
#5593=CARTESIAN_POINT('',(-0.266817411402157,-2.1336,1.64185812458728));
#5594=CARTESIAN_POINT('',(-0.279341294298921,-2.1336,1.6365746114902));
#5595=CARTESIAN_POINT('',(-0.308889830508475,-2.1336,1.6365746114902));
#5596=CARTESIAN_POINT('',(-0.321609399075501,-2.1336,1.64205381025754));
#5597=CARTESIAN_POINT('',(-0.332176425269645,-2.1336,1.65281652212195));
#5598=CARTESIAN_POINT('',(-0.342841277829836,-2.1336,1.66367887195177));
#5599=CARTESIAN_POINT('',(-0.348026964560863,-2.1336,1.67649448822364));
#5600=CARTESIAN_POINT('',(-0.348026964560863,-2.1336,1.69117091349329));
#5601=CARTESIAN_POINT('',(-0.348026964560863,-2.1336,1.71706665052462));
#5602=CARTESIAN_POINT('',(-0.348026964560863,-2.1336,1.74296238755595));
#5603=CARTESIAN_POINT('',(-0.348026964560863,-2.1336,1.76885812458728));
#5604=CARTESIAN_POINT('',(-0.348026964560863,-2.1336,1.78392592119745));
#5605=CARTESIAN_POINT('',(-0.342939137134052,-2.1336,1.79684117543473));
#5606=CARTESIAN_POINT('',(-0.332567796610169,-2.1336,1.80760388729914));
#5607=CARTESIAN_POINT('',(-0.322294231836855,-2.1336,1.81826513376202));
#5608=CARTESIAN_POINT('',(-0.30947688751926,-2.1336,1.82345442659036));
#5609=CARTESIAN_POINT('',(-0.279341294298921,-2.1336,1.82345442659036));
#5610=CARTESIAN_POINT('',(-0.266817411402157,-2.1336,1.81817091349329));
#5611=CARTESIAN_POINT('',(-0.246466101694915,-2.1336,1.79664548976447));
#5612=CARTESIAN_POINT('',(-0.241378274268105,-2.1336,1.78373023552718));
#5613=CARTESIAN_POINT('',(-0.241378274268105,-2.1336,1.76885812458728));
#5614=CARTESIAN_POINT('',(-0.241378274268105,-2.1336,1.74283193044244));
#5615=CARTESIAN_POINT('',(-0.241378274268105,-2.1336,1.7168057362976));
#5616=CARTESIAN_POINT('',(-0.34802434266824,-2.1844,1.76944941566207));
#5617=CARTESIAN_POINT('',(-0.34802434266824,-2.1336,1.76944941566207));
#5618=CARTESIAN_POINT('',(-0.100484591679507,-2.1844,1.63774872551178));
#5619=CARTESIAN_POINT('',(-0.100484591679507,-2.1336,1.63774872551178));
#5620=CARTESIAN_POINT('',(-0.136687797754327,-2.1844,1.63774872551178));
#5621=CARTESIAN_POINT('',(-0.136687797754327,-2.1336,1.63774872551178));
#5622=CARTESIAN_POINT('',(-0.211088697379695,-2.1844,1.63047180968492));
#5623=CARTESIAN_POINT('',(-0.211088697379695,-2.1336,1.63047180968492));
#5624=CARTESIAN_POINT('',(-0.201971247149792,-2.1844,1.71562514646268));
#5625=CARTESIAN_POINT('',(-0.201971247149792,-2.1336,1.71562514646268));
#5626=CARTESIAN_POINT('',(-0.208493658088628,-2.1844,1.76718959333512));
#5627=CARTESIAN_POINT('',(-0.208493658088628,-2.1336,1.76718959333512));
#5628=CARTESIAN_POINT('',(-0.189242102005709,-2.1844,1.82290749398853));
#5629=CARTESIAN_POINT('',(-0.189242102005709,-2.1336,1.82290749398853));
#5630=CARTESIAN_POINT('',(-0.0987169425836685,-2.1844,1.82911929882579));
#5631=CARTESIAN_POINT('',(-0.0987169425836685,-2.1336,1.82911929882579));
#5632=CARTESIAN_POINT('',(-0.0975493066255776,-2.1844,1.76043369743551));
#5633=CARTESIAN_POINT('',(-0.0975493066255776,-2.1336,1.76043369743551));
#5634=CARTESIAN_POINT('',(-0.0975493066255776,-2.1844,1.72424179176755));
#5635=CARTESIAN_POINT('',(-0.0975493066255776,-2.1336,1.72424179176755));
#5636=CARTESIAN_POINT('',(-0.121944786851566,-2.1336,1.63774872551178));
#5637=CARTESIAN_POINT('',(-0.143404982023626,-2.1336,1.63774872551178));
#5638=CARTESIAN_POINT('',(-0.164865177195686,-2.1336,1.63774872551178));
#5639=CARTESIAN_POINT('',(-0.180128659476117,-2.1336,1.63774872551178));
#5640=CARTESIAN_POINT('',(-0.191087057010786,-2.1336,1.64361929561963));
#5641=CARTESIAN_POINT('',(-0.197740369799692,-2.1336,1.65555612150561));
#5642=CARTESIAN_POINT('',(-0.202006293336889,-2.1336,1.6632096902047));
#5643=CARTESIAN_POINT('',(-0.204197996918336,-2.1336,1.67199371780762));
#5644=CARTESIAN_POINT('',(-0.204197996918336,-2.1336,1.68197368699097));
#5645=CARTESIAN_POINT('',(-0.204197996918336,-2.1336,1.71152222320053));
#5646=CARTESIAN_POINT('',(-0.204197996918336,-2.1336,1.74107075941008));
#5647=CARTESIAN_POINT('',(-0.204197996918336,-2.1336,1.77061929561963));
#5648=CARTESIAN_POINT('',(-0.204197996918336,-2.1336,1.7856870922298));
#5649=CARTESIAN_POINT('',(-0.199110169491525,-2.1336,1.79821097512657));
#5650=CARTESIAN_POINT('',(-0.18854314329738,-2.1336,1.80838662998019));
#5651=CARTESIAN_POINT('',(-0.178175424002983,-2.1336,1.81837035967109));
#5652=CARTESIAN_POINT('',(-0.165256548536209,-2.1336,1.82345442659036));
#5653=CARTESIAN_POINT('',(-0.135316640986132,-2.1336,1.82345442659036));
#5654=CARTESIAN_POINT('',(-0.12298844375963,-2.1336,1.81856228483381));
#5655=CARTESIAN_POINT('',(-0.112812788906009,-2.1336,1.80897368699097));
#5656=CARTESIAN_POINT('',(-0.102539463711971,-2.1336,1.79929305363505));
#5657=CARTESIAN_POINT('',(-0.0975493066255776,-2.1336,1.78705689192164));
#5658=CARTESIAN_POINT('',(-0.0975493066255776,-2.1336,1.77238046665199));
#5659=CARTESIAN_POINT('',(-0.0975493066255776,-2.1336,1.75633424169051));
#5660=CARTESIAN_POINT('',(-0.0975493066255776,-2.1336,1.74028801672903));
#5661=CARTESIAN_POINT('',(-0.121944786851566,-2.1844,1.63774872551178));
#5662=CARTESIAN_POINT('',(-0.143404982023626,-2.1844,1.63774872551178));
#5663=CARTESIAN_POINT('',(-0.164865177195686,-2.1844,1.63774872551178));
#5664=CARTESIAN_POINT('',(-0.180128659476117,-2.1844,1.63774872551178));
#5665=CARTESIAN_POINT('',(-0.191087057010786,-2.1844,1.64361929561963));
#5666=CARTESIAN_POINT('',(-0.197740369799692,-2.1844,1.65555612150561));
#5667=CARTESIAN_POINT('',(-0.202006293336889,-2.1844,1.6632096902047));
#5668=CARTESIAN_POINT('',(-0.204197996918336,-2.1844,1.67199371780762));
#5669=CARTESIAN_POINT('',(-0.204197996918336,-2.1844,1.68197368699097));
#5670=CARTESIAN_POINT('',(-0.204197996918336,-2.1844,1.71152222320053));
#5671=CARTESIAN_POINT('',(-0.204197996918336,-2.1844,1.74107075941008));
#5672=CARTESIAN_POINT('',(-0.204197996918336,-2.1844,1.77061929561963));
#5673=CARTESIAN_POINT('',(-0.204197996918336,-2.1844,1.7856870922298));
#5674=CARTESIAN_POINT('',(-0.199110169491525,-2.1844,1.79821097512657));
#5675=CARTESIAN_POINT('',(-0.18854314329738,-2.1844,1.80838662998019));
#5676=CARTESIAN_POINT('',(-0.178175424002983,-2.1844,1.81837035967109));
#5677=CARTESIAN_POINT('',(-0.165256548536209,-2.1844,1.82345442659036));
#5678=CARTESIAN_POINT('',(-0.135316640986132,-2.1844,1.82345442659036));
#5679=CARTESIAN_POINT('',(-0.12298844375963,-2.1844,1.81856228483381));
#5680=CARTESIAN_POINT('',(-0.112812788906009,-2.1844,1.80897368699097));
#5681=CARTESIAN_POINT('',(-0.102539463711971,-2.1844,1.79929305363505));
#5682=CARTESIAN_POINT('',(-0.0975493066255776,-2.1844,1.78705689192164));
#5683=CARTESIAN_POINT('',(-0.0975493066255776,-2.1844,1.77238046665199));
#5684=CARTESIAN_POINT('',(-0.0975493066255776,-2.1844,1.75633424169051));
#5685=CARTESIAN_POINT('',(-0.0975493066255776,-2.1844,1.74028801672903));
#5686=CARTESIAN_POINT('',(-0.127032614278377,-2.1336,1.72424179176755));
#5687=CARTESIAN_POINT('',(-0.156515921931176,-2.1336,1.72424179176755));
#5688=CARTESIAN_POINT('',(-0.185999229583975,-2.1336,1.72424179176755));
#5689=CARTESIAN_POINT('',(-0.185999229583975,-2.1844,1.72424179176755));
#5690=CARTESIAN_POINT('',(-0.127032614278377,-2.1844,1.72424179176755));
#5691=CARTESIAN_POINT('',(-0.156515921931176,-2.1844,1.72424179176755));
#5692=CARTESIAN_POINT('',(-0.185999229583975,-2.1844,1.7003943311824));
#5693=CARTESIAN_POINT('',(-0.185999229583975,-2.1336,1.7003943311824));
#5694=CARTESIAN_POINT('',(-0.190344708537315,-2.1844,1.63949072060398));
#5695=CARTESIAN_POINT('',(-0.190344708537315,-2.1336,1.63949072060398));
#5696=CARTESIAN_POINT('',(-0.124331883326846,-2.1844,1.6561431785164));
#5697=CARTESIAN_POINT('',(-0.124331883326846,-2.1336,1.6561431785164));
#5698=CARTESIAN_POINT('',(-0.100484591679507,-2.1844,1.6561431785164));
#5699=CARTESIAN_POINT('',(-0.100484591679507,-2.1336,1.6561431785164));
#5700=CARTESIAN_POINT('',(-0.185999229583975,-2.1336,1.71073948051948));
#5701=CARTESIAN_POINT('',(-0.185999229583975,-2.1336,1.69723716927141));
#5702=CARTESIAN_POINT('',(-0.185999229583975,-2.1336,1.68373485802333));
#5703=CARTESIAN_POINT('',(-0.185999229583975,-2.1336,1.66534040501871));
#5704=CARTESIAN_POINT('',(-0.17641063174114,-2.1336,1.65594749284614));
#5705=CARTESIAN_POINT('',(-0.157429121725732,-2.1336,1.6561431785164));
#5706=CARTESIAN_POINT('',(-0.138449628873981,-2.1336,1.65633884339116));
#5707=CARTESIAN_POINT('',(-0.119466101694915,-2.1336,1.6561431785164));
#5708=CARTESIAN_POINT('',(-0.185999229583975,-2.1844,1.71073948051948));
#5709=CARTESIAN_POINT('',(-0.185999229583975,-2.1844,1.69723716927141));
#5710=CARTESIAN_POINT('',(-0.185999229583975,-2.1844,1.68373485802333));
#5711=CARTESIAN_POINT('',(-0.185999229583975,-2.1844,1.66534040501871));
#5712=CARTESIAN_POINT('',(-0.17641063174114,-2.1844,1.65594749284614));
#5713=CARTESIAN_POINT('',(-0.157429121725732,-2.1844,1.6561431785164));
#5714=CARTESIAN_POINT('',(-0.138449628873981,-2.1844,1.65633884339116));
#5715=CARTESIAN_POINT('',(-0.119466101694915,-2.1844,1.6561431785164));
#5716=CARTESIAN_POINT('',(-0.185999229583975,-2.1844,1.74185350209113));
#5717=CARTESIAN_POINT('',(-0.185999229583975,-2.1336,1.74185350209113));
#5718=CARTESIAN_POINT('',(-0.16264740626605,-2.1336,1.74185350209113));
#5719=CARTESIAN_POINT('',(-0.139295582948125,-2.1336,1.74185350209113));
#5720=CARTESIAN_POINT('',(-0.1159437596302,-2.1336,1.74185350209113));
#5721=CARTESIAN_POINT('',(-0.1159437596302,-2.1844,1.74185350209113));
#5722=CARTESIAN_POINT('',(-0.16264740626605,-2.1844,1.74185350209113));
#5723=CARTESIAN_POINT('',(-0.139295582948125,-2.1844,1.74185350209113));
#5724=CARTESIAN_POINT('',(-0.1159437596302,-2.1336,1.75078981436642));
#5725=CARTESIAN_POINT('',(-0.1159437596302,-2.1336,1.75972612664172));
#5726=CARTESIAN_POINT('',(-0.1159437596302,-2.1336,1.76866243891701));
#5727=CARTESIAN_POINT('',(-0.1159437596302,-2.1844,1.76866243891701));
#5728=CARTESIAN_POINT('',(-0.1159437596302,-2.1844,1.75078981436642));
#5729=CARTESIAN_POINT('',(-0.1159437596302,-2.1844,1.75972612664172));
#5730=CARTESIAN_POINT('',(-0.1159437596302,-2.1844,1.79471656443705));
#5731=CARTESIAN_POINT('',(-0.1159437596302,-2.1336,1.79471656443705));
#5732=CARTESIAN_POINT('',(-0.176404156287216,-2.1844,1.82578710329419));
#5733=CARTESIAN_POINT('',(-0.176404156287216,-2.1336,1.82578710329419));
#5734=CARTESIAN_POINT('',(-0.185999229583975,-2.1844,1.76533859587123));
#5735=CARTESIAN_POINT('',(-0.185999229583975,-2.1336,1.76533859587123));
#5736=CARTESIAN_POINT('',(-0.1159437596302,-2.1336,1.77922946511116));
#5737=CARTESIAN_POINT('',(-0.118879044684129,-2.1336,1.78803532027295));
#5738=CARTESIAN_POINT('',(-0.13101155624037,-2.1336,1.80173331719128));
#5739=CARTESIAN_POINT('',(-0.139426040061633,-2.1336,1.805255659256));
#5740=CARTESIAN_POINT('',(-0.158798921417565,-2.1336,1.805255659256));
#5741=CARTESIAN_POINT('',(-0.166430662557781,-2.1336,1.80271174554259));
#5742=CARTESIAN_POINT('',(-0.173083975346687,-2.1336,1.79781960378604));
#5743=CARTESIAN_POINT('',(-0.18184796849816,-2.1336,1.79137549117467));
#5744=CARTESIAN_POINT('',(-0.185999229583975,-2.1336,1.7815776931543));
#5745=CARTESIAN_POINT('',(-0.185999229583975,-2.1336,1.76905381025754));
#5746=CARTESIAN_POINT('',(-0.185999229583975,-2.1336,1.75998704086874));
#5747=CARTESIAN_POINT('',(-0.185999229583975,-2.1336,1.75092027147993));
#5748=CARTESIAN_POINT('',(-0.1159437596302,-2.1844,1.77922946511116));
#5749=CARTESIAN_POINT('',(-0.118879044684129,-2.1844,1.78803532027295));
#5750=CARTESIAN_POINT('',(-0.13101155624037,-2.1844,1.80173331719128));
#5751=CARTESIAN_POINT('',(-0.139426040061633,-2.1844,1.805255659256));
#5752=CARTESIAN_POINT('',(-0.158798921417565,-2.1844,1.805255659256));
#5753=CARTESIAN_POINT('',(-0.166430662557781,-2.1844,1.80271174554259));
#5754=CARTESIAN_POINT('',(-0.173083975346687,-2.1844,1.79781960378604));
#5755=CARTESIAN_POINT('',(-0.18184796849816,-2.1844,1.79137549117467));
#5756=CARTESIAN_POINT('',(-0.185999229583975,-2.1844,1.7815776931543));
#5757=CARTESIAN_POINT('',(-0.185999229583975,-2.1844,1.76905381025754));
#5758=CARTESIAN_POINT('',(-0.185999229583975,-2.1844,1.75998704086874));
#5759=CARTESIAN_POINT('',(-0.185999229583975,-2.1844,1.75092027147993));
#5760=CARTESIAN_POINT('',(-0.100484591679507,-2.1336,1.65001169418152));
#5761=CARTESIAN_POINT('',(-0.100484591679507,-2.1336,1.64388020984665));
#5762=CARTESIAN_POINT('',(-0.100484591679507,-2.1844,1.65001169418152));
#5763=CARTESIAN_POINT('',(-0.100484591679507,-2.1844,1.64388020984665));
#5764=CARTESIAN_POINT('',(-0.204197996918336,-2.1844,1.76788183563194));
#5765=CARTESIAN_POINT('',(-0.204197996918336,-2.1336,1.76788183563194));
#5766=CARTESIAN_POINT('',(0.0177095531587058,-2.1844,1.87276721549637));
#5767=CARTESIAN_POINT('',(0.0177095531587058,-2.1336,1.87276721549637));
#5768=CARTESIAN_POINT('',(0.0112519260400618,-2.1336,1.87276721549637));
#5769=CARTESIAN_POINT('',(0.00479429892141772,-2.1336,1.87276721549637));
#5770=CARTESIAN_POINT('',(-0.00166332819722638,-2.1336,1.87276721549637));
#5771=CARTESIAN_POINT('',(-0.00166332819722638,-2.1844,1.87276721549637));
#5772=CARTESIAN_POINT('',(0.0112519260400618,-2.1844,1.87276721549637));
#5773=CARTESIAN_POINT('',(0.00479429892141772,-2.1844,1.87276721549637));
#5774=CARTESIAN_POINT('',(-0.0385592378656529,-2.1844,1.87276721549637));
#5775=CARTESIAN_POINT('',(-0.0385592378656529,-2.1336,1.87276721549637));
#5776=CARTESIAN_POINT('',(-0.0226016949152541,-2.1844,1.82717618879566));
#5777=CARTESIAN_POINT('',(-0.0226016949152541,-2.1336,1.82717618879566));
#5778=CARTESIAN_POINT('',(-0.0226016949152541,-2.1844,1.79801528945631));
#5779=CARTESIAN_POINT('',(-0.0226016949152541,-2.1336,1.79801528945631));
#5780=CARTESIAN_POINT('',(-0.0118389830508473,-2.1336,1.87276721549637));
#5781=CARTESIAN_POINT('',(-0.0182966101694914,-2.1336,1.86885350209113));
#5782=CARTESIAN_POINT('',(-0.0208405238828966,-2.1336,1.86122176095091));
#5783=CARTESIAN_POINT('',(-0.0221320493066255,-2.1336,1.85734718467973));
#5784=CARTESIAN_POINT('',(-0.0226016949152541,-2.1336,1.8520245344486));
#5785=CARTESIAN_POINT('',(-0.0226016949152541,-2.1336,1.84497985031917));
#5786=CARTESIAN_POINT('',(-0.0226016949152541,-2.1336,1.82932499669822));
#5787=CARTESIAN_POINT('',(-0.0226016949152541,-2.1336,1.81367014307726));
#5788=CARTESIAN_POINT('',(-0.0118389830508473,-2.1844,1.87276721549637));
#5789=CARTESIAN_POINT('',(-0.0182966101694914,-2.1844,1.86885350209113));
#5790=CARTESIAN_POINT('',(-0.0208405238828966,-2.1844,1.86122176095091));
#5791=CARTESIAN_POINT('',(-0.0221320493066255,-2.1844,1.85734718467973));
#5792=CARTESIAN_POINT('',(-0.0226016949152541,-2.1844,1.8520245344486));
#5793=CARTESIAN_POINT('',(-0.0226016949152541,-2.1844,1.84497985031917));
#5794=CARTESIAN_POINT('',(-0.0226016949152541,-2.1844,1.82932499669822));
#5795=CARTESIAN_POINT('',(-0.0226016949152541,-2.1844,1.81367014307726));
#5796=CARTESIAN_POINT('',(-0.00916461222393416,-2.1336,1.79801528945631));
#5797=CARTESIAN_POINT('',(0.00427247046738587,-2.1336,1.79801528945631));
#5798=CARTESIAN_POINT('',(0.0177095531587058,-2.1336,1.79801528945631));
#5799=CARTESIAN_POINT('',(0.0177095531587058,-2.1844,1.79801528945631));
#5800=CARTESIAN_POINT('',(-0.00916461222393416,-2.1844,1.79801528945631));
#5801=CARTESIAN_POINT('',(0.00427247046738587,-2.1844,1.79801528945631));
#5802=CARTESIAN_POINT('',(0.0177095531587058,-2.1336,1.79207949079169));
#5803=CARTESIAN_POINT('',(0.0177095531587058,-2.1336,1.78614369212708));
#5804=CARTESIAN_POINT('',(0.0177095531587058,-2.1336,1.78020789346247));
#5805=CARTESIAN_POINT('',(0.0177095531587058,-2.1844,1.78020789346247));
#5806=CARTESIAN_POINT('',(0.0177095531587058,-2.1844,1.79207949079169));
#5807=CARTESIAN_POINT('',(0.0177095531587058,-2.1844,1.78614369212708));
#5808=CARTESIAN_POINT('',(0.00427247046738587,-2.1336,1.78020789346247));
#5809=CARTESIAN_POINT('',(-0.00916461222393411,-2.1336,1.78020789346247));
#5810=CARTESIAN_POINT('',(-0.0226016949152541,-2.1336,1.78020789346247));
#5811=CARTESIAN_POINT('',(-0.0226016949152541,-2.1844,1.78020789346247));
#5812=CARTESIAN_POINT('',(0.00427247046738587,-2.1844,1.78020789346247));
#5813=CARTESIAN_POINT('',(-0.00916461222393411,-2.1844,1.78020789346247));
#5814=CARTESIAN_POINT('',(-0.0226016949152541,-2.1336,1.73272150414557));
#5815=CARTESIAN_POINT('',(-0.0226016949152542,-2.1336,1.68523511482867));
#5816=CARTESIAN_POINT('',(-0.0226016949152541,-2.1336,1.63774872551178));
#5817=CARTESIAN_POINT('',(-0.0226016949152541,-2.1844,1.63774872551178));
#5818=CARTESIAN_POINT('',(-0.0226016949152541,-2.1844,1.73272150414557));
#5819=CARTESIAN_POINT('',(-0.0226016949152542,-2.1844,1.68523511482867));
#5820=CARTESIAN_POINT('',(-0.0286679506933743,-2.1336,1.63774872551178));
#5821=CARTESIAN_POINT('',(-0.0347342064714945,-2.1336,1.63774872551178));
#5822=CARTESIAN_POINT('',(-0.0408004622496147,-2.1336,1.63774872551178));
#5823=CARTESIAN_POINT('',(-0.0408004622496147,-2.1844,1.63774872551178));
#5824=CARTESIAN_POINT('',(-0.0286679506933743,-2.1844,1.63774872551178));
#5825=CARTESIAN_POINT('',(-0.0347342064714945,-2.1844,1.63774872551178));
#5826=CARTESIAN_POINT('',(-0.0408004622496147,-2.1336,1.68523511482867));
#5827=CARTESIAN_POINT('',(-0.0408004622496147,-2.1336,1.73272150414557));
#5828=CARTESIAN_POINT('',(-0.0408004622496147,-2.1336,1.78020789346247));
#5829=CARTESIAN_POINT('',(-0.0408004622496147,-2.1844,1.78020789346247));
#5830=CARTESIAN_POINT('',(-0.0408004622496147,-2.1844,1.68523511482867));
#5831=CARTESIAN_POINT('',(-0.0408004622496147,-2.1844,1.73272150414557));
#5832=CARTESIAN_POINT('',(-0.0493454031843861,-2.1336,1.78020789346247));
#5833=CARTESIAN_POINT('',(-0.0578903441191576,-2.1336,1.78020789346247));
#5834=CARTESIAN_POINT('',(-0.066435285053929,-2.1336,1.78020789346247));
#5835=CARTESIAN_POINT('',(-0.066435285053929,-2.1844,1.78020789346247));
#5836=CARTESIAN_POINT('',(-0.0493454031843861,-2.1844,1.78020789346247));
#5837=CARTESIAN_POINT('',(-0.0578903441191576,-2.1844,1.78020789346247));
#5838=CARTESIAN_POINT('',(-0.066435285053929,-2.1336,1.78614369212708));
#5839=CARTESIAN_POINT('',(-0.066435285053929,-2.1336,1.79207949079169));
#5840=CARTESIAN_POINT('',(-0.066435285053929,-2.1336,1.79801528945631));
#5841=CARTESIAN_POINT('',(-0.066435285053929,-2.1844,1.79801528945631));
#5842=CARTESIAN_POINT('',(-0.066435285053929,-2.1844,1.78614369212708));
#5843=CARTESIAN_POINT('',(-0.066435285053929,-2.1844,1.79207949079169));
#5844=CARTESIAN_POINT('',(-0.0578903441191576,-2.1336,1.79801528945631));
#5845=CARTESIAN_POINT('',(-0.0493454031843861,-2.1336,1.79801528945631));
#5846=CARTESIAN_POINT('',(-0.0408004622496147,-2.1336,1.79801528945631));
#5847=CARTESIAN_POINT('',(-0.0408004622496147,-2.1844,1.79801528945631));
#5848=CARTESIAN_POINT('',(-0.0578903441191576,-2.1844,1.79801528945631));
#5849=CARTESIAN_POINT('',(-0.0493454031843861,-2.1844,1.79801528945631));
#5850=CARTESIAN_POINT('',(-0.0408004622496147,-2.1844,1.820992809102));
#5851=CARTESIAN_POINT('',(-0.0408004622496147,-2.1336,1.820992809102));
#5852=CARTESIAN_POINT('',(-0.0543520355422681,-2.1844,1.8821298690287));
#5853=CARTESIAN_POINT('',(-0.0543520355422681,-2.1336,1.8821298690287));
#5854=CARTESIAN_POINT('',(-0.00526785266148338,-2.1844,1.89116166850099));
#5855=CARTESIAN_POINT('',(-0.00526785266148338,-2.1336,1.89116166850099));
#5856=CARTESIAN_POINT('',(0.0177095531587058,-2.1844,1.89116166850099));
#5857=CARTESIAN_POINT('',(0.0177095531587058,-2.1336,1.89116166850099));
#5858=CARTESIAN_POINT('',(-0.0408004622496147,-2.1336,1.81608359967716));
#5859=CARTESIAN_POINT('',(-0.0408004622496147,-2.1336,1.83415190989801));
#5860=CARTESIAN_POINT('',(-0.0408004622496147,-2.1336,1.85222022011886));
#5861=CARTESIAN_POINT('',(-0.0408004622496147,-2.1336,1.87805072859344));
#5862=CARTESIAN_POINT('',(-0.0294506933744221,-2.1336,1.89096598283073));
#5863=CARTESIAN_POINT('',(-0.0067511556240369,-2.1336,1.89116166850099));
#5864=CARTESIAN_POINT('',(0.00140180807219522,-2.1336,1.89123195267079));
#5865=CARTESIAN_POINT('',(0.00955598356445826,-2.1336,1.89116166850099));
#5866=CARTESIAN_POINT('',(-0.0408004622496147,-2.1844,1.81608359967716));
#5867=CARTESIAN_POINT('',(-0.0408004622496147,-2.1844,1.83415190989801));
#5868=CARTESIAN_POINT('',(-0.0408004622496147,-2.1844,1.85222022011886));
#5869=CARTESIAN_POINT('',(-0.0408004622496147,-2.1844,1.87805072859344));
#5870=CARTESIAN_POINT('',(-0.0294506933744221,-2.1844,1.89096598283073));
#5871=CARTESIAN_POINT('',(-0.0067511556240369,-2.1844,1.89116166850099));
#5872=CARTESIAN_POINT('',(0.00140180807219522,-2.1844,1.89123195267079));
#5873=CARTESIAN_POINT('',(0.00955598356445826,-2.1844,1.89116166850099));
#5874=CARTESIAN_POINT('',(0.0177095531587058,-2.1336,1.88503018416612));
#5875=CARTESIAN_POINT('',(0.0177095531587058,-2.1336,1.87889869983124));
#5876=CARTESIAN_POINT('',(0.0177095531587058,-2.1844,1.88503018416612));
#5877=CARTESIAN_POINT('',(0.0177095531587058,-2.1844,1.87889869983124));
#5878=CARTESIAN_POINT('',(-0.0226016949152541,-2.1844,1.84175663846534));
#5879=CARTESIAN_POINT('',(-0.0226016949152541,-2.1336,1.84175663846534));
#5880=CARTESIAN_POINT('',(0.126119414483821,-2.1844,1.87276721549637));
#5881=CARTESIAN_POINT('',(0.126119414483821,-2.1336,1.87276721549637));
#5882=CARTESIAN_POINT('',(0.119661787365177,-2.1336,1.87276721549637));
#5883=CARTESIAN_POINT('',(0.113204160246533,-2.1336,1.87276721549637));
#5884=CARTESIAN_POINT('',(0.106746533127889,-2.1336,1.87276721549637));
#5885=CARTESIAN_POINT('',(0.106746533127889,-2.1844,1.87276721549637));
#5886=CARTESIAN_POINT('',(0.119661787365177,-2.1844,1.87276721549637));
#5887=CARTESIAN_POINT('',(0.113204160246533,-2.1844,1.87276721549637));
#5888=CARTESIAN_POINT('',(0.0697158871741592,-2.1844,1.87276721549637));
#5889=CARTESIAN_POINT('',(0.0697158871741592,-2.1336,1.87276721549637));
#5890=CARTESIAN_POINT('',(0.0858081664098614,-2.1844,1.82715433614998));
#5891=CARTESIAN_POINT('',(0.0858081664098614,-2.1336,1.82715433614998));
#5892=CARTESIAN_POINT('',(0.0858081664098614,-2.1844,1.79801528945631));
#5893=CARTESIAN_POINT('',(0.0858081664098614,-2.1336,1.79801528945631));
#5894=CARTESIAN_POINT('',(0.0965708782742683,-2.1336,1.87276721549637));
#5895=CARTESIAN_POINT('',(0.0901132511556241,-2.1336,1.86885350209113));
#5896=CARTESIAN_POINT('',(0.0877650231124808,-2.1336,1.86122176095091));
#5897=CARTESIAN_POINT('',(0.0865464831549578,-2.1336,1.85726150608896));
#5898=CARTESIAN_POINT('',(0.0858081664098614,-2.1336,1.8520245344486));
#5899=CARTESIAN_POINT('',(0.0858081664098614,-2.1336,1.84497985031917));
#5900=CARTESIAN_POINT('',(0.0858081664098614,-2.1336,1.82932499669822));
#5901=CARTESIAN_POINT('',(0.0858081664098614,-2.1336,1.81367014307726));
#5902=CARTESIAN_POINT('',(0.0965708782742683,-2.1844,1.87276721549637));
#5903=CARTESIAN_POINT('',(0.0901132511556241,-2.1844,1.86885350209113));
#5904=CARTESIAN_POINT('',(0.0877650231124808,-2.1844,1.86122176095091));
#5905=CARTESIAN_POINT('',(0.0865464831549578,-2.1844,1.85726150608896));
#5906=CARTESIAN_POINT('',(0.0858081664098614,-2.1844,1.8520245344486));
#5907=CARTESIAN_POINT('',(0.0858081664098614,-2.1844,1.84497985031917));
#5908=CARTESIAN_POINT('',(0.0858081664098614,-2.1844,1.82932499669822));
#5909=CARTESIAN_POINT('',(0.0858081664098614,-2.1844,1.81367014307726));
#5910=CARTESIAN_POINT('',(0.0992452491011814,-2.1336,1.79801528945631));
#5911=CARTESIAN_POINT('',(0.112682331792501,-2.1336,1.79801528945631));
#5912=CARTESIAN_POINT('',(0.126119414483821,-2.1336,1.79801528945631));
#5913=CARTESIAN_POINT('',(0.126119414483821,-2.1844,1.79801528945631));
#5914=CARTESIAN_POINT('',(0.0992452491011814,-2.1844,1.79801528945631));
#5915=CARTESIAN_POINT('',(0.112682331792501,-2.1844,1.79801528945631));
#5916=CARTESIAN_POINT('',(0.126119414483821,-2.1336,1.79207949079169));
#5917=CARTESIAN_POINT('',(0.126119414483821,-2.1336,1.78614369212708));
#5918=CARTESIAN_POINT('',(0.126119414483821,-2.1336,1.78020789346247));
#5919=CARTESIAN_POINT('',(0.126119414483821,-2.1844,1.78020789346247));
#5920=CARTESIAN_POINT('',(0.126119414483821,-2.1844,1.79207949079169));
#5921=CARTESIAN_POINT('',(0.126119414483821,-2.1844,1.78614369212708));
#5922=CARTESIAN_POINT('',(0.112682331792501,-2.1336,1.78020789346247));
#5923=CARTESIAN_POINT('',(0.0992452491011814,-2.1336,1.78020789346247));
#5924=CARTESIAN_POINT('',(0.0858081664098614,-2.1336,1.78020789346247));
#5925=CARTESIAN_POINT('',(0.0858081664098614,-2.1844,1.78020789346247));
#5926=CARTESIAN_POINT('',(0.112682331792501,-2.1844,1.78020789346247));
#5927=CARTESIAN_POINT('',(0.0992452491011814,-2.1844,1.78020789346247));
#5928=CARTESIAN_POINT('',(0.0858081664098614,-2.1336,1.73272150414557));
#5929=CARTESIAN_POINT('',(0.0858081664098614,-2.1336,1.68523511482867));
#5930=CARTESIAN_POINT('',(0.0858081664098614,-2.1336,1.63774872551178));
#5931=CARTESIAN_POINT('',(0.0858081664098614,-2.1844,1.63774872551178));
#5932=CARTESIAN_POINT('',(0.0858081664098614,-2.1844,1.73272150414557));
#5933=CARTESIAN_POINT('',(0.0858081664098614,-2.1844,1.68523511482867));
#5934=CARTESIAN_POINT('',(0.0797419106317411,-2.1336,1.63774872551178));
#5935=CARTESIAN_POINT('',(0.073675654853621,-2.1336,1.63774872551178));
#5936=CARTESIAN_POINT('',(0.0676093990755007,-2.1336,1.63774872551178));
#5937=CARTESIAN_POINT('',(0.0676093990755007,-2.1844,1.63774872551178));
#5938=CARTESIAN_POINT('',(0.0797419106317411,-2.1844,1.63774872551178));
#5939=CARTESIAN_POINT('',(0.073675654853621,-2.1844,1.63774872551178));
#5940=CARTESIAN_POINT('',(0.0676093990755007,-2.1336,1.68523511482867));
#5941=CARTESIAN_POINT('',(0.0676093990755007,-2.1336,1.73272150414557));
#5942=CARTESIAN_POINT('',(0.0676093990755007,-2.1336,1.78020789346247));
#5943=CARTESIAN_POINT('',(0.0676093990755007,-2.1844,1.78020789346247));
#5944=CARTESIAN_POINT('',(0.0676093990755007,-2.1844,1.68523511482867));
#5945=CARTESIAN_POINT('',(0.0676093990755007,-2.1844,1.73272150414557));
#5946=CARTESIAN_POINT('',(0.0590644581407293,-2.1336,1.78020789346247));
#5947=CARTESIAN_POINT('',(0.0505195172059579,-2.1336,1.78020789346247));
#5948=CARTESIAN_POINT('',(0.0419745762711864,-2.1336,1.78020789346247));
#5949=CARTESIAN_POINT('',(0.0419745762711864,-2.1844,1.78020789346247));
#5950=CARTESIAN_POINT('',(0.0590644581407293,-2.1844,1.78020789346247));
#5951=CARTESIAN_POINT('',(0.0505195172059579,-2.1844,1.78020789346247));
#5952=CARTESIAN_POINT('',(0.0419745762711864,-2.1336,1.78614369212708));
#5953=CARTESIAN_POINT('',(0.0419745762711864,-2.1336,1.79207949079169));
#5954=CARTESIAN_POINT('',(0.0419745762711864,-2.1336,1.79801528945631));
#5955=CARTESIAN_POINT('',(0.0419745762711864,-2.1844,1.79801528945631));
#5956=CARTESIAN_POINT('',(0.0419745762711864,-2.1844,1.78614369212708));
#5957=CARTESIAN_POINT('',(0.0419745762711864,-2.1844,1.79207949079169));
#5958=CARTESIAN_POINT('',(0.0505195172059579,-2.1336,1.79801528945631));
#5959=CARTESIAN_POINT('',(0.0590644581407293,-2.1336,1.79801528945631));
#5960=CARTESIAN_POINT('',(0.0676093990755007,-2.1336,1.79801528945631));
#5961=CARTESIAN_POINT('',(0.0676093990755007,-2.1844,1.79801528945631));
#5962=CARTESIAN_POINT('',(0.0505195172059579,-2.1844,1.79801528945631));
#5963=CARTESIAN_POINT('',(0.0590644581407293,-2.1844,1.79801528945631));
#5964=CARTESIAN_POINT('',(0.0676093990755007,-2.1844,1.820992809102));
#5965=CARTESIAN_POINT('',(0.0676093990755007,-2.1336,1.820992809102));
#5966=CARTESIAN_POINT('',(0.0540578257828476,-2.1844,1.8821298690287));
#5967=CARTESIAN_POINT('',(0.0540578257828476,-2.1336,1.8821298690287));
#5968=CARTESIAN_POINT('',(0.103142008663632,-2.1844,1.89116166850099));
#5969=CARTESIAN_POINT('',(0.103142008663632,-2.1336,1.89116166850099));
#5970=CARTESIAN_POINT('',(0.126119414483821,-2.1844,1.89116166850099));
#5971=CARTESIAN_POINT('',(0.126119414483821,-2.1336,1.89116166850099));
#5972=CARTESIAN_POINT('',(0.0676093990755007,-2.1336,1.81608359967716));
#5973=CARTESIAN_POINT('',(0.0676093990755007,-2.1336,1.83415190989801));
#5974=CARTESIAN_POINT('',(0.0676093990755007,-2.1336,1.85222022011886));
#5975=CARTESIAN_POINT('',(0.0676093990755007,-2.1336,1.87805072859344));
#5976=CARTESIAN_POINT('',(0.0789591679506933,-2.1336,1.89096598283073));
#5977=CARTESIAN_POINT('',(0.101658705701079,-2.1336,1.89116166850099));
#5978=CARTESIAN_POINT('',(0.109811669397311,-2.1336,1.89123195267079));
#5979=CARTESIAN_POINT('',(0.117965844889574,-2.1336,1.89116166850099));
#5980=CARTESIAN_POINT('',(0.0676093990755007,-2.1844,1.81608359967716));
#5981=CARTESIAN_POINT('',(0.0676093990755007,-2.1844,1.83415190989801));
#5982=CARTESIAN_POINT('',(0.0676093990755007,-2.1844,1.85222022011886));
#5983=CARTESIAN_POINT('',(0.0676093990755007,-2.1844,1.87805072859344));
#5984=CARTESIAN_POINT('',(0.0789591679506933,-2.1844,1.89096598283073));
#5985=CARTESIAN_POINT('',(0.101658705701079,-2.1844,1.89116166850099));
#5986=CARTESIAN_POINT('',(0.109811669397311,-2.1844,1.89123195267079));
#5987=CARTESIAN_POINT('',(0.117965844889574,-2.1844,1.89116166850099));
#5988=CARTESIAN_POINT('',(0.126119414483821,-2.1336,1.88503018416612));
#5989=CARTESIAN_POINT('',(0.126119414483821,-2.1336,1.87889869983124));
#5990=CARTESIAN_POINT('',(0.126119414483821,-2.1844,1.88503018416612));
#5991=CARTESIAN_POINT('',(0.126119414483821,-2.1844,1.87889869983124));
#5992=CARTESIAN_POINT('',(0.0858081664098614,-2.1844,1.84172385949682));
#5993=CARTESIAN_POINT('',(0.0858081664098614,-2.1336,1.84172385949682));
#5994=CARTESIAN_POINT('',(0.176019260400616,-2.1844,1.89116166850099));
#5995=CARTESIAN_POINT('',(0.176019260400616,-2.1336,1.89116166850099));
#5996=CARTESIAN_POINT('',(0.176019260400616,-2.1844,1.84673072530288));
#5997=CARTESIAN_POINT('',(0.176019260400616,-2.1336,1.84673072530288));
#5998=CARTESIAN_POINT('',(0.189147189890254,-2.1844,1.76481925263325));
#5999=CARTESIAN_POINT('',(0.189147189890254,-2.1336,1.76481925263325));
#6000=CARTESIAN_POINT('',(0.149763401421341,-2.1844,1.65510612505729));
#6001=CARTESIAN_POINT('',(0.149763401421341,-2.1336,1.65510612505729));
#6002=CARTESIAN_POINT('',(0.216134822804314,-2.1844,1.6561431785164));
#6003=CARTESIAN_POINT('',(0.216134822804314,-2.1336,1.6561431785164));
#6004=CARTESIAN_POINT('',(0.176019260400616,-2.1336,1.81862751339056));
#6005=CARTESIAN_POINT('',(0.176019260400616,-2.1336,1.74609335828014));
#6006=CARTESIAN_POINT('',(0.176019260400616,-2.1336,1.67355920316971));
#6007=CARTESIAN_POINT('',(0.176019260400616,-2.1336,1.66553609068897));
#6008=CARTESIAN_POINT('',(0.181107087827427,-2.1336,1.6602525775919));
#6009=CARTESIAN_POINT('',(0.191087057010786,-2.1336,1.65770866387849));
#6010=CARTESIAN_POINT('',(0.195410509364588,-2.1336,1.65660660739615));
#6011=CARTESIAN_POINT('',(0.20361093990755,-2.1336,1.65594749284614));
#6012=CARTESIAN_POINT('',(0.176019260400616,-2.1844,1.81862751339056));
#6013=CARTESIAN_POINT('',(0.176019260400616,-2.1844,1.74609335828014));
#6014=CARTESIAN_POINT('',(0.176019260400616,-2.1844,1.67355920316971));
#6015=CARTESIAN_POINT('',(0.176019260400616,-2.1844,1.66553609068897));
#6016=CARTESIAN_POINT('',(0.181107087827427,-2.1844,1.6602525775919));
#6017=CARTESIAN_POINT('',(0.191087057010786,-2.1844,1.65770866387849));
#6018=CARTESIAN_POINT('',(0.195410509364588,-2.1844,1.65660660739615));
#6019=CARTESIAN_POINT('',(0.20361093990755,-2.1844,1.65594749284614));
#6020=CARTESIAN_POINT('',(0.216134822804314,-2.1336,1.65001169418152));
#6021=CARTESIAN_POINT('',(0.216134822804314,-2.1336,1.64388020984665));
#6022=CARTESIAN_POINT('',(0.216134822804314,-2.1336,1.63774872551178));
#6023=CARTESIAN_POINT('',(0.216134822804314,-2.1844,1.63774872551178));
#6024=CARTESIAN_POINT('',(0.216134822804314,-2.1844,1.65001169418152));
#6025=CARTESIAN_POINT('',(0.216134822804314,-2.1844,1.64388020984665));
#6026=CARTESIAN_POINT('',(0.142590782132423,-2.1844,1.63774872551178));
#6027=CARTESIAN_POINT('',(0.142590782132423,-2.1336,1.63774872551178));
#6028=CARTESIAN_POINT('',(0.165435348533172,-2.1844,1.74503713774956));
#6029=CARTESIAN_POINT('',(0.165435348533172,-2.1336,1.74503713774956));
#6030=CARTESIAN_POINT('',(0.157820493066256,-2.1844,1.84155603172898));
#6031=CARTESIAN_POINT('',(0.157820493066256,-2.1336,1.84155603172898));
#6032=CARTESIAN_POINT('',(0.157820493066256,-2.1844,1.89116166850099));
#6033=CARTESIAN_POINT('',(0.157820493066256,-2.1336,1.89116166850099));
#6034=CARTESIAN_POINT('',(0.1905,-2.1336,1.63774872551178));
#6035=CARTESIAN_POINT('',(0.173866718027735,-2.1336,1.64087969623597));
#6036=CARTESIAN_POINT('',(0.166039291217257,-2.1336,1.64753300902487));
#6037=CARTESIAN_POINT('',(0.160637344267501,-2.1336,1.65212466393217));
#6038=CARTESIAN_POINT('',(0.157820493066256,-2.1336,1.66064394893242));
#6039=CARTESIAN_POINT('',(0.157820493066256,-2.1336,1.67316783182919));
#6040=CARTESIAN_POINT('',(0.157820493066256,-2.1336,1.74583244405312));
#6041=CARTESIAN_POINT('',(0.157820493066256,-2.1336,1.81849705627706));
#6042=CARTESIAN_POINT('',(0.1905,-2.1844,1.63774872551178));
#6043=CARTESIAN_POINT('',(0.173866718027735,-2.1844,1.64087969623597));
#6044=CARTESIAN_POINT('',(0.166039291217257,-2.1844,1.64753300902487));
#6045=CARTESIAN_POINT('',(0.160637344267501,-2.1844,1.65212466393217));
#6046=CARTESIAN_POINT('',(0.157820493066256,-2.1844,1.66064394893242));
#6047=CARTESIAN_POINT('',(0.157820493066256,-2.1844,1.67316783182919));
#6048=CARTESIAN_POINT('',(0.157820493066256,-2.1844,1.74583244405312));
#6049=CARTESIAN_POINT('',(0.157820493066256,-2.1844,1.81849705627706));
#6050=CARTESIAN_POINT('',(0.163886748844376,-2.1336,1.89116166850099));
#6051=CARTESIAN_POINT('',(0.169953004622496,-2.1336,1.89116166850099));
#6052=CARTESIAN_POINT('',(0.163886748844376,-2.1844,1.89116166850099));
#6053=CARTESIAN_POINT('',(0.169953004622496,-2.1844,1.89116166850099));
#6054=CARTESIAN_POINT('',(0.176019260400616,-2.1844,1.75786883890667));
#6055=CARTESIAN_POINT('',(0.176019260400616,-2.1336,1.75786883890667));
#6056=CARTESIAN_POINT('',(0.348809707241911,-2.1844,1.63774872551178));
#6057=CARTESIAN_POINT('',(0.348809707241911,-2.1336,1.63774872551178));
#6058=CARTESIAN_POINT('',(0.31259118068311,-2.1844,1.63774872551178));
#6059=CARTESIAN_POINT('',(0.31259118068311,-2.1336,1.63774872551178));
#6060=CARTESIAN_POINT('',(0.238093655399538,-2.1844,1.63030921249434));
#6061=CARTESIAN_POINT('',(0.238093655399538,-2.1336,1.63030921249434));
#6062=CARTESIAN_POINT('',(0.247101624842427,-2.1844,1.71550202073789));
#6063=CARTESIAN_POINT('',(0.247101624842427,-2.1336,1.71550202073789));
#6064=CARTESIAN_POINT('',(0.240651550866949,-2.1844,1.7670743398518));
#6065=CARTESIAN_POINT('',(0.240651550866949,-2.1336,1.7670743398518));
#6066=CARTESIAN_POINT('',(0.259695869686697,-2.1844,1.82286903995026));
#6067=CARTESIAN_POINT('',(0.259695869686697,-2.1336,1.82286903995026));
#6068=CARTESIAN_POINT('',(0.350135024184839,-2.1844,1.82935026909647));
#6069=CARTESIAN_POINT('',(0.350135024184839,-2.1336,1.82935026909647));
#6070=CARTESIAN_POINT('',(0.351549306625578,-2.1844,1.76045988155637));
#6071=CARTESIAN_POINT('',(0.351549306625578,-2.1336,1.76045988155637));
#6072=CARTESIAN_POINT('',(0.351549306625578,-2.1844,1.72424179176755));
#6073=CARTESIAN_POINT('',(0.351549306625578,-2.1336,1.72424179176755));
#6074=CARTESIAN_POINT('',(0.327284283513097,-2.1336,1.63774872551178));
#6075=CARTESIAN_POINT('',(0.305758859784284,-2.1336,1.63774872551178));
#6076=CARTESIAN_POINT('',(0.28423343605547,-2.1336,1.63774872551178));
#6077=CARTESIAN_POINT('',(0.268969953775039,-2.1336,1.63774872551178));
#6078=CARTESIAN_POINT('',(0.25801155624037,-2.1336,1.64361929561963));
#6079=CARTESIAN_POINT('',(0.251358243451464,-2.1336,1.65555612150561));
#6080=CARTESIAN_POINT('',(0.247092319914267,-2.1336,1.6632096902047));
#6081=CARTESIAN_POINT('',(0.24490061633282,-2.1336,1.67199371780762));
#6082=CARTESIAN_POINT('',(0.24490061633282,-2.1336,1.68197368699097));
#6083=CARTESIAN_POINT('',(0.24490061633282,-2.1336,1.71152222320053));
#6084=CARTESIAN_POINT('',(0.24490061633282,-2.1336,1.74107075941008));
#6085=CARTESIAN_POINT('',(0.24490061633282,-2.1336,1.77061929561963));
#6086=CARTESIAN_POINT('',(0.24490061633282,-2.1336,1.7856870922298));
#6087=CARTESIAN_POINT('',(0.250184129429892,-2.1336,1.79821097512657));
#6088=CARTESIAN_POINT('',(0.260555469953775,-2.1336,1.80838662998019));
#6089=CARTESIAN_POINT('',(0.27092869172934,-2.1336,1.81856413059018));
#6090=CARTESIAN_POINT('',(0.283842064714946,-2.1336,1.82345442659036));
#6091=CARTESIAN_POINT('',(0.313781972265023,-2.1336,1.82345442659036));
#6092=CARTESIAN_POINT('',(0.326305855161787,-2.1336,1.81856228483381));
#6093=CARTESIAN_POINT('',(0.336285824345146,-2.1336,1.80897368699097));
#6094=CARTESIAN_POINT('',(0.346465313104342,-2.1336,1.79919339386939));
#6095=CARTESIAN_POINT('',(0.351549306625578,-2.1336,1.78705689192164));
#6096=CARTESIAN_POINT('',(0.351549306625578,-2.1336,1.77238046665199));
#6097=CARTESIAN_POINT('',(0.351549306625578,-2.1336,1.75633424169051));
#6098=CARTESIAN_POINT('',(0.351549306625578,-2.1336,1.74028801672903));
#6099=CARTESIAN_POINT('',(0.327284283513097,-2.1844,1.63774872551178));
#6100=CARTESIAN_POINT('',(0.305758859784284,-2.1844,1.63774872551178));
#6101=CARTESIAN_POINT('',(0.28423343605547,-2.1844,1.63774872551178));
#6102=CARTESIAN_POINT('',(0.268969953775039,-2.1844,1.63774872551178));
#6103=CARTESIAN_POINT('',(0.25801155624037,-2.1844,1.64361929561963));
#6104=CARTESIAN_POINT('',(0.251358243451464,-2.1844,1.65555612150561));
#6105=CARTESIAN_POINT('',(0.247092319914267,-2.1844,1.6632096902047));
#6106=CARTESIAN_POINT('',(0.24490061633282,-2.1844,1.67199371780762));
#6107=CARTESIAN_POINT('',(0.24490061633282,-2.1844,1.68197368699097));
#6108=CARTESIAN_POINT('',(0.24490061633282,-2.1844,1.71152222320053));
#6109=CARTESIAN_POINT('',(0.24490061633282,-2.1844,1.74107075941008));
#6110=CARTESIAN_POINT('',(0.24490061633282,-2.1844,1.77061929561963));
#6111=CARTESIAN_POINT('',(0.24490061633282,-2.1844,1.7856870922298));
#6112=CARTESIAN_POINT('',(0.250184129429892,-2.1844,1.79821097512657));
#6113=CARTESIAN_POINT('',(0.260555469953775,-2.1844,1.80838662998019));
#6114=CARTESIAN_POINT('',(0.27092869172934,-2.1844,1.81856413059018));
#6115=CARTESIAN_POINT('',(0.283842064714946,-2.1844,1.82345442659036));
#6116=CARTESIAN_POINT('',(0.313781972265023,-2.1844,1.82345442659036));
#6117=CARTESIAN_POINT('',(0.326305855161787,-2.1844,1.81856228483381));
#6118=CARTESIAN_POINT('',(0.336285824345146,-2.1844,1.80897368699097));
#6119=CARTESIAN_POINT('',(0.346465313104342,-2.1844,1.79919339386939));
#6120=CARTESIAN_POINT('',(0.351549306625578,-2.1844,1.78705689192164));
#6121=CARTESIAN_POINT('',(0.351549306625578,-2.1844,1.77238046665199));
#6122=CARTESIAN_POINT('',(0.351549306625578,-2.1844,1.75633424169051));
#6123=CARTESIAN_POINT('',(0.351549306625578,-2.1844,1.74028801672903));
#6124=CARTESIAN_POINT('',(0.322131227529533,-2.1336,1.72424179176755));
#6125=CARTESIAN_POINT('',(0.292713148433488,-2.1336,1.72424179176755));
#6126=CARTESIAN_POINT('',(0.263295069337442,-2.1336,1.72424179176755));
#6127=CARTESIAN_POINT('',(0.263295069337442,-2.1844,1.72424179176755));
#6128=CARTESIAN_POINT('',(0.322131227529533,-2.1844,1.72424179176755));
#6129=CARTESIAN_POINT('',(0.292713148433488,-2.1844,1.72424179176755));
#6130=CARTESIAN_POINT('',(0.263295069337442,-2.1844,1.70038320604307));
#6131=CARTESIAN_POINT('',(0.263295069337442,-2.1336,1.70038320604307));
#6132=CARTESIAN_POINT('',(0.258864110325158,-2.1844,1.63940283661038));
#6133=CARTESIAN_POINT('',(0.258864110325158,-2.1336,1.63940283661038));
#6134=CARTESIAN_POINT('',(0.324951290534051,-2.1844,1.6561431785164));
#6135=CARTESIAN_POINT('',(0.324951290534051,-2.1336,1.6561431785164));
#6136=CARTESIAN_POINT('',(0.348809707241911,-2.1844,1.6561431785164));
#6137=CARTESIAN_POINT('',(0.348809707241911,-2.1336,1.6561431785164));
#6138=CARTESIAN_POINT('',(0.263295069337442,-2.1336,1.71073948051948));
#6139=CARTESIAN_POINT('',(0.263295069337442,-2.1336,1.69723716927141));
#6140=CARTESIAN_POINT('',(0.263295069337442,-2.1336,1.68373485802333));
#6141=CARTESIAN_POINT('',(0.263295069337442,-2.1336,1.66534040501871));
#6142=CARTESIAN_POINT('',(0.272687981510015,-2.1336,1.65594749284614));
#6143=CARTESIAN_POINT('',(0.291669491525424,-2.1336,1.6561431785164));
#6144=CARTESIAN_POINT('',(0.310714206002095,-2.1336,1.65633951577904));
#6145=CARTESIAN_POINT('',(0.329762968669749,-2.1336,1.6561431785164));
#6146=CARTESIAN_POINT('',(0.263295069337442,-2.1844,1.71073948051948));
#6147=CARTESIAN_POINT('',(0.263295069337442,-2.1844,1.69723716927141));
#6148=CARTESIAN_POINT('',(0.263295069337442,-2.1844,1.68373485802333));
#6149=CARTESIAN_POINT('',(0.263295069337442,-2.1844,1.66534040501871));
#6150=CARTESIAN_POINT('',(0.272687981510015,-2.1844,1.65594749284614));
#6151=CARTESIAN_POINT('',(0.291669491525424,-2.1844,1.6561431785164));
#6152=CARTESIAN_POINT('',(0.310714206002095,-2.1844,1.65633951577904));
#6153=CARTESIAN_POINT('',(0.329762968669749,-2.1844,1.6561431785164));
#6154=CARTESIAN_POINT('',(0.263295069337442,-2.1844,1.74185350209113));
#6155=CARTESIAN_POINT('',(0.263295069337442,-2.1336,1.74185350209113));
#6156=CARTESIAN_POINT('',(0.286646892655367,-2.1336,1.74185350209113));
#6157=CARTESIAN_POINT('',(0.309998715973292,-2.1336,1.74185350209113));
#6158=CARTESIAN_POINT('',(0.333350539291217,-2.1336,1.74185350209113));
#6159=CARTESIAN_POINT('',(0.333350539291217,-2.1844,1.74185350209113));
#6160=CARTESIAN_POINT('',(0.286646892655367,-2.1844,1.74185350209113));
#6161=CARTESIAN_POINT('',(0.309998715973292,-2.1844,1.74185350209113));
#6162=CARTESIAN_POINT('',(0.333350539291217,-2.1336,1.75078981436642));
#6163=CARTESIAN_POINT('',(0.333350539291217,-2.1336,1.75972612664172));
#6164=CARTESIAN_POINT('',(0.333350539291217,-2.1336,1.76866243891701));
#6165=CARTESIAN_POINT('',(0.333350539291217,-2.1844,1.76866243891701));
#6166=CARTESIAN_POINT('',(0.333350539291217,-2.1844,1.75078981436642));
#6167=CARTESIAN_POINT('',(0.333350539291217,-2.1844,1.75972612664172));
#6168=CARTESIAN_POINT('',(0.333350539291217,-2.1844,1.79482012801463));
#6169=CARTESIAN_POINT('',(0.333350539291217,-2.1336,1.79482012801463));
#6170=CARTESIAN_POINT('',(0.272295730408551,-2.1844,1.82562535918012));
#6171=CARTESIAN_POINT('',(0.272295730408551,-2.1336,1.82562535918012));
#6172=CARTESIAN_POINT('',(0.263295069337442,-2.1844,1.76533170309647));
#6173=CARTESIAN_POINT('',(0.263295069337442,-2.1336,1.76533170309647));
#6174=CARTESIAN_POINT('',(0.333350539291217,-2.1336,1.77922946511116));
#6175=CARTESIAN_POINT('',(0.330415254237288,-2.1336,1.78803532027295));
#6176=CARTESIAN_POINT('',(0.324153312788906,-2.1336,1.79488431873211));
#6177=CARTESIAN_POINT('',(0.3179804696626,-2.1336,1.80163586590151));
#6178=CARTESIAN_POINT('',(0.309868258859784,-2.1336,1.805255659256));
#6179=CARTESIAN_POINT('',(0.29029969183359,-2.1336,1.805255659256));
#6180=CARTESIAN_POINT('',(0.282667950693375,-2.1336,1.80271174554259));
#6181=CARTESIAN_POINT('',(0.27621032357473,-2.1336,1.79781960378604));
#6182=CARTESIAN_POINT('',(0.267537361131837,-2.1336,1.79124917769294));
#6183=CARTESIAN_POINT('',(0.263295069337442,-2.1336,1.7815776931543));
#6184=CARTESIAN_POINT('',(0.263295069337442,-2.1336,1.76905381025754));
#6185=CARTESIAN_POINT('',(0.263295069337442,-2.1336,1.75998704086874));
#6186=CARTESIAN_POINT('',(0.263295069337442,-2.1336,1.75092027147993));
#6187=CARTESIAN_POINT('',(0.333350539291217,-2.1844,1.77922946511116));
#6188=CARTESIAN_POINT('',(0.330415254237288,-2.1844,1.78803532027295));
#6189=CARTESIAN_POINT('',(0.324153312788906,-2.1844,1.79488431873211));
#6190=CARTESIAN_POINT('',(0.3179804696626,-2.1844,1.80163586590151));
#6191=CARTESIAN_POINT('',(0.309868258859784,-2.1844,1.805255659256));
#6192=CARTESIAN_POINT('',(0.29029969183359,-2.1844,1.805255659256));
#6193=CARTESIAN_POINT('',(0.282667950693375,-2.1844,1.80271174554259));
#6194=CARTESIAN_POINT('',(0.27621032357473,-2.1844,1.79781960378604));
#6195=CARTESIAN_POINT('',(0.267537361131837,-2.1844,1.79124917769294));
#6196=CARTESIAN_POINT('',(0.263295069337442,-2.1844,1.7815776931543));
#6197=CARTESIAN_POINT('',(0.263295069337442,-2.1844,1.76905381025754));
#6198=CARTESIAN_POINT('',(0.263295069337442,-2.1844,1.75998704086874));
#6199=CARTESIAN_POINT('',(0.263295069337442,-2.1844,1.75092027147993));
#6200=CARTESIAN_POINT('',(0.348809707241911,-2.1336,1.65001169418152));
#6201=CARTESIAN_POINT('',(0.348809707241911,-2.1336,1.64388020984665));
#6202=CARTESIAN_POINT('',(0.348809707241911,-2.1844,1.65001169418152));
#6203=CARTESIAN_POINT('',(0.348809707241911,-2.1844,1.64388020984665));
#6204=CARTESIAN_POINT('',(0.24490061633282,-2.1844,1.76777807001589));
#6205=CARTESIAN_POINT('',(0.24490061633282,-2.1336,1.76777807001589));
#6206=CARTESIAN_POINT('',(0.476592449922958,-2.1844,1.78940511996478));
#6207=CARTESIAN_POINT('',(0.476592449922958,-2.1336,1.78940511996478));
#6208=CARTESIAN_POINT('',(0.476592449922958,-2.1336,1.78405637831095));
#6209=CARTESIAN_POINT('',(0.476592449922958,-2.1336,1.77870763665713));
#6210=CARTESIAN_POINT('',(0.476592449922958,-2.1336,1.7733588950033));
#6211=CARTESIAN_POINT('',(0.476592449922958,-2.1844,1.7733588950033));
#6212=CARTESIAN_POINT('',(0.476592449922958,-2.1844,1.78405637831095));
#6213=CARTESIAN_POINT('',(0.476592449922958,-2.1844,1.77870763665713));
#6214=CARTESIAN_POINT('',(0.470917565485362,-2.1336,1.7733588950033));
#6215=CARTESIAN_POINT('',(0.465242681047766,-2.1336,1.7733588950033));
#6216=CARTESIAN_POINT('',(0.45956779661017,-2.1336,1.7733588950033));
#6217=CARTESIAN_POINT('',(0.45956779661017,-2.1844,1.7733588950033));
#6218=CARTESIAN_POINT('',(0.470917565485362,-2.1844,1.7733588950033));
#6219=CARTESIAN_POINT('',(0.465242681047766,-2.1844,1.7733588950033));
#6220=CARTESIAN_POINT('',(0.45956779661017,-2.1844,1.80038579009931));
#6221=CARTESIAN_POINT('',(0.45956779661017,-2.1336,1.80038579009931));
#6222=CARTESIAN_POINT('',(0.431345036113326,-2.1844,1.805255659256));
#6223=CARTESIAN_POINT('',(0.431345036113326,-2.1336,1.805255659256));
#6224=CARTESIAN_POINT('',(0.407711093990755,-2.1844,1.805255659256));
#6225=CARTESIAN_POINT('',(0.407711093990755,-2.1336,1.805255659256));
#6226=CARTESIAN_POINT('',(0.45956779661017,-2.1336,1.79449294739159));
#6227=CARTESIAN_POINT('',(0.447435285053929,-2.1336,1.805255659256));
#6228=CARTESIAN_POINT('',(0.423170261941448,-2.1336,1.805255659256));
#6229=CARTESIAN_POINT('',(0.418017205957884,-2.1336,1.805255659256));
#6230=CARTESIAN_POINT('',(0.41286414997432,-2.1336,1.805255659256));
#6231=CARTESIAN_POINT('',(0.45956779661017,-2.1844,1.79449294739159));
#6232=CARTESIAN_POINT('',(0.447435285053929,-2.1844,1.805255659256));
#6233=CARTESIAN_POINT('',(0.423170261941448,-2.1844,1.805255659256));
#6234=CARTESIAN_POINT('',(0.418017205957884,-2.1844,1.805255659256));
#6235=CARTESIAN_POINT('',(0.41286414997432,-2.1844,1.805255659256));
#6236=CARTESIAN_POINT('',(0.407711093990755,-2.1336,1.74942001467459));
#6237=CARTESIAN_POINT('',(0.407711093990755,-2.1336,1.69358437009318));
#6238=CARTESIAN_POINT('',(0.407711093990755,-2.1336,1.63774872551178));
#6239=CARTESIAN_POINT('',(0.407711093990755,-2.1844,1.63774872551178));
#6240=CARTESIAN_POINT('',(0.407711093990755,-2.1844,1.74942001467459));
#6241=CARTESIAN_POINT('',(0.407711093990755,-2.1844,1.69358437009318));
#6242=CARTESIAN_POINT('',(0.401579609655881,-2.1336,1.63774872551178));
#6243=CARTESIAN_POINT('',(0.395448125321007,-2.1336,1.63774872551178));
#6244=CARTESIAN_POINT('',(0.389316640986133,-2.1336,1.63774872551178));
#6245=CARTESIAN_POINT('',(0.389316640986133,-2.1844,1.63774872551178));
#6246=CARTESIAN_POINT('',(0.401579609655881,-2.1844,1.63774872551178));
#6247=CARTESIAN_POINT('',(0.395448125321007,-2.1844,1.63774872551178));
#6248=CARTESIAN_POINT('',(0.389316640986133,-2.1336,1.69925925453078));
#6249=CARTESIAN_POINT('',(0.389316640986133,-2.1336,1.76076978354978));
#6250=CARTESIAN_POINT('',(0.389316640986133,-2.1336,1.82228031256879));
#6251=CARTESIAN_POINT('',(0.389316640986133,-2.1844,1.82228031256879));
#6252=CARTESIAN_POINT('',(0.389316640986133,-2.1844,1.69925925453078));
#6253=CARTESIAN_POINT('',(0.389316640986133,-2.1844,1.76076978354978));
#6254=CARTESIAN_POINT('',(0.423436608442533,-2.1844,1.82228031256879));
#6255=CARTESIAN_POINT('',(0.423436608442533,-2.1336,1.82228031256879));
#6256=CARTESIAN_POINT('',(0.468247532094748,-2.1844,1.82809519353194));
#6257=CARTESIAN_POINT('',(0.468247532094748,-2.1336,1.82809519353194));
#6258=CARTESIAN_POINT('',(0.39844863893169,-2.1336,1.82228031256879));
#6259=CARTESIAN_POINT('',(0.407580636877247,-2.1336,1.82228031256879));
#6260=CARTESIAN_POINT('',(0.416712634822804,-2.1336,1.82228031256879));
#6261=CARTESIAN_POINT('',(0.438042372881356,-2.1336,1.82228031256879));
#6262=CARTESIAN_POINT('',(0.453501540832049,-2.1336,1.81875797050407));
#6263=CARTESIAN_POINT('',(0.463285824345146,-2.1336,1.81151760070438));
#6264=CARTESIAN_POINT('',(0.469924166092854,-2.1336,1.80660522781108));
#6265=CARTESIAN_POINT('',(0.474439907550077,-2.1336,1.79938508914814));
#6266=CARTESIAN_POINT('',(0.39844863893169,-2.1844,1.82228031256879));
#6267=CARTESIAN_POINT('',(0.407580636877247,-2.1844,1.82228031256879));
#6268=CARTESIAN_POINT('',(0.416712634822804,-2.1844,1.82228031256879));
#6269=CARTESIAN_POINT('',(0.438042372881356,-2.1844,1.82228031256879));
#6270=CARTESIAN_POINT('',(0.453501540832049,-2.1844,1.81875797050407));
#6271=CARTESIAN_POINT('',(0.463285824345146,-2.1844,1.81151760070438));
#6272=CARTESIAN_POINT('',(0.469924166092854,-2.1844,1.80660522781108));
#6273=CARTESIAN_POINT('',(0.474439907550077,-2.1844,1.79938508914814));
#6274=CARTESIAN_POINT('',(0.444686570016958,-2.1844,1.80107587414256));
#6275=CARTESIAN_POINT('',(0.444686570016958,-2.1336,1.80107587414256));
#6276=MECHANICAL_DESIGN_GEOMETRIC_PRESENTATION_REPRESENTATION('',(#3479,#3480,#3481,#3482,#3483,#3484,#3485,#3486,#3487,#3488,#3489,#3490,#3491,#3492,#3493,#3494,#3495,#3496,#3497,#3498,#3499,#3500,#3501,#3502,#3503,#3504,#3505,#3506,#3507,#3508,#3509,#3510,#3511,#3512,#3513,#3514,#3515,#3516,#3517,#3518,#3519,#3520,#3521,#3522,#3523,#3524,#3525,#3526,#3527,#3528,#3529,#3530,#3531,#3532,#3533,#3534,#3535,#3536,#3537,#3538,#3539,#3540,#3541,#3542,#3543,#3544,#3545,#3546,#3547,#3548,#3549,#3550,#3551,#3552,#3553,#3554,#3555,#3556,#3557,#3558,#3559,#3560,#3561,#3562,#3563,#3564,#3565,#3566,#3567,#3568,#3569,#3570,#3571,#3572,#3573,#3574,#3575,#3576,#3577,#3578,#3579,#3580,#3581,#3582,#3583,#3584,#3585,#3586,#3587,#3588,#3589,#3590,#3591,#3592,#3593,#3594,#3595,#3596,#3597,#3598,#3599,#3600,#3601,#3602,#3603,#3604,#3605,#3606,#3607,#3608,#3609,#3610,#3611,#3612,#3613,#3614,#3615,#3616,#3617,#3618,#3619,#3620,#3621,#3622,#3623,#3624,#3625,#3626,#3627,#3628,#3629,#3630,#3631,#3632,#3633,#3634,#3635,#3636,#3637,#3638,#3639,#3640,#3641,#3642,#3643,#3644,#3645,#3646,#3647,#3648,#3649,#3650,#3651,#3652,#3653,#3654,#3655,#3656,#3657,#3658,#3659,#3660,#3661,#3662,#3663,#3664,#3665,#3666,#3667,#3668,#3669,#3670,#3671,#3672,#3673,#3674,#3675,#3676,#3677,#3678,#3679,#3680,#3681,#3682,#3683,#3684,#3685,#3686,#3687,#3688,#3689,#3690,#3691,#3692,#3693,#3694,#3695,#3696,#3697,#3698,#3699,#3700,#3701,#3702,#3703,#3704,#3705,#3706,#3707,#3708,#3709,#3710,#3711,#3712,#3713,#3714,#3715,#3716,#3717,#3718,#3719,#3720,#3721,#3722,#3723,#3724),#6277);
#6277=(GEOMETRIC_REPRESENTATION_CONTEXT(3)GLOBAL_UNCERTAINTY_ASSIGNED_CONTEXT((#6278))GLOBAL_UNIT_ASSIGNED_CONTEXT((#6281,#6280,#6279))REPRESENTATION_CONTEXT('JST - XH - Thru - 2Pin','TOP_LEVEL_ASSEMBLY_PART'));
#6278=UNCERTAINTY_MEASURE_WITH_UNIT(LENGTH_MEASURE(0.005),#6281,'DISTANCE_ACCURACY_VALUE','Maximum Tolerance applied to model');
#6279=(NAMED_UNIT(*)SI_UNIT($,.STERADIAN.)SOLID_ANGLE_UNIT());
#6280=(NAMED_UNIT(*)PLANE_ANGLE_UNIT()SI_UNIT($,.RADIAN.));
#6281=(LENGTH_UNIT()NAMED_UNIT(*)SI_UNIT(.MILLI.,.METRE.));
#6282=PRODUCT_DEFINITION_SHAPE('','',#6283);
#6283=PRODUCT_DEFINITION('','',#6285,#6284);
#6284=PRODUCT_DEFINITION_CONTEXT('',#6291,'design');
#6285=PRODUCT_DEFINITION_FORMATION_WITH_SPECIFIED_SOURCE('','',#6287,.NOT_KNOWN.);
#6286=PRODUCT_RELATED_PRODUCT_CATEGORY('','',(#6287));
#6287=PRODUCT('JST - XH - Thru - 2Pin','JST - XH - Thru - 2Pin','JST - XH - Thru - 2Pin',(#6289));
#6288=PRODUCT_CATEGORY('','');
#6289=PRODUCT_CONTEXT('',#6291,'mechanical');
#6290=APPLICATION_PROTOCOL_DEFINITION('international standard','automotive_design',2010,#6291);
#6291=APPLICATION_CONTEXT('core data for automotive mechanical design processes');
ENDSEC;
END-ISO-10303-21;
